from: Q (slot 0),,,,,,rating:,,,,,,deviation:,,,,,,matches:
4.29,6.47,4.29,6.47,8.26,,,1295,1582,1478,1101,,,91,101,93,97,,,24,45,23,24
9.22,8.26,8.26,6.47,8.26,,839,1136,1186,1324,1129,,96,98,97,90,95,,28,30,23,26,29
9.94,9.70,9.22,9.22,9.70,,277,656,841,997,510,,114,102,97,95,100,,43,43,33,32,43
min,4.29,max,9.94,mean,8.12

from: W (slot 1),,,,,,rating:,,,,,,deviation:,,,,,,matches:
6.47,1.43,1.43,2.51,6.47,,1325,,2171,2044,1510,,95,,103,99,90,,23,,43,25,23
4.29,4.29,4.29,1.43,6.47,,1580,1560,1739,2107,1518,,93,94,97,100,89,,23,23,29,27,23
9.22,8.26,8.26,6.47,9.22,,1035,1128,1266,1416,974,,103,100,95,88,99,,43,24,23,26,27
min,1.43,max,9.22,mean,5.65

from: E (slot 2),,,,,,rating:,,,,,,deviation:,,,,,,matches:
6.47,2.51,1.43,1.43,6.47,,1404,1906,,2213,1527,,86,97,,99,88,,26,29,,29,23
2.51,1.43,2.51,1.43,4.29,,1793,2143,1822,2258,1671,,92,97,96,100,87,,24,28,24,38,26
6.47,6.47,6.47,4.29,8.26,,1369,1433,1356,1617,1243,,88,86,89,89,91,,23,29,23,29,25
min,1.43,max,8.26,mean,4.36

from: R (slot 3),,,,,,rating:,,,,,,deviation:,,,,,,matches:
4.29,2.51,1.43,1.43,6.47,,1542,1938,2294,,1424,,91,99,105,,90,,26,28,43,,25
4.29,2.51,4.29,4.29,6.47,,1664,1856,1726,1638,1414,,91,90,93,93,91,,26,29,27,28,27
8.26,6.47,6.47,8.26,8.26,,1036,1327,1428,1228,1066,,98,90,88,90,93,,23,27,25,25,25
min,1.43,max,8.26,mean,5.30

from: T (slot 4),,,,,,rating:,,,,,,deviation:,,,,,,matches:
8.26,4.29,4.29,8.26,2.51,,1212,1600,1670,1217,,,89,95,93,91,,,24,23,23,24,
6.47,6.47,4.29,6.47,8.26,,1337,1483,1556,1305,1106,,96,92,94,94,87,,23,25,25,23,28
9.94,9.22,8.26,9.22,9.70,,494,999,1190,913,773,,111,94,89,99,100,,45,27,26,29,43
min,4.29,max,9.94,mean,7.39

from: A (slot 5),,,,,,rating:,,,,,,deviation:,,,,,,matches:
9.70,6.47,2.51,4.29,6.47,,608,1441,1800,1568,1314,,141,94,98,89,95,,43,26,23,26,25
1.43,2.51,1.43,1.43,4.29,,,1849,2142,2106,1668,,,94,107,97,88,,,24,44,25,23
9.22,6.47,4.29,4.29,6.47,,927,1400,1547,1724,1450,,111,87,89,93,94,,44,29,26,23,24
min,1.43,max,9.70,mean,4.99

from: S (slot 6),,,,,,rating:,,,,,,deviation:,,,,,,matches:
8.26,4.29,2.51,4.29,6.47,,1116,1607,2018,1752,1390,,128,91,92,92,93,,43,23,28,26,27
2.51,1.04,1.04,1.43,4.29,,1936,,2579,2350,1759,,92,,121,107,90,,32,,43,44,24
4.29,4.29,4.29,2.51,6.47,,1615,1730,1764,2037,1466,,90,92,93,91,94,,25,23,23,29,25
min,1.04,max,8.26,mean,4.07

from: D (slot 7),,,,,,rating:,,,,,,deviation:,,,,,,matches:
8.26,2.51,2.51,2.51,4.29,,1140,1860,1874,1883,1533,,133,86,89,88,99,,45,31,25,25,24
2.51,1.43,1.04,1.04,2.51,,2020,2329,,2829,1803,,90,110,,147,91,,26,45,,45,24
4.29,2.51,2.51,1.43,4.29,,1592,1979,1833,2163,1686,,94,92,84,99,91,,27,23,26,36,26
min,1.04,max,8.26,mean,3.04

from: F (slot 8),,,,,,rating:,,,,,,deviation:,,,,,,matches:
8.26,2.51,1.43,4.29,6.47,,1144,1969,2151,1660,1292,,95,95,92,93,96,,40,23,29,27,34
1.43,1.43,1.04,1.04,4.29,,2131,2335,2798,,1701,,99,113,135,,93,,24,44,44,,24
4.29,2.51,2.51,2.51,6.47,,1584,1890,1869,1812,1416,,92,91,92,93,88,,26,26,24,25,32
min,1.04,max,8.26,mean,3.53

from: G (slot 9),,,,,,rating:,,,,,,deviation:,,,,,,matches:
9.22,6.47,4.29,6.47,8.26,,1035,1383,1686,1413,1180,,85,91,84,85,87,,51,37,26,28,26
4.29,4.29,2.51,4.29,1.43,,1665,1767,1899,1545,,,90,86,90,88,,,24,25,36,35,
6.47,6.47,6.47,6.47,6.47,,1307,1487,1471,1389,1325,,89,87,82,88,82,,25,25,34,30,27
min,2.51,max,9.22,mean,5.89

from: Z (slot 10),,,,,,rating:,,,,,,deviation:,,,,,,matches:
9.94,8.26,6.47,8.26,9.22,,277,1037,1308,1060,894,,150,94,95,97,99,,43,31,23,24,25
9.22,6.47,4.29,4.29,8.26,,1005,1468,1692,1539,1270,,97,88,90,90,91,,30,28,34,24,26
2.51,6.47,4.29,4.29,8.26,,,1455,1549,1585,1174,,,87,92,92,96,,,25,23,24,36
min,4.29,max,9.94,mean,7.00

from: X (slot 11),,,,,,rating:,,,,,,deviation:,,,,,,matches:
9.70,8.26,6.47,6.47,9.22,,682,1051,1395,1352,934,,111,98,88,89,99,,43,27,23,25,29
6.47,4.29,2.51,2.51,6.47,,1351,1568,2008,1821,1493,,87,93,101,99,88,,25,23,43,23,25
4.29,1.43,2.51,2.51,6.47,,1529,,1874,1884,1310,,91,,93,94,90,,23,,24,23,23
min,2.51,max,9.70,mean,5.58

from: C (slot 12),,,,,,rating:,,,,,,deviation:,,,,,,matches:
9.70,6.47,8.26,6.47,8.26,,663,1366,1287,1362,1093,,116,92,92,87,99,,45,23,29,24,41
4.29,2.51,4.29,2.51,4.29,,1541,1796,1707,1982,1547,,91,91,91,96,92,,24,28,23,24,28
4.29,2.51,1.43,2.51,6.47,,1544,1849,,1983,1381,,89,94,,94,89,,27,23,,25,23
min,2.51,max,9.70,mean,5.20

from: V (slot 13),,,,,,rating:,,,,,,deviation:,,,,,,matches:
9.70,6.47,4.29,8.26,9.22,,753,1478,1642,1211,960,,110,91,94,97,100,,43,26,23,27,32
2.51,2.51,1.43,4.29,6.47,,1828,1976,2152,1773,1379,,88,93,102,91,84,,30,24,43,24,33
4.29,2.51,2.51,1.43,6.47,,1612,1785,1893,,1444,,82,91,84,,90,,33,25,32,,24
min,1.43,max,9.70,mean,5.07

from: B (slot 14),,,,,,rating:,,,,,,deviation:,,,,,,matches:
9.94,8.26,8.26,9.22,9.22,,350,1127,1180,975,785,,117,92,92,98,104,,43,24,25,28,43
6.47,4.29,4.29,6.47,8.26,,1368,1559,1710,1298,1199,,89,96,97,87,87,,26,23,28,25,25
8.26,6.47,6.47,6.47,2.51,,1204,1367,1509,1415,,,91,87,89,86,,,25,27,26,24,
min,4.29,max,9.94,mean,7.31

doubles:
Q,4.29,W,1.43,E,1.43,R,1.43,T,2.51
A,1.43,S,1.04,D,1.04,F,1.04,G,1.43
Z,2.51,X,1.43,C,1.43,V,1.43,B,2.51
