keys_1,keys_2,keys_3,keys_4,keys_5,keys_6,name,fitness,row_switch_ratio,row_switch_imbalance,hand_switch_ratio,hands_imbalance,sfs_ratio,inward_ratio,outward_ratio,directional_outward_ratio,effort,efforts_imbalance,roll_imbalance,mean_streak,streak_imbalance,left_streak,right_streak,left_column_effort_ratio,right_column_effort_ratio,left_column_press_ratio,right_column_press_ratio,column_balance,left_finger_row_switch_ratio,right_finger_row_switch_ratio,finger_row_switch_balance,top_row_effort_ratio,home_row_effort_ratio,bottom_row_effort_ratio,row_balance,left_effort_ratio,right_effort_ratio,left_count_ratio,right_count_ratio,left_effort,right_effort,left_count,right_count,hand_switches,left_row_switch_cost,right_row_switch_cost,left_rolls,right_rolls,inward_count,outward_count,sfs_count,home_row_balance,left_pinky_ratio,left_ring_ratio,left_middle_ratio,left_index_inner_ratio,left_index_outer_ratio,right_pinky_ratio,right_ring_ratio,right_middle_ratio,right_index_inner_ratio,right_index_outer_ratio,left_pinky_row_switch_ratio,left_ring_row_switch_ratio,left_middle_row_switch_ratio,left_index_row_switch_ratio,right_pinky_row_switch_ratio,right_ring_row_switch_ratio,right_middle_row_switch_ratio,right_index_row_switch_ratio,pinky_balance,ring_balance,middle_balance,index_inner_balance,index_outer_balance,pinky_row_switch_balance,ring_row_switch_balance,middle_row_switch_balance,index_row_switch_balance
_vhkp,ctoed,_ymbj,zlrf_,sniau,xgwq_,ctoedsniau,62596.064718,05.37%,005.91%→,39.60%,001.14%←,06.41%,22.28%,08.78%,28.28%,58485521016.57,001.89%←,006.60%→,01.68,005.24%→,01.63,01.72,03.73% │ 09.96% │ 13.59% │ 14.47% │ 08.71%,09.33% │ 13.17% │ 13.72% │ 09.84% │ 03.47%,03.33% │ 11.58% │ 14.84% │ 14.34% │ 06.20%,06.77% │ 13.81% │ 15.81% │ 10.56% │ 02.78%,007.64%← │ 001.25%← │ 000.97%→ │ 009.88%← │ 006.65%→,00.00% │ 01.81% │ 07.57% │ 06.19%,06.19% │ 08.09% │ 02.05% │ 00.00%,000.00%· │ 003.00%→ │ 012.22%→ │ 000.07%→,26.04%,61.31%,12.65%,025.43%→ │ 007.33%← │ 050.78%←,50.47%,49.53%,50.28%,49.72%,29516488404.71,28969032611.86,8685503258,8587507193,6840144666,449966094,478241187,3364977430,3602777557,3847793182,1516932863,1106416833,007.33%←,03.73%,09.96%,13.59%,14.47%,08.71%,03.47%,09.84%,13.72%,13.17%,09.33%,00.00%,01.81%,07.57%,06.19%,00.00%,02.05%,08.09%,06.19%,007.64%←,001.25%←,000.97%→,009.88%←,006.65%→,000.00%·,003.00%→,012.22%→,000.07%→
_vhkp,ctoed,_ymbj,xlrf_,sniau,zgwq_,ctoedsniau,62582.477664,05.38%,005.97%→,39.60%,001.14%←,06.41%,22.28%,08.78%,28.28%,58482156340.41,001.90%←,006.60%→,01.68,005.24%→,01.63,01.72,03.73% │ 09.96% │ 13.59% │ 14.47% │ 08.71%,09.33% │ 13.17% │ 13.72% │ 09.83% │ 03.47%,03.33% │ 11.58% │ 14.84% │ 14.34% │ 06.20%,06.77% │ 13.81% │ 15.81% │ 10.56% │ 02.78%,007.64%← │ 001.27%← │ 000.97%→ │ 009.88%← │ 006.61%→,00.00% │ 01.81% │ 07.57% │ 06.19%,06.19% │ 08.09% │ 02.05% │ 00.00%,000.00%· │ 003.00%→ │ 012.22%→ │ 000.21%→,26.11%,61.31%,12.58%,025.78%→ │ 007.33%← │ 053.13%←,50.47%,49.53%,50.28%,49.72%,29516488404.71,28965667935.70,8685503258,8587507193,6840144666,449966094,478551579,3364977430,3602777557,3847793182,1516932863,1106416833,007.33%←,03.73%,09.96%,13.59%,14.47%,08.71%,03.47%,09.83%,13.72%,13.17%,09.33%,00.00%,01.81%,07.57%,06.19%,00.00%,02.05%,08.09%,06.19%,007.64%←,001.27%←,000.97%→,009.88%←,006.61%→,000.00%·,003.00%→,012.22%→,000.21%→
_frdv,uains,_wxyz,jqhc_,leotm,pbgk_,!!!uainsleotm,61570.565318,06.10%,001.14%←,41.09%,000.39%→,06.04%,21.70%,07.81%,26.45%,58588128630.65,001.06%→,000.62%→,01.64,000.15%→,01.63,01.64,03.36% │ 11.62% │ 11.87% │ 12.09% │ 10.79%,09.44% │ 13.45% │ 12.97% │ 11.40% │ 03.00%,02.78% │ 12.15% │ 14.31% │ 13.02% │ 07.65%,06.64% │ 13.69% │ 14.29% │ 12.87% │ 02.60%,011.95%← │ 001.94%← │ 008.52%→ │ 010.06%→ │ 014.27%←,00.00% │ 05.18% │ 06.59% │ 07.24%,07.27% │ 06.70% │ 04.65% │ 00.00%,000.00%· │ 005.27%← │ 001.59%→ │ 001.25%←,25.62%,61.23%,13.15%,062.20%← │ 008.43%→ │ 045.88%→,49.73%,50.27%,49.90%,50.10%,29138571972.28,29449556658.37,8619798993,8653211458,7097058190,530065645,524069211,3345038890,3365802573,3748980474,1348232159,1043077336,008.43%→,03.36%,11.62%,11.87%,12.09%,10.79%,03.00%,11.40%,12.97%,13.45%,09.44%,00.00%,05.18%,06.59%,07.24%,00.00%,04.65%,06.70%,07.27%,011.95%←,001.94%←,008.52%→,010.06%→,014.27%←,000.00%·,005.27%←,001.59%→,001.25%←
_widz,urans,_bymq,jvhp_,leotc,fkgx_,uransleotc,61287.065281,05.05%,009.01%→,39.80%,003.13%←,07.44%,23.00%,08.77%,27.62%,58196129337.58,002.29%←,006.73%←,01.67,002.32%←,01.69,01.65,03.58% │ 09.30% │ 14.85% │ 13.49% │ 09.34%,09.41% │ 13.71% │ 13.17% │ 09.40% │ 03.75%,02.78% │ 09.84% │ 17.56% │ 13.92% │ 06.67%,06.68% │ 13.79% │ 14.29% │ 11.13% │ 03.33%,004.60%→ │ 001.02%→ │ 012.82%← │ 001.58%→ │ 000.77%→,00.00% │ 01.86% │ 04.96% │ 06.56%,07.37% │ 06.70% │ 01.59% │ 00.00%,000.00%· │ 003.37%← │ 009.07%→ │ 010.42%→,25.02%,60.45%,14.53%,052.60%← │ 014.56%→ │ 009.64%←,50.57%,49.43%,50.77%,49.23%,29427093951.79,28769035385.79,8769748975,8503261476,6874377837,415564044,456708175,3579636920,3353884896,3972294353,1515439077,1284748125,014.56%→,03.58%,09.30%,14.85%,13.49%,09.34%,03.75%,09.40%,13.17%,13.71%,09.41%,00.00%,01.86%,04.96%,06.56%,00.00%,01.59%,06.70%,07.37%,004.60%→,001.02%→,012.82%←,001.58%→,000.77%→,000.00%·,003.37%←,009.07%→,010.42%→
_widq,urans,_bymz,jvhp_,leotc,fkgx_,uransleotc,61211.215748,05.05%,009.06%→,39.80%,003.13%←,07.44%,23.00%,08.77%,27.62%,58200902082.28,002.30%←,006.73%←,01.67,002.32%←,01.69,01.65,03.57% │ 09.30% │ 14.86% │ 13.49% │ 09.35%,09.41% │ 13.71% │ 13.17% │ 09.40% │ 03.75%,02.78% │ 09.84% │ 17.56% │ 13.92% │ 06.67%,06.68% │ 13.79% │ 14.29% │ 11.13% │ 03.33%,004.74%→ │ 001.02%→ │ 012.85%← │ 001.58%→ │ 000.67%→,00.00% │ 01.86% │ 04.96% │ 06.56%,07.37% │ 06.70% │ 01.59% │ 00.00%,000.00%· │ 003.37%← │ 009.07%→ │ 010.52%→,24.96%,60.44%,14.60%,052.05%← │ 014.59%→ │ 010.66%←,50.57%,49.43%,50.77%,49.23%,29431866696.49,28769035385.79,8769748975,8503261476,6874377837,415315206,456708175,3579636920,3353884896,3972294353,1515439077,1284748125,014.59%→,03.57%,09.30%,14.86%,13.49%,09.35%,03.75%,09.40%,13.17%,13.71%,09.41%,00.00%,01.86%,04.96%,06.56%,00.00%,01.59%,06.70%,07.37%,004.74%→,001.02%→,012.85%←,001.58%→,000.67%→,000.00%·,003.37%←,009.07%→,010.52%→
_cspv,lnrtd,_xgmy,qufb_,iaeoh,zkwj_,lnrtdiaeoh,60907.318147,03.64%,000.05%←,52.84%,001.83%←,07.35%,15.33%,05.66%,26.95%,55656807536.21,001.13%←,016.53%→,01.37,007.11%→,01.32,01.42,05.27% │ 09.81% │ 12.45% │ 12.66% │ 10.09%,10.79% │ 11.79% │ 12.28% │ 09.26% │ 05.60%,04.27% │ 11.01% │ 15.03% │ 13.55% │ 06.60%,07.82% │ 11.80% │ 15.85% │ 09.41% │ 04.68%,006.00%→ │ 005.96%← │ 001.40%← │ 007.42%← │ 006.50%→,00.00% │ 02.99% │ 04.55% │ 04.00%,04.20% │ 04.08% │ 03.69% │ 00.00%,000.00%· │ 005.22%→ │ 005.59%← │ 002.08%→,23.83%,63.29%,12.88%,077.28%← │ 031.03%→ │ 150.98%←,50.28%,49.72%,50.45%,49.55%,27984437549.75,27672369986.46,8714632630,8558377821,9126893391,314176268,314032588,2129602279,2551403983,2647493792,976918431,1270338848,031.03%→,05.27%,09.81%,12.45%,12.66%,10.09%,05.60%,09.26%,12.28%,11.79%,10.79%,00.00%,02.99%,04.55%,04.00%,00.00%,03.69%,04.08%,04.20%,006.00%→,005.96%←,001.40%←,007.42%←,006.50%→,000.00%·,005.22%→,005.59%←,002.08%→
_csmy,lnrtd,_xgpv,quwb_,iaeoh,zkfj_,lnrtdiaeoh,60875.258542,03.64%,000.05%←,52.84%,001.83%←,07.35%,15.33%,05.66%,26.95%,55695842864.06,000.81%←,016.53%→,01.37,007.11%→,01.32,01.42,05.21% │ 09.79% │ 12.26% │ 12.76% │ 10.17%,10.78% │ 11.76% │ 12.43% │ 09.32% │ 05.50%,04.27% │ 11.01% │ 15.03% │ 13.55% │ 06.60%,07.82% │ 11.80% │ 15.85% │ 09.41% │ 04.68%,005.21%→ │ 005.03%← │ 001.38%→ │ 008.46%← │ 005.60%→,00.00% │ 02.99% │ 04.55% │ 04.00%,04.20% │ 04.08% │ 03.69% │ 00.00%,000.00%· │ 005.22%→ │ 005.59%← │ 002.08%→,24.89%,62.92%,12.18%,115.60%← │ 031.31%→ │ 064.27%←,50.20%,49.80%,50.45%,49.55%,27960233645.77,27735609218.29,8714632630,8558377821,9126893391,314176268,314032588,2129602279,2551403983,2647493792,976918431,1270338848,031.31%→,05.21%,09.79%,12.26%,12.76%,10.17%,05.50%,09.32%,12.43%,11.76%,10.78%,00.00%,02.99%,04.55%,04.00%,00.00%,03.69%,04.08%,04.20%,005.21%→,005.03%←,001.38%→,008.46%←,005.60%→,000.00%·,005.22%→,005.59%←,002.08%→
_wilz,urans,_bkgq,jvhp_,deotc,fymx_,uransdeotc,60633.404382,05.26%,009.87%→,38.61%,001.17%→,06.96%,23.38%,08.94%,27.66%,58403971225.95,002.07%→,008.48%←,01.70,006.78%←,01.76,01.65,03.56% │ 09.28% │ 13.75% │ 13.58% │ 09.31%,08.67% │ 14.82% │ 13.85% │ 09.44% │ 03.74%,02.78% │ 09.84% │ 16.60% │ 13.81% │ 06.67%,06.24% │ 14.75% │ 14.84% │ 11.13% │ 03.33%,004.80%→ │ 001.74%→ │ 000.69%→ │ 008.38%→ │ 007.33%←,00.00% │ 01.86% │ 06.18% │ 06.26%,06.97% │ 07.57% │ 01.59% │ 00.00%,000.00%· │ 003.37%← │ 008.64%→ │ 012.41%→,25.27%,59.82%,14.90%,057.70%← │ 012.22%→ │ 031.76%→,49.48%,50.52%,49.70%,50.30%,28896445639.94,29507525586.01,8585513756,8687496695,6669374178,430313403,477411409,3714408518,3424116957,4038551584,1544378368,1203038341,012.22%→,03.56%,09.28%,13.75%,13.58%,09.31%,03.74%,09.44%,13.85%,14.82%,08.67%,00.00%,01.86%,06.18%,06.26%,00.00%,01.59%,07.57%,06.97%,004.80%→,001.74%→,000.69%→,008.38%→,007.33%←,000.00%·,003.37%←,008.64%→,012.41%→
_wilz,urans,_bkgq,jyhp_,deotc,fvmx_,uransdeotc,60619.381943,05.27%,010.30%→,38.61%,001.17%→,06.96%,23.38%,08.94%,27.66%,58378005856.94,001.98%→,008.48%←,01.70,006.78%←,01.76,01.65,03.57% │ 09.28% │ 13.76% │ 13.59% │ 09.31%,08.67% │ 14.75% │ 13.89% │ 09.44% │ 03.75%,02.78% │ 09.84% │ 16.60% │ 13.81% │ 06.67%,06.24% │ 14.75% │ 14.84% │ 11.13% │ 03.33%,004.85%→ │ 001.68%→ │ 000.95%→ │ 007.90%→ │ 007.33%←,00.00% │ 01.86% │ 06.18% │ 06.26%,07.04% │ 07.57% │ 01.59% │ 00.00%,000.00%· │ 003.37%← │ 008.64%→ │ 013.20%→,26.05%,59.80%,14.15%,046.35%← │ 012.10%→ │ 025.34%→,49.50%,50.50%,49.70%,50.30%,28896445639.94,29481560217.00,8585513756,8687496695,6669374178,430313403,479719021,3714408518,3424116957,4038551584,1544378368,1203038341,012.10%→,03.57%,09.28%,13.76%,13.59%,09.31%,03.75%,09.44%,13.89%,14.75%,08.67%,00.00%,01.86%,06.18%,06.26%,00.00%,01.59%,07.57%,07.04%,004.85%→,001.68%→,000.95%→,007.90%→,007.33%←,000.00%·,003.37%←,008.64%→,013.20%→
_wamz,urins,_bvdq,ykhp_,leotc,jgfx_,urinsleotc,60177.512315,06.22%,000.74%→,39.95%,000.58%←,07.12%,21.89%,08.64%,28.28%,58314157291.59,001.31%←,006.51%←,01.67,003.89%←,01.70,01.64,03.58% │ 09.58% │ 14.82% │ 13.07% │ 09.27%,08.92% │ 14.13% │ 13.50% │ 09.38% │ 03.75%,02.78% │ 09.84% │ 16.93% │ 13.92% │ 06.67%,06.20% │ 14.77% │ 14.43% │ 11.13% │ 03.33%,004.52%→ │ 002.11%← │ 009.82%← │ 007.50%→ │ 003.96%←,00.00% │ 01.86% │ 09.23% │ 06.56%,06.62% │ 10.78% │ 01.59% │ 00.00%,000.00%· │ 003.37%← │ 000.50%← │ 002.66%→,25.71%,59.95%,14.34%,014.55%← │ 012.92%→ │ 053.89%←,50.32%,49.68%,50.14%,49.86%,29346166539.47,28967990752.12,8661501894,8611508557,6899935613,534892821,538902329,3562850105,3345113935,3781746281,1491538822,1229478984,012.92%→,03.58%,09.58%,14.82%,13.07%,09.27%,03.75%,09.38%,13.50%,14.13%,08.92%,00.00%,01.86%,09.23%,06.56%,00.00%,01.59%,10.78%,06.62%,004.52%→,002.11%←,009.82%←,007.50%→,003.96%←,000.00%·,003.37%←,000.50%←,002.66%→
_wamz,urins,_bvdq,yghp_,leotc,jkfx_,urinsleotc,60172.259273,06.20%,000.08%→,39.95%,000.58%←,07.12%,21.89%,08.64%,28.28%,58283290964.53,001.41%←,006.51%←,01.67,003.89%←,01.70,01.64,03.58% │ 09.58% │ 14.83% │ 13.08% │ 09.28%,08.92% │ 14.16% │ 13.44% │ 09.39% │ 03.75%,02.78% │ 09.84% │ 16.93% │ 13.92% │ 06.67%,06.20% │ 14.77% │ 14.43% │ 11.13% │ 03.33%,004.52%→ │ 002.09%← │ 010.38%← │ 007.63%→ │ 004.04%←,00.00% │ 01.86% │ 09.23% │ 06.56%,06.52% │ 10.78% │ 01.59% │ 00.00%,000.00%· │ 003.37%← │ 000.50%← │ 001.18%→,27.01%,60.04%,12.95%,003.44%← │ 013.08%→ │ 104.64%←,50.35%,49.65%,50.14%,49.86%,29346166539.47,28937124425.06,8661501894,8611508557,6899935613,534892821,535308819,3562850105,3345113935,3781746281,1491538822,1229478984,013.08%→,03.58%,09.58%,14.83%,13.08%,09.28%,03.75%,09.39%,13.44%,14.16%,08.92%,00.00%,01.86%,09.23%,06.56%,00.00%,01.59%,10.78%,06.52%,004.52%→,002.09%←,010.38%←,007.63%→,004.04%←,000.00%·,003.37%←,000.50%←,001.18%→
_msvy,lintd,_qbcg,jfup_,raeoh,xkwz_,lintdraeoh,59670.651273,03.57%,000.56%→,42.03%,003.63%←,06.78%,21.69%,09.13%,29.63%,58168987890.00,000.50%←,005.40%→,01.61,005.42%→,01.57,01.66,05.08% │ 10.45% │ 11.61% │ 11.57% │ 11.42%,10.36% │ 10.90% │ 13.52% │ 09.68% │ 05.41%,04.27% │ 10.29% │ 15.56% │ 13.20% │ 07.58%,06.95% │ 11.20% │ 16.44% │ 09.84% │ 04.68%,006.19%→ │ 007.91%← │ 014.10%→ │ 006.10%← │ 010.22%←,00.00% │ 04.95% │ 03.19% │ 03.72%,04.15% │ 03.17% │ 05.22% │ 00.00%,000.00%· │ 000.78%→ │ 004.85%→ │ 002.55%←,22.91%,64.39%,12.70%,057.35%← │ 028.08%→ │ 160.80%←,50.12%,49.88%,50.89%,49.11%,29156781937.26,29012205952.74,8790516085,8482494366,7259951379,307071450,308816025,3183084696,3364863578,3746859686,1577862286,1170441661,028.08%→,05.08%,10.45%,11.61%,11.57%,11.42%,05.41%,09.68%,13.52%,10.90%,10.36%,00.00%,04.95%,03.19%,03.72%,00.00%,05.22%,03.17%,04.15%,006.19%→,007.91%←,014.10%→,006.10%←,010.22%←,000.00%·,000.78%→,004.85%→,002.55%←
_msvy,lintd,_qbcg,xfup_,raeoh,jkwz_,lintdraeoh,59608.271112,03.56%,000.36%→,42.03%,003.63%←,06.78%,21.69%,09.13%,29.63%,58183564215.65,000.45%←,005.40%→,01.61,005.42%→,01.57,01.66,05.07% │ 10.45% │ 11.61% │ 11.57% │ 11.41%,10.37% │ 10.90% │ 13.55% │ 09.66% │ 05.41%,04.27% │ 10.29% │ 15.56% │ 13.20% │ 07.58%,06.95% │ 11.20% │ 16.44% │ 09.84% │ 04.68%,006.19%→ │ 008.19%← │ 014.29%→ │ 006.09%← │ 010.01%←,00.00% │ 04.95% │ 03.19% │ 03.72%,04.13% │ 03.17% │ 05.22% │ 00.00%,000.00%· │ 000.78%→ │ 004.85%→ │ 003.06%←,22.91%,64.37%,12.72%,057.22%← │ 028.06%→ │ 158.97%←,50.11%,49.89%,50.89%,49.11%,29156781937.26,29026782278.39,8790516085,8482494366,7259951379,307071450,308167915,3183084696,3364863578,3746859686,1577862286,1170441661,028.06%→,05.07%,10.45%,11.61%,11.57%,11.41%,05.41%,09.66%,13.55%,10.90%,10.37%,00.00%,04.95%,03.19%,03.72%,00.00%,05.22%,03.17%,04.13%,006.19%→,008.19%←,014.29%→,006.09%←,010.01%←,000.00%·,000.78%→,004.85%→,003.06%←
_mngv,listd,_zbcy,qfup_,raeoh,xkwj_,listdraeoh,59522.972233,03.53%,003.33%→,41.96%,003.75%←,06.76%,21.79%,09.04%,29.33%,58374330444.35,001.64%←,005.05%→,01.61,005.29%→,01.57,01.66,05.04% │ 10.51% │ 12.47% │ 12.51% │ 09.87%,10.13% │ 10.82% │ 13.50% │ 09.75% │ 05.39%,04.27% │ 10.32% │ 15.56% │ 14.17% │ 06.60%,06.82% │ 11.20% │ 16.44% │ 09.94% │ 04.68%,006.46%→ │ 007.81%← │ 007.63%→ │ 015.56%← │ 002.51%→,00.00% │ 05.46% │ 02.99% │ 03.39%,03.88% │ 03.17% │ 05.77% │ 00.00%,000.00%· │ 001.69%→ │ 010.79%→ │ 000.89%←,23.22%,64.17%,12.61%,064.88%← │ 027.51%→ │ 147.98%←,50.41%,49.59%,50.92%,49.08%,29424526051.03,28949804393.32,8795595397,8477415054,7248459616,299383083,309693365,3194747907,3364692130,3763995492,1561983140,1167949964,027.51%→,05.04%,10.51%,12.47%,12.51%,09.87%,05.39%,09.75%,13.50%,10.82%,10.13%,00.00%,05.46%,02.99%,03.39%,00.00%,05.77%,03.17%,03.88%,006.46%→,007.81%←,007.63%→,015.56%←,002.51%→,000.00%·,001.69%→,010.79%→,000.89%←
_mngy,listd,_qbcv,jfup_,raeoh,xkwz_,listdraeoh,59515.455165,03.51%,003.88%→,42.03%,003.63%←,06.78%,21.69%,09.13%,29.63%,58423505161.61,001.38%←,005.40%→,01.61,005.42%→,01.57,01.66,05.03% │ 10.40% │ 12.46% │ 12.50% │ 09.94%,10.31% │ 10.86% │ 13.46% │ 09.64% │ 05.39%,04.27% │ 10.29% │ 15.56% │ 14.17% │ 06.60%,06.95% │ 11.20% │ 16.44% │ 09.84% │ 04.68%,006.54%→ │ 007.88%← │ 007.42%→ │ 015.14%← │ 003.58%→,00.00% │ 04.95% │ 02.99% │ 03.58%,04.15% │ 03.17% │ 05.22% │ 00.00%,000.00%· │ 000.78%→ │ 010.79%→ │ 001.21%→,24.59%,64.20%,11.21%,077.39%← │ 027.83%→ │ 119.93%←,50.34%,49.66%,50.89%,49.11%,29411299208.87,29012205952.74,8790516085,8482494366,7259951379,296838036,308816025,3183084696,3364863578,3746859686,1577862286,1170441661,027.83%→,05.03%,10.40%,12.46%,12.50%,09.94%,05.39%,09.64%,13.46%,10.86%,10.31%,00.00%,04.95%,02.99%,03.58%,00.00%,05.22%,03.17%,04.15%,006.54%→,007.88%←,007.42%→,015.14%←,003.58%→,000.00%·,000.78%→,010.79%→,001.21%→
_wscp,lintd,_zmyk,qugb_,raeoh,xvfj_,lintdraeoh,59383.028087,04.29%,006.03%→,42.37%,003.07%←,06.68%,20.67%,09.21%,30.83%,58237763834.32,000.17%→,009.06%→,01.60,007.27%→,01.54,01.67,05.12% │ 09.45% │ 12.85% │ 12.80% │ 09.74%,10.13% │ 12.01% │ 13.81% │ 08.86% │ 05.24%,04.27% │ 09.41% │ 16.54% │ 13.83% │ 06.72%,06.82% │ 12.13% │ 16.21% │ 09.41% │ 04.68%,002.16%→ │ 006.69%← │ 006.96%→ │ 006.60%← │ 003.91%→,00.00% │ 03.86% │ 03.99% │ 05.14%,06.03% │ 04.46% │ 03.69% │ 00.00%,000.00%· │ 004.47%← │ 008.78%→ │ 007.49%→,23.87%,64.59%,11.54%,101.15%← │ 026.98%→ │ 041.09%←,49.96%,50.04%,50.76%,49.24%,29093730134.93,29144033699.39,8767266349,8505744102,7319154856,359178934,382237054,3090377850,3398366947,3570175503,1591205610,1153218882,026.98%→,05.12%,09.45%,12.85%,12.80%,09.74%,05.24%,08.86%,13.81%,12.01%,10.13%,00.00%,03.86%,03.99%,05.14%,00.00%,03.69%,04.46%,06.03%,002.16%→,006.69%←,006.96%→,006.60%←,003.91%→,000.00%·,004.47%←,008.78%→,007.49%→
_yhbx,ctoel,_jpvf,zdim_,snaru,qgkw_,ctoelsnaru,59341.325652,06.62%,002.46%→,38.37%,000.98%→,07.00%,22.66%,08.96%,28.34%,58826815903.04,000.02%→,005.70%→,01.71,003.42%→,01.68,01.74,03.72% │ 09.12% │ 13.27% │ 14.46% │ 09.42%,09.24% │ 13.11% │ 13.74% │ 10.46% │ 03.45%,03.33% │ 10.73% │ 14.39% │ 14.67% │ 06.64%,06.67% │ 13.36% │ 16.60% │ 10.82% │ 02.78%,007.67%← │ 012.78%→ │ 003.43%→ │ 010.29%← │ 002.01%←,00.00% │ 01.79% │ 07.26% │ 09.54%,10.67% │ 06.18% │ 01.72% │ 00.00%,000.00%· │ 002.59%← │ 001.73%← │ 004.91%→,26.47%,60.11%,13.42%,039.52%→ │ 018.15%← │ 025.33%←,50.00%,50.00%,49.76%,50.24%,29411077693.73,29415738209.31,8594195943,8678814508,6627741966,564528760,578779031,3484734165,3695423522,3914910512,1548461582,1209416297,018.15%←,03.72%,09.12%,13.27%,14.46%,09.42%,03.45%,10.46%,13.74%,13.11%,09.24%,00.00%,01.79%,07.26%,09.54%,00.00%,01.72%,06.18%,10.67%,007.67%←,012.78%→,003.43%→,010.29%←,002.01%←,000.00%·,002.59%←,001.73%←,004.91%→
_yhbx,ctoel,_jpvf,qdim_,snaru,zgkw_,ctoelsnaru,59322.902428,06.62%,002.40%→,38.37%,000.98%→,07.00%,22.66%,08.96%,28.34%,58832105921.76,000.03%→,005.70%→,01.71,003.42%→,01.68,01.74,03.72% │ 09.12% │ 13.27% │ 14.46% │ 09.42%,09.24% │ 13.11% │ 13.74% │ 10.46% │ 03.45%,03.33% │ 10.73% │ 14.39% │ 14.67% │ 06.64%,06.67% │ 13.36% │ 16.60% │ 10.82% │ 02.78%,007.83%← │ 012.78%→ │ 003.46%→ │ 010.29%← │ 001.91%←,00.00% │ 01.79% │ 07.26% │ 09.54%,10.66% │ 06.18% │ 01.72% │ 00.00%,000.00%· │ 002.59%← │ 001.73%← │ 004.82%→,26.41%,60.10%,13.49%,039.32%→ │ 018.19%← │ 023.86%←,49.99%,50.01%,49.76%,50.24%,29411077693.73,29421028228.03,8594195943,8678814508,6627741966,564528760,578408037,3484734165,3695423522,3914910512,1548461582,1209416297,018.19%←,03.72%,09.12%,13.27%,14.46%,09.42%,03.45%,10.46%,13.74%,13.11%,09.24%,00.00%,01.79%,07.26%,09.54%,00.00%,01.72%,06.18%,10.66%,007.83%←,012.78%→,003.46%→,010.29%←,001.91%←,000.00%·,002.59%←,001.73%←,004.82%→
_wmsd,lintc,_xpgz,kyvb_,reaoh,qufj_,lintcreaoh,59280.478418,04.68%,004.99%→,42.46%,002.22%←,06.47%,19.70%,07.83%,28.44%,59759994369.07,000.03%→,007.94%→,01.60,006.08%→,01.55,01.65,04.98% │ 09.34% │ 08.10% │ 17.02% │ 10.54%,10.79% │ 17.09% │ 08.33% │ 08.74% │ 05.05%,04.27% │ 09.47% │ 12.24% │ 17.29% │ 07.28%,07.37% │ 16.45% │ 11.53% │ 09.41% │ 04.68%,001.29%→ │ 006.90%← │ 002.76%→ │ 000.40%→ │ 002.38%→,00.00% │ 03.61% │ 03.40% │ 06.19%,06.63% │ 04.09% │ 03.69% │ 00.00%,000.00%· │ 001.61%→ │ 011.92%→ │ 003.66%→,24.68%,63.40%,11.92%,178.24%← │ 027.78%→ │ 021.24%→,49.99%,50.01%,50.55%,49.45%,29874957594.24,29885036774.83,8731375388,8541635063,7334424012,393849602,414523617,3102974885,3370500756,3402917500,1352693177,1117285238,027.78%→,04.98%,09.34%,08.10%,17.02%,10.54%,05.05%,08.74%,08.33%,17.09%,10.79%,00.00%,03.61%,03.40%,06.19%,00.00%,03.69%,04.09%,06.63%,001.29%→,006.90%←,002.76%→,000.40%→,002.38%→,000.00%·,001.61%→,011.92%→,003.66%→
_wscp,lintd,_xmyk,qugb_,raeoh,zvfj_,lintdraeoh,59264.569973,04.29%,007.58%→,42.42%,003.33%←,06.67%,20.62%,09.23%,30.92%,58277665147.77,000.22%←,008.52%→,01.60,007.06%→,01.54,01.66,05.12% │ 09.51% │ 12.84% │ 12.82% │ 09.77%,10.01% │ 12.01% │ 13.83% │ 08.86% │ 05.23%,04.27% │ 09.47% │ 16.54% │ 13.83% │ 06.72%,06.76% │ 12.13% │ 16.21% │ 09.41% │ 04.68%,002.17%→ │ 007.32%← │ 007.20%→ │ 006.78%← │ 002.44%→,00.00% │ 03.61% │ 03.99% │ 05.14%,06.12% │ 04.46% │ 03.69% │ 00.00%,000.00%· │ 001.61%→ │ 008.78%→ │ 008.63%→,23.90%,64.63%,11.47%,101.75%← │ 027.01%→ │ 045.90%←,50.05%,49.95%,50.82%,49.18%,29170548147.21,29107117000.56,8778116453,8494893998,7326666713,355526968,384700280,3096403824,3384829116,3561036645,1593817068,1152316151,027.01%→,05.12%,09.51%,12.84%,12.82%,09.77%,05.23%,08.86%,13.83%,12.01%,10.01%,00.00%,03.61%,03.99%,05.14%,00.00%,03.69%,04.46%,06.12%,002.17%→,007.32%←,007.20%→,006.78%←,002.44%→,000.00%·,001.61%→,008.78%→,008.63%→
_wmsd,lintc,_xpgq,zyvb_,reaoh,kufj_,lintcreaoh,59222.843815,04.68%,004.14%→,42.52%,002.10%←,06.48%,19.68%,07.85%,28.52%,59738744049.51,000.26%→,008.29%→,01.60,006.22%→,01.55,01.65,04.98% │ 09.33% │ 08.10% │ 17.03% │ 10.49%,10.80% │ 17.09% │ 08.36% │ 08.75% │ 05.05%,04.27% │ 09.47% │ 12.24% │ 17.29% │ 07.25%,07.40% │ 16.45% │ 11.53% │ 09.41% │ 04.68%,001.37%→ │ 006.59%← │ 003.12%→ │ 000.38%→ │ 002.90%→,00.00% │ 03.61% │ 03.40% │ 06.24%,06.58% │ 04.09% │ 03.69% │ 00.00%,000.00%· │ 001.61%→ │ 011.92%→ │ 002.36%→,23.67%,63.51%,12.82%,229.51%← │ 028.04%→ │ 031.77%→,49.93%,50.07%,50.52%,49.48%,29830011697.92,29908732351.59,8726296076,8546714375,7344574293,395625691,412724335,3091982415,3371342945,3398816686,1355929017,1119176676,028.04%→,04.98%,09.33%,08.10%,17.03%,10.49%,05.05%,08.75%,08.36%,17.09%,10.80%,00.00%,03.61%,03.40%,06.24%,00.00%,03.69%,04.09%,06.58%,001.37%→,006.59%←,003.12%→,000.38%→,002.90%→,000.00%·,001.61%→,011.92%→,002.36%→
_bhkg,ptoel,_mwvj,qcru_,sniaf,zdyx_,ptoelsniaf,59067.820059,06.53%,000.65%→,40.70%,002.22%→,06.41%,21.43%,08.29%,27.89%,57932888641.42,000.61%→,006.81%→,01.65,003.05%→,01.62,01.67,02.60% │ 11.55% │ 12.38% │ 14.20% │ 09.12%,09.33% │ 14.13% │ 13.42% │ 10.78% │ 02.49%,02.15% │ 13.02% │ 13.93% │ 13.79% │ 06.55%,06.67% │ 14.64% │ 15.82% │ 11.24% │ 02.19%,004.16%← │ 007.15%← │ 007.77%→ │ 000.45%← │ 002.16%→,00.00% │ 01.95% │ 09.73% │ 08.08%,07.72% │ 08.57% │ 02.43% │ 00.00%,000.00%· │ 007.09%→ │ 000.04%→ │ 000.09%→,26.25%,59.17%,14.58%,020.97%→ │ 012.21%← │ 008.36%→,49.85%,50.15%,49.44%,50.56%,28877828683.38,29055059958.04,8539385906,8733624545,7030464165,561922364,565626930,3269208069,3508227419,3700841900,1431084282,1107734788,012.21%←,02.60%,11.55%,12.38%,14.20%,09.12%,02.49%,10.78%,13.42%,14.13%,09.33%,00.00%,01.95%,09.73%,08.08%,00.00%,02.43%,08.57%,07.72%,004.16%←,007.15%←,007.77%→,000.45%←,002.16%→,000.00%·,007.09%→,000.04%→,000.09%→
_mhkj,ptoel,_bwvg,qdru_,sniaf,zcyx_,ptoelsniaf,59027.974046,06.53%,000.58%→,40.70%,002.22%→,06.41%,21.43%,08.29%,27.89%,57883341625.94,000.65%→,006.81%→,01.65,003.05%→,01.62,01.67,02.56% │ 11.52% │ 12.49% │ 14.17% │ 09.10%,09.33% │ 14.07% │ 13.53% │ 10.74% │ 02.50%,02.15% │ 13.02% │ 13.93% │ 13.79% │ 06.55%,06.67% │ 14.64% │ 15.82% │ 11.24% │ 02.19%,002.59%← │ 007.27%← │ 007.70%→ │ 000.73%← │ 002.47%→,00.00% │ 01.95% │ 09.73% │ 08.10%,07.73% │ 08.57% │ 02.43% │ 00.00%,000.00%· │ 007.09%→ │ 000.04%→ │ 000.06%←,25.52%,59.16%,15.32%,034.43%→ │ 011.91%← │ 024.27%←,49.84%,50.16%,49.44%,50.56%,28848030809.77,29035310816.17,8539385906,8733624545,7030464165,562659392,565933898,3269208069,3508227419,3700841900,1431084282,1107734788,011.91%←,02.56%,11.52%,12.49%,14.17%,09.10%,02.50%,10.74%,13.53%,14.07%,09.33%,00.00%,01.95%,09.73%,08.10%,00.00%,02.43%,08.57%,07.73%,002.59%←,007.27%←,007.70%→,000.73%←,002.47%→,000.00%·,007.09%→,000.04%→,000.06%←
_fldx,manrs,_wcgv,zyhu_,oeitp,qkbj_,manrsoeitp,58706.673871,04.22%,003.73%→,45.36%,000.18%→,08.44%,20.24%,07.87%,27.99%,56779129931.77,002.44%←,008.15%→,01.53,004.30%→,01.50,01.56,03.08% │ 12.69% │ 11.80% │ 12.36% │ 10.67%,10.74% │ 13.15% │ 11.22% │ 11.61% │ 02.67%,02.60% │ 12.15% │ 15.08% │ 12.40% │ 07.72%,07.79% │ 14.42% │ 13.89% │ 11.80% │ 02.15%,015.60%← │ 009.28%← │ 005.18%← │ 006.07%→ │ 000.66%→,00.00% │ 05.18% │ 04.28% │ 03.94%,03.67% │ 05.14% │ 05.25% │ 00.00%,000.00%· │ 001.69%← │ 009.70%→ │ 002.62%→,24.36%,61.85%,13.80%,001.91%← │ 017.65%→ │ 203.59%←,50.60%,49.40%,49.95%,50.05%,28731831789.93,28047298141.84,8628676447,8644334004,7834741478,357163265,371001678,2859635554,3113522621,3496689183,1358868438,1457567420,017.65%→,03.08%,12.69%,11.80%,12.36%,10.67%,02.67%,11.61%,11.22%,13.15%,10.74%,00.00%,05.18%,04.28%,03.94%,00.00%,05.25%,05.14%,03.67%,015.60%←,009.28%←,005.18%←,006.07%→,000.66%→,000.00%·,001.69%←,009.70%→,002.62%→
_fldx,manrs,_wcgv,qyhu_,oeitp,zkbj_,manrsoeitp,58634.029577,04.22%,004.02%→,45.36%,000.18%→,08.44%,20.24%,07.87%,27.99%,56752797307.76,002.54%←,008.15%→,01.53,004.30%→,01.50,01.56,03.09% │ 12.70% │ 11.81% │ 12.36% │ 10.67%,10.74% │ 13.16% │ 11.23% │ 11.57% │ 02.67%,02.60% │ 12.15% │ 15.08% │ 12.40% │ 07.72%,07.79% │ 14.42% │ 13.89% │ 11.80% │ 02.15%,015.60%← │ 009.72%← │ 005.18%← │ 006.09%→ │ 000.64%→,00.00% │ 05.18% │ 04.28% │ 03.94%,03.70% │ 05.14% │ 05.25% │ 00.00%,000.00%· │ 001.69%← │ 009.70%→ │ 003.38%→,24.27%,61.87%,13.85%,002.74%← │ 017.65%→ │ 199.18%←,50.63%,49.37%,49.95%,50.05%,28731831789.93,28020965517.83,8628676447,8644334004,7834741478,357163265,372109546,2859635554,3113522621,3496689183,1358868438,1457567420,017.65%→,03.09%,12.70%,11.81%,12.36%,10.67%,02.67%,11.57%,11.23%,13.16%,10.74%,00.00%,05.18%,04.28%,03.94%,00.00%,05.25%,05.14%,03.70%,015.60%←,009.72%←,005.18%←,006.09%→,000.64%→,000.00%·,001.69%←,009.70%→,003.38%→
_klfy,tohem,_vwuq,zrcp_,dsnia,jgbx_,tohemdsnia,58443.906186,03.59%,002.61%→,39.73%,000.64%←,06.39%,23.94%,09.89%,29.23%,60619665409.09,000.47%←,000.50%→,01.67,000.76%→,01.67,01.68,09.60% │ 08.86% │ 09.82% │ 15.57% │ 06.27%,05.59% │ 15.33% │ 09.82% │ 09.24% │ 09.90%,08.79% │ 09.38% │ 10.64% │ 16.93% │ 04.41%,04.18% │ 15.03% │ 12.44% │ 09.93% │ 08.27%,003.01%→ │ 004.09%→ │ 000.02%← │ 001.52%← │ 012.04%←,00.00% │ 03.32% │ 02.89% │ 05.40%,06.12% │ 02.67% │ 03.14% │ 00.00%,000.00%· │ 000.01%→ │ 007.42%→ │ 001.94%→,24.52%,63.81%,11.66%,026.52%→ │ 006.00%← │ 044.52%←,50.12%,49.88%,50.16%,49.84%,30380423295.27,30239242113.82,8663916170,8609094281,6863265688,306129967,314335304,3463689271,3480944694,4135533867,1708018532,1102970610,006.00%←,09.60%,08.86%,09.82%,15.57%,06.27%,09.90%,09.24%,09.82%,15.33%,05.59%,00.00%,03.32%,02.89%,05.40%,00.00%,03.14%,02.67%,06.12%,003.01%→,004.09%→,000.02%←,001.52%←,012.04%←,000.00%·,000.01%→,007.42%→,001.94%→
_klfy,tohem,_vwuq,jrcp_,dsnia,zgbx_,tohemdsnia,58426.084702,03.59%,002.61%→,39.73%,000.64%←,06.39%,23.94%,09.89%,29.23%,60618078184.65,000.47%←,000.50%→,01.67,000.76%→,01.67,01.68,09.60% │ 08.86% │ 09.82% │ 15.57% │ 06.27%,05.59% │ 15.33% │ 09.82% │ 09.24% │ 09.90%,08.79% │ 09.38% │ 10.64% │ 16.93% │ 04.41%,04.18% │ 15.03% │ 12.44% │ 09.93% │ 08.27%,003.00%→ │ 004.08%→ │ 000.03%← │ 001.53%← │ 012.04%←,00.00% │ 03.32% │ 02.89% │ 05.40%,06.12% │ 02.67% │ 03.14% │ 00.00%,000.00%· │ 000.01%→ │ 007.42%→ │ 001.94%→,24.65%,63.81%,11.54%,027.16%→ │ 006.01%← │ 048.42%←,50.12%,49.88%,50.16%,49.84%,30380423295.27,30237654889.38,8663916170,8609094281,6863265688,306129967,314327494,3463689271,3480944694,4135533867,1708018532,1102970610,006.01%←,09.60%,08.86%,09.82%,15.57%,06.27%,09.90%,09.24%,09.82%,15.33%,05.59%,00.00%,03.32%,02.89%,05.40%,00.00%,03.14%,02.67%,06.12%,003.00%→,004.08%→,000.03%←,001.53%←,012.04%←,000.00%·,000.01%→,007.42%→,001.94%→
_wrpg,lintd,_zcmx,jfub_,saeoh,qyvk_,lintdsaeoh,58395.420702,03.94%,002.58%→,46.29%,002.56%←,06.76%,18.19%,08.96%,33.01%,56643367180.07,002.39%←,004.17%←,01.51,000.80%←,01.51,01.50,05.27% │ 09.74% │ 14.16% │ 12.27% │ 09.15%,09.39% │ 11.68% │ 13.25% │ 09.60% │ 05.48%,04.27% │ 09.41% │ 17.35% │ 13.55% │ 06.07%,06.78% │ 12.16% │ 15.83% │ 09.93% │ 04.68%,003.98%→ │ 001.44%← │ 006.86%← │ 005.08%← │ 002.57%→,00.00% │ 03.86% │ 05.35% │ 03.33%,03.46% │ 06.30% │ 03.45% │ 00.00%,000.00%· │ 005.92%← │ 006.98%→ │ 000.33%→,23.23%,64.08%,12.68%,071.20%← │ 022.13%→ │ 063.43%←,50.59%,49.41%,50.63%,49.37%,28656537491.29,27986829688.78,8745570870,8527439581,7995031241,335753828,344639932,2965836910,2847031502,3141572931,1548127483,1167679795,022.13%→,05.27%,09.74%,14.16%,12.27%,09.15%,05.48%,09.60%,13.25%,11.68%,09.39%,00.00%,03.86%,05.35%,03.33%,00.00%,03.45%,06.30%,03.46%,003.98%→,001.44%←,006.86%←,005.08%←,002.57%→,000.00%·,005.92%←,006.98%→,000.33%→
_bufx,tohel,_vmwz,kscp_,drnai,qgyj_,toheldrnai,58353.906300,03.84%,000.38%←,39.13%,001.79%→,05.90%,23.87%,09.89%,29.29%,60787338983.02,001.15%→,002.83%→,01.69,000.73%→,01.68,01.70,09.61% │ 09.98% │ 09.83% │ 14.34% │ 05.95%,06.39% │ 15.41% │ 10.10% │ 09.47% │ 08.92%,08.79% │ 10.26% │ 10.06% │ 15.85% │ 04.59%,04.67% │ 15.03% │ 12.52% │ 10.65% │ 07.59%,007.79%← │ 005.38%← │ 002.70%→ │ 006.98%→ │ 006.75%→,00.00% │ 04.83% │ 04.87% │ 04.60%,04.80% │ 03.88% │ 04.58% │ 00.00%,000.00%· │ 001.70%← │ 000.94%← │ 000.59%→,23.36%,65.23%,11.41%,048.17%→ │ 016.57%← │ 038.57%←,49.71%,50.29%,49.55%,50.45%,30218542924.51,30568796058.51,8558657650,8714352801,6758184217,332635936,331374765,3474317077,3575398359,4123675528,1708102820,1018630305,016.57%←,09.61%,09.98%,09.83%,14.34%,05.95%,08.92%,09.47%,10.10%,15.41%,06.39%,00.00%,04.83%,04.87%,04.60%,00.00%,04.58%,03.88%,04.80%,007.79%←,005.38%←,002.70%→,006.98%→,006.75%→,000.00%·,001.70%←,000.94%←,000.59%→
_vufx,tohel,_bmwz,kscp_,drnai,qgyj_,toheldrnai,58342.343980,03.84%,000.38%←,39.13%,001.79%→,05.90%,23.87%,09.89%,29.29%,60850416800.54,000.94%→,002.83%→,01.69,000.73%→,01.68,01.70,09.60% │ 10.00% │ 09.95% │ 14.27% │ 05.95%,06.38% │ 15.40% │ 10.09% │ 09.46% │ 08.91%,08.79% │ 10.26% │ 10.06% │ 15.85% │ 04.59%,04.67% │ 15.03% │ 12.52% │ 10.65% │ 07.59%,007.80%← │ 005.63%← │ 001.41%→ │ 007.32%→ │ 006.75%→,00.00% │ 04.83% │ 04.87% │ 04.60%,04.80% │ 03.88% │ 04.58% │ 00.00%,000.00%· │ 001.70%← │ 000.94%← │ 000.59%→,22.87%,65.12%,12.02%,051.20%→ │ 016.41%← │ 051.43%←,49.76%,50.24%,49.55%,50.45%,30281620742.03,30568796058.51,8558657650,8714352801,6758184217,332635936,331374765,3474317077,3575398359,4123675528,1708102820,1018630305,016.41%←,09.60%,10.00%,09.95%,14.27%,05.95%,08.91%,09.46%,10.09%,15.40%,06.38%,00.00%,04.83%,04.87%,04.60%,00.00%,04.58%,03.88%,04.80%,007.80%←,005.63%←,001.41%→,007.32%→,006.75%→,000.00%·,001.70%←,000.94%←,000.59%→
_wrpg,lintd,_zcmx,qfub_,saeoh,jyvk_,lintdsaeoh,58330.700091,03.94%,002.57%→,46.29%,002.56%←,06.76%,18.19%,08.96%,33.01%,56636041497.71,002.42%←,004.17%←,01.51,000.80%←,01.51,01.50,05.27% │ 09.74% │ 14.16% │ 12.27% │ 09.15%,09.40% │ 11.68% │ 13.24% │ 09.60% │ 05.48%,04.27% │ 09.41% │ 17.35% │ 13.55% │ 06.07%,06.78% │ 12.16% │ 15.83% │ 09.93% │ 04.68%,003.98%→ │ 001.52%← │ 006.99%← │ 005.06%← │ 002.64%→,00.00% │ 03.86% │ 05.35% │ 03.33%,03.46% │ 06.30% │ 03.45% │ 00.00%,000.00%· │ 005.92%← │ 006.98%→ │ 000.29%→,23.03%,64.08%,12.89%,075.43%← │ 022.11%→ │ 056.86%←,50.60%,49.40%,50.63%,49.37%,28656537491.29,27979504006.42,8745570870,8527439581,7995031241,335753828,344596242,2965836910,2847031502,3141572931,1548127483,1167679795,022.11%→,05.27%,09.74%,14.16%,12.27%,09.15%,05.48%,09.60%,13.24%,11.68%,09.40%,00.00%,03.86%,05.35%,03.33%,00.00%,03.45%,06.30%,03.46%,003.98%→,001.52%←,006.99%←,005.06%←,002.64%→,000.00%·,005.92%←,006.98%→,000.29%→
_mnyg,distl,_jpcz,quwb_,raeoh,xkfv_,distlraeoh,58234.381122,04.54%,000.68%←,41.75%,002.43%←,06.05%,20.42%,09.43%,31.59%,58799062763.58,000.86%→,008.39%→,01.62,006.67%→,01.56,01.68,04.71% │ 10.32% │ 13.12% │ 12.53% │ 09.11%,09.98% │ 11.58% │ 13.50% │ 09.94% │ 05.21%,03.82% │ 10.42% │ 16.08% │ 13.83% │ 06.45%,06.82% │ 11.80% │ 15.85% │ 10.26% │ 04.68%,009.63%→ │ 003.88%← │ 002.83%→ │ 008.14%← │ 008.75%→,00.00% │ 04.94% │ 03.73% │ 05.75%,06.03% │ 04.08% │ 04.83% │ 00.00%,000.00%· │ 003.80%← │ 007.27%→ │ 003.89%←,23.50%,63.90%,12.60%,114.68%← │ 028.06%→ │ 025.75%←,49.79%,50.21%,50.60%,49.40%,29273220261.86,29525842501.72,8740226449,8532784002,7211837696,393797371,391140582,3153693565,3442368392,3527298271,1628862325,1044985136,028.06%→,04.71%,10.32%,13.12%,12.53%,09.11%,05.21%,09.94%,13.50%,11.58%,09.98%,00.00%,04.94%,03.73%,05.75%,00.00%,04.83%,04.08%,06.03%,009.63%→,003.88%←,002.83%→,008.14%←,008.75%→,000.00%·,003.80%←,007.27%→,003.89%←
_mnyg,distl,_jpcz,qufb_,raeoh,xkwv_,distlraeoh,58202.068696,04.54%,000.68%←,41.75%,002.43%←,06.05%,20.42%,09.43%,31.59%,58720194456.86,000.59%→,008.39%→,01.62,006.67%→,01.56,01.68,04.72% │ 10.34% │ 13.13% │ 12.54% │ 09.12%,09.98% │ 11.61% │ 13.37% │ 09.88% │ 05.31%,03.82% │ 10.42% │ 16.08% │ 13.83% │ 06.45%,06.82% │ 11.80% │ 15.85% │ 10.26% │ 04.68%,011.20%→ │ 004.63%← │ 001.73%→ │ 008.01%← │ 008.58%→,00.00% │ 04.94% │ 03.73% │ 05.75%,06.03% │ 04.08% │ 04.83% │ 00.00%,000.00%· │ 003.80%← │ 007.27%→ │ 003.89%←,24.11%,64.08%,11.81%,099.22%← │ 028.25%→ │ 047.05%←,49.85%,50.15%,50.60%,49.40%,29273220261.86,29446974195.00,8740226449,8532784002,7211837696,393797371,391140582,3153693565,3442368392,3527298271,1628862325,1044985136,028.25%→,04.72%,10.34%,13.13%,12.54%,09.12%,05.31%,09.88%,13.37%,11.61%,09.98%,00.00%,04.94%,03.73%,05.75%,00.00%,04.83%,04.08%,06.03%,011.20%→,004.63%←,001.73%→,008.01%←,008.58%→,000.00%·,003.80%←,007.27%→,003.89%←
_pfrx,uians,_zdyj,gkhm_,leotc,qwvb_,uiansleotc,58139.811056,04.17%,001.97%←,40.68%,001.94%→,07.25%,21.91%,09.92%,31.17%,58581561260.68,002.38%→,003.21%→,01.65,000.84%→,01.64,01.65,03.50% │ 09.63% │ 11.44% │ 15.31% │ 09.52%,08.80% │ 14.62% │ 11.90% │ 11.56% │ 03.72%,02.78% │ 09.86% │ 14.28% │ 15.72% │ 06.87%,06.42% │ 14.41% │ 13.32% │ 13.02% │ 03.33%,006.07%→ │ 016.69%→ │ 003.85%→ │ 004.72%← │ 008.14%←,00.00% │ 02.61% │ 04.79% │ 05.16%,05.62% │ 04.83% │ 01.95% │ 00.00%,000.00%· │ 001.56%← │ 006.33%← │ 000.33%→,25.87%,61.03%,13.09%,001.27%← │ 011.09%→ │ 040.68%←,49.40%,50.60%,49.51%,50.49%,28937579076.61,29643982184.07,8552120520,8720889931,7026524085,363936854,356895334,3335408803,3445966765,3784376422,1714058452,1252992272,011.09%→,03.50%,09.63%,11.44%,15.31%,09.52%,03.72%,11.56%,11.90%,14.62%,08.80%,00.00%,02.61%,04.79%,05.16%,00.00%,01.95%,04.83%,05.62%,006.07%→,016.69%→,003.85%→,004.72%←,008.14%←,000.00%·,001.56%←,006.33%←,000.33%→
_pfrj,uians,_zdyx,gkhm_,leotc,qwvb_,uiansleotc,58135.784027,04.17%,001.64%←,40.68%,001.94%→,07.25%,21.91%,09.92%,31.17%,58592150694.06,002.35%→,003.21%→,01.65,000.84%→,01.64,01.65,03.49% │ 09.64% │ 11.44% │ 15.31% │ 09.52%,08.80% │ 14.62% │ 11.90% │ 11.55% │ 03.72%,02.78% │ 09.86% │ 14.28% │ 15.72% │ 06.87%,06.42% │ 14.41% │ 13.32% │ 13.02% │ 03.33%,006.17%→ │ 016.54%→ │ 003.81%→ │ 004.71%← │ 008.15%←,00.00% │ 02.61% │ 04.79% │ 05.13%,05.62% │ 04.83% │ 01.95% │ 00.00%,000.00%· │ 001.56%← │ 006.33%← │ 000.91%→,25.94%,61.02%,13.04%,001.86%← │ 011.09%→ │ 039.65%←,49.41%,50.59%,49.51%,50.49%,28948168509.99,29643982184.07,8552120520,8720889931,7026524085,362766034,356895334,3335408803,3445966765,3784376422,1714058452,1252992272,011.09%→,03.49%,09.64%,11.44%,15.31%,09.52%,03.72%,11.55%,11.90%,14.62%,08.80%,00.00%,02.61%,04.79%,05.13%,00.00%,01.95%,04.83%,05.62%,006.17%→,016.54%→,003.81%→,004.71%←,008.15%←,000.00%·,001.56%←,006.33%←,000.91%→
_ghwm,ctoed,_yvkj,qprf_,nisau,zlbx_,ctoednisau,58121.736884,05.14%,006.10%→,40.17%,001.04%←,06.54%,20.10%,08.99%,30.90%,59314485371.31,001.10%→,008.39%→,01.66,006.27%→,01.61,01.72,03.68% │ 10.75% │ 11.47% │ 14.50% │ 09.32%,10.78% │ 14.24% │ 11.94% │ 09.84% │ 03.48%,03.33% │ 12.55% │ 13.32% │ 14.41% │ 06.66%,07.72% │ 14.00% │ 14.60% │ 10.65% │ 02.78%,005.71%← │ 009.31%← │ 003.92%→ │ 001.85%← │ 013.56%→,00.00% │ 01.98% │ 04.83% │ 07.58%,08.00% │ 04.57% │ 02.29% │ 00.00%,000.00%· │ 001.76%← │ 003.61%→ │ 008.16%→,25.60%,61.89%,12.51%,017.13%← │ 001.41%← │ 038.73%→,49.72%,50.28%,50.26%,49.74%,29493933846.82,29820551524.49,8681317099,8591693352,6938401811,429596946,457514656,3284349691,3585148151,3472549446,1552538378,1129370322,001.41%←,03.68%,10.75%,11.47%,14.50%,09.32%,03.48%,09.84%,11.94%,14.24%,10.78%,00.00%,01.98%,04.83%,07.58%,00.00%,02.29%,04.57%,08.00%,005.71%←,009.31%←,003.92%→,001.85%←,013.56%→,000.00%·,001.76%←,003.61%→,008.16%→
_ghkm,ctoed,_yvwj,qprf_,nisau,zlbx_,ctoednisau,58089.296722,05.13%,006.37%→,40.17%,001.04%←,06.54%,20.10%,08.99%,30.90%,59304932928.42,001.13%→,008.39%→,01.66,006.27%→,01.61,01.72,03.68% │ 10.76% │ 11.57% │ 14.40% │ 09.31%,10.78% │ 14.24% │ 11.94% │ 09.84% │ 03.48%,03.33% │ 12.55% │ 13.32% │ 14.41% │ 06.66%,07.72% │ 14.00% │ 14.60% │ 10.65% │ 02.78%,005.71%← │ 009.33%← │ 003.17%→ │ 001.11%← │ 013.58%→,00.00% │ 01.98% │ 04.83% │ 07.54%,08.00% │ 04.57% │ 02.29% │ 00.00%,000.00%· │ 001.76%← │ 003.61%→ │ 008.57%→,24.67%,61.82%,13.51%,009.24%← │ 001.16%← │ 025.93%→,49.72%,50.28%,50.26%,49.74%,29484381403.93,29820551524.49,8681317099,8591693352,6938401811,428388068,457514656,3284349691,3585148151,3472549446,1552538378,1129370322,001.16%←,03.68%,10.76%,11.57%,14.40%,09.31%,03.48%,09.84%,11.94%,14.24%,10.78%,00.00%,01.98%,04.83%,07.54%,00.00%,02.29%,04.57%,08.00%,005.71%←,009.33%←,003.17%→,001.11%←,013.58%→,000.00%·,001.76%←,003.61%→,008.57%→
_fldz,uains,_jmpb,qvog_,rehtc,xkwy_,?cthersniau,57699.984520,06.39%,000.96%←,37.23%,001.67%→,05.57%,22.18%,09.20%,29.31%,59848412714.31,001.40%→,002.48%→,01.75,000.61%→,01.74,01.75,03.58% │ 09.88% │ 12.75% │ 12.18% │ 11.26%,09.48% │ 12.47% │ 13.53% │ 11.14% │ 03.72%,02.78% │ 10.69% │ 14.46% │ 13.46% │ 08.20%,06.82% │ 13.79% │ 13.93% │ 12.55% │ 03.33%,003.94%→ │ 011.32%→ │ 005.76%→ │ 002.38%→ │ 018.78%←,00.00% │ 02.52% │ 10.50% │ 06.57%,06.74% │ 11.06% │ 01.98% │ 00.00%,000.00%· │ 008.33%← │ 001.49%→ │ 002.37%←,24.34%,61.42%,14.24%,003.20%← │ 011.86%→ │ 048.58%←,49.65%,50.35%,49.58%,50.42%,29713250395.40,30135162318.91,8563598266,8709412185,6430254243,554542253,549250223,3642512414,3735132996,3831570568,1588404921,961523618,011.86%→,03.58%,09.88%,12.75%,12.18%,11.26%,03.72%,11.14%,13.53%,12.47%,09.48%,00.00%,02.52%,10.50%,06.57%,00.00%,01.98%,11.06%,06.74%,003.94%→,011.32%→,005.76%→,002.38%→,018.78%←,000.00%·,008.33%←,001.49%→,002.37%←
_bhyx,tomel,_vuwz,qscp_,drnai,kgfj_,tomeldrnai,57408.100618,03.93%,003.10%←,39.60%,003.66%→,05.99%,23.64%,09.53%,28.74%,61695358908.52,000.65%→,006.31%→,01.68,001.86%→,01.66,01.69,09.56% │ 09.58% │ 10.38% │ 14.44% │ 05.88%,06.30% │ 15.25% │ 10.28% │ 09.39% │ 08.93%,08.79% │ 10.26% │ 10.06% │ 15.36% │ 04.59%,04.67% │ 15.03% │ 13.00% │ 10.65% │ 07.59%,007.05%← │ 002.00%← │ 000.89%← │ 005.31%→ │ 006.73%→,00.00% │ 04.83% │ 03.47% │ 05.76%,05.53% │ 02.76% │ 04.58% │ 00.00%,000.00%· │ 001.70%← │ 002.59%→ │ 005.61%←,24.07%,62.70%,13.23%,028.16%→ │ 009.17%← │ 014.11%←,49.84%,50.16%,49.07%,50.93%,30747485225.85,30947873682.67,8475302511,8797707940,6840114965,344556954,334186669,3370395455,3597389233,4083626673,1646977448,1035116236,009.17%←,09.56%,09.58%,10.38%,14.44%,05.88%,08.93%,09.39%,10.28%,15.25%,06.30%,00.00%,04.83%,03.47%,05.76%,00.00%,04.58%,02.76%,05.53%,007.05%←,002.00%←,000.89%←,005.31%→,006.73%→,000.00%·,001.70%←,002.59%→,005.61%←
_bhyz,tomel,_vuwx,qscp_,drnai,kgfj_,tomeldrnai,57396.645138,03.93%,002.91%←,39.60%,003.66%→,05.99%,23.64%,09.53%,28.74%,61683071405.12,000.69%→,006.31%→,01.68,001.86%→,01.66,01.69,09.56% │ 09.58% │ 10.38% │ 14.44% │ 05.86%,06.30% │ 15.25% │ 10.29% │ 09.40% │ 08.93%,08.79% │ 10.26% │ 10.06% │ 15.36% │ 04.59%,04.67% │ 15.03% │ 13.00% │ 10.65% │ 07.59%,007.07%← │ 002.00%← │ 000.89%← │ 005.32%→ │ 007.05%→,00.00% │ 04.83% │ 03.47% │ 05.74%,05.53% │ 02.76% │ 04.58% │ 00.00%,000.00%· │ 001.70%← │ 002.59%→ │ 005.27%←,23.91%,62.71%,13.38%,029.33%→ │ 009.17%← │ 016.43%←,49.83%,50.17%,49.07%,50.93%,30735197722.45,30947873682.67,8475302511,8797707940,6840114965,343921754,334186669,3370395455,3597389233,4083626673,1646977448,1035116236,009.17%←,09.56%,09.58%,10.38%,14.44%,05.86%,08.93%,09.40%,10.29%,15.25%,06.30%,00.00%,04.83%,03.47%,05.74%,00.00%,04.58%,02.76%,05.53%,007.07%←,002.00%←,000.89%←,005.32%→,007.05%→,000.00%·,001.70%←,002.59%→,005.27%←
