keys_1,keys_2,keys_3,keys_4,keys_5,keys_6,name,fitness,row_switch_ratio,row_switch_imbalance,hand_switch_ratio,hands_imbalance,effort,efforts_imbalance,roll_imbalance,mean_streak,streak_imbalance,left_streak,right_streak,left_c1_ratio,left_c2_ratio,left_c3_ratio,left_c4_ratio,left_c5_ratio,right_c1_ratio,right_c2_ratio,right_c3_ratio,right_c4_ratio,right_c5_ratio,top_row_ratio,home_row_ratio,bottom_row_ratio,left_row_balance,home_row_balance,bottom_row_balance,left_effort_ratio,right_effort_ratio,left_count_ratio,right_count_ratio,left_effort,right_effort,left_count,right_count,hand_switches,left_row_switch_cost,right_row_switch_cost,left_rolls,right_rolls,left_top_row_ratio,left_home_row_ratio,left_bottom_row_ratio,right_top_row_ratio,right_home_row_ratio,right_bottom_row_ratio
_lucj,iresm,_v_wy,kdhf_,gtnao,zpbxq,mtgap-2,487.247727,19.18%,→0.53%,40.33%,←0.85%,57357945423.39,←2.93%,←8.21%,1.66,←4.73%,1.69,1.62,6.83%,11.18%,10.58%,12.38%,9.76%,9.59%,10.46%,11.25%,13.67%,4.30%,27.14%,61.30%,11.56%,→9.12%,←4.77%,←25.69%,50.72%,49.28%,50.21%,49.79%,29093591562.72,28264353860.67,8673195729,8599814724,6965799486,1652403064,1661242149,3555973597,3286126572,12.92%,31.36%,6.44%,14.22%,29.93%,5.12%
_ymdf,aersg,xzcv_,jpluq,btnio,kwh__,capewell-0.9.3,462.359001,19.58%,→6.09%,39.21%,←1.24%,59417864189.11,←3.25%,→6.71%,1.69,→5.47%,1.64,1.74,10.36%,12.90%,10.77%,10.98%,5.80%,3.52%,10.64%,15.09%,10.59%,9.36%,24.25%,60.65%,15.11%,←14.31%,←11.59%,→36.24%,50.80%,49.20%,50.31%,49.69%,30183770324.93,29234093864.18,8689855385,8583155068,6772457123,1638148261,1744366649,3395681521,3639761011,12.93%,31.98%,5.88%,11.31%,28.66%,9.23%
_ymdg,aersf,xzcvj,_wh__,ktnio,bpluq,capewell-0.9.2,460.925040,19.56%,←2.92%,39.28%,←2.18%,59464968389.45,←4.99%,→5.39%,1.69,→5.14%,1.64,1.73,10.40%,12.98%,10.75%,10.98%,6.11%,3.40%,10.71%,14.69%,10.68%,9.30%,19.51%,59.77%,20.73%,←91.68%,←16.67%,→57.14%,51.22%,48.78%,50.54%,49.46%,30456939834.83,29008028554.62,8729616184,8543394269,6784503692,1713874092,1665253593,3414496957,3608899006,12.82%,32.18%,6.22%,6.69%,27.58%,14.51%
qwjfg,asetd,zxcvb,ypul_,hnior,km___,asset,151.830596,15.21%,→13.90%,44.27%,←7.93%,58091310064.67,←6.70%,→5.63%,1.55,→7.19%,1.50,1.62,10.87%,7.65%,11.81%,10.65%,10.64%,9.72%,10.70%,7.78%,12.29%,7.89%,21.97%,65.33%,12.70%,→41.60%,←16.60%,←92.11%,51.62%,48.38%,51.91%,48.09%,29987039749.75,28104270314.92,8966056718,8306953735,7647263494,1215221925,1411326006,2991172499,3169463662,8.10%,35.17%,8.35%,13.87%,30.16%,4.35%
jloy_,presf,xmbu_,kgihz,_tand,_cwvq,dnat,112.973554,32.39%,→13.81%,35.00%,←0.94%,57485188098.62,←0.81%,→0.43%,1.82,→1.11%,1.81,1.83,3.07%,10.99%,17.26%,15.39%,3.50%,5.06%,14.61%,15.68%,13.13%,1.31%,35.79%,46.57%,17.65%,→14.13%,←3.67%,←29.77%,50.20%,49.80%,50.23%,49.77%,28859035949.66,28626152148.96,8676938443,8596072010,6045388428,2590080491,3004924440,3872919483,3889591744,16.53%,23.70%,9.97%,19.25%,22.86%,7.68%
_uofj,ieacy,___gp,qkhlv,wtnrs,bdmxz,dhorf,106.238653,15.21%,←10.66%,53.71%,→0.75%,54399439814.26,←2.06%,←19.06%,1.36,←6.67%,1.40,1.31,6.48%,8.08%,12.55%,13.94%,9.46%,10.18%,10.70%,11.33%,12.28%,5.00%,29.20%,53.44%,17.35%,←10.15%,←16.77%,→41.36%,50.51%,49.49%,49.81%,50.19%,27476758295.35,26922681518.91,8603946139,8669064314,9277913118,1380397589,1247444753,2462032655,2067953882,15.31%,28.79%,6.42%,13.90%,24.65%,10.94%
__ufz,oaenp,x__hb,kmlcy,gtrsi,jdwvq,isrt-standard,79.804718,16.37%,←20.52%,46.83%,→3.84%,56943074253.69,→10.72%,←6.87%,1.49,←5.37%,1.54,1.46,5.72%,14.35%,10.49%,7.00%,9.62%,13.51%,11.56%,8.98%,14.53%,4.25%,22.93%,60.22%,16.85%,→59.26%,←15.18%,→2.98%,47.17%,52.83%,49.02%,50.98%,26859206538.15,30083867715.54,8467328052,8805682401,8089647911,1545151981,1282122893,2954029710,2764222034,6.64%,32.23%,8.30%,16.29%,27.99%,8.55%
_pufj,ioeny,___lk,bwrdq,gthsa,vcmxz,workman,74.078895,18.59%,←6.30%,44.40%,→5.20%,57494615954.29,→15.72%,←2.76%,1.55,←4.55%,1.59,1.52,3.96%,14.52%,8.70%,9.47%,9.09%,11.27%,10.33%,12.67%,13.07%,6.93%,25.22%,58.73%,16.06%,→44.38%,←5.52%,→30.75%,45.73%,54.27%,48.67%,51.33%,26294566916.30,31200049037.99,8405955177,8867055276,7668874917,1654678160,1556601502,3111238059,3027786679,9.01%,30.15%,6.57%,16.20%,28.57%,9.49%
qwdfk,asetg,zxcvb,jurl_,ynioh,pm___,norman,72.862987,19.72%,→17.45%,44.15%,←10.19%,57152135193.47,←8.20%,→1.05%,1.56,→5.84%,1.51,1.61,10.98%,7.78%,15.96%,10.82%,6.43%,6.35%,12.16%,11.68%,12.51%,5.33%,26.71%,58.06%,15.23%,→38.98%,←35.11%,←25.73%,51.97%,48.03%,52.42%,47.58%,29701898769.58,27450236423.89,9055227040,8217783413,7626560133,1540470918,1866049272,3074391276,3106948246,10.12%,33.36%,8.49%,16.59%,24.69%,6.75%
__ufz,oaenp,x__hb,kmlcy,gtrsi,qjdwv,isrt-angle-mod,68.052216,16.37%,←20.52%,46.83%,→3.84%,57485647677.56,→12.30%,←6.87%,1.49,←5.37%,1.54,1.46,5.66%,14.21%,10.39%,6.93%,9.53%,15.36%,12.06%,11.71%,10.13%,4.02%,22.73%,59.98%,17.29%,→59.30%,←13.83%,→9.42%,46.72%,53.28%,49.02%,50.98%,26859206538.15,30626441139.41,8467328052,8805682401,8089647911,1545151981,1282122893,2954029710,2764222034,6.57%,31.93%,8.22%,16.15%,28.05%,9.07%
ql_p_,arenb,zw_hj,_fudk,gsito,vcymx,arensito-2,32.998365,19.64%,→23.29%,40.92%,→3.46%,58867180884.28,→6.47%,←4.49%,1.64,←5.20%,1.68,1.60,10.90%,13.69%,8.09%,13.29%,2.37%,4.26%,11.19%,10.07%,14.84%,11.31%,20.50%,60.20%,19.30%,→28.99%,←12.93%,→30.87%,48.33%,51.67%,49.12%,50.88%,28449958108.60,30417222775.68,8484507339,8788503114,7068455805,1472873525,1920164630,3443747159,3295696691,8.51%,31.93%,7.89%,11.99%,28.27%,11.41%
_ql_p,arenb,zwhj_,_fudk,gsito,vcymx,arensito-1*,32.804296,19.64%,→23.29%,40.92%,→3.46%,59342858577.77,→4.90%,←4.49%,1.64,←5.20%,1.68,1.60,10.77%,8.08%,18.93%,5.73%,5.23%,4.23%,11.10%,9.99%,14.72%,11.22%,20.02%,60.89%,19.08%,→31.61%,←17.11%,→31.39%,48.74%,51.26%,49.12%,50.88%,28925635802.09,30417222775.68,8484507339,8788503114,7068455805,1472873525,1920164630,3443747159,3295696691,8.13%,32.85%,7.77%,11.89%,28.05%,11.32%
_pouj,iheak,___fy,gdlwq,mtsrn,bvcxz,kaehi,20.020976,13.16%,←31.16%,55.18%,→0.56%,54444471439.98,→8.17%,←27.31%,1.33,←8.43%,1.39,1.28,4.31%,13.24%,14.57%,6.29%,9.46%,9.38%,7.62%,11.92%,13.35%,9.86%,30.86%,54.38%,14.76%,→5.20%,→2.73%,→30.76%,47.87%,52.13%,49.86%,50.14%,26062829172.96,28381642267.02,8612079163,8660931290,9531992112,1289604996,983247756,2394787869,1881119674,15.02%,26.81%,6.04%,15.84%,27.57%,8.72%
k_uyp,oaeid,q___z,wlmfc,rnths,xvgbj,klausler,17.193938,10.42%,→17.62%,55.42%,→11.98%,57210397972.02,→24.01%,→19.55%,1.32,→2.87%,1.30,1.34,10.54%,6.53%,8.90%,8.17%,9.04%,11.30%,12.03%,9.90%,9.72%,13.87%,28.93%,63.98%,7.09%,→44.52%,←2.99%,→94.12%,43.18%,56.82%,46.81%,53.19%,24703077071.50,32507320900.52,8086192750,9186817703,9572695862,812911559,986788961,1888148799,2347054994,10.33%,32.46%,0.39%,18.61%,31.52%,6.69%
pbulm,_ieoh,___kg,frywq,ntasd,jvcxz,carpax-qwyrfm,17.171140,17.74%,←37.53%,45.73%,→7.65%,61798365792.59,→2.88%,←2.09%,1.52,←5.37%,1.56,1.48,12.61%,12.53%,12.20%,8.35%,3.57%,5.02%,7.01%,10.64%,15.61%,12.44%,31.89%,58.35%,9.76%,←21.86%,→8.43%,→34.49%,49.27%,50.73%,48.01%,51.99%,30448351727.61,31350014064.98,8292793906,8980216547,7898151172,1774521525,1290285746,2985444121,2924304362,17.52%,27.89%,3.86%,14.37%,30.46%,5.90%
juof_,ieahy,___pk,zwdlb,gstrn,vcmxq,graphite,16.170233,11.05%,←35.22%,55.18%,→0.56%,54273882997.34,→5.24%,←27.31%,1.33,←8.43%,1.39,1.28,3.64%,8.96%,12.06%,14.07%,9.91%,12.07%,11.05%,11.82%,11.34%,5.07%,30.13%,56.12%,13.75%,→0.89%,←11.00%,→57.04%,48.65%,51.35%,49.86%,50.14%,26406146528.64,27867736468.70,8612079163,8660931290,9531992112,1097459201,811607699,2394787869,1881119674,15.00%,29.52%,4.13%,15.13%,26.60%,9.62%
qhou_,jieay,xk___,glrfb,dtsnp,vmcwz,breakl-43,13.032027,13.22%,→11.09%,57.37%,→15.44%,53469661523.23,→28.15%,→19.92%,1.29,→1.57%,1.28,1.30,0.85%,13.33%,15.25%,9.99%,2.38%,11.20%,15.77%,14.69%,10.67%,5.86%,39.26%,47.40%,13.34%,→23.03%,→3.46%,→87.79%,41.81%,58.19%,45.82%,54.18%,22355777315.69,31113884207.54,7914015361,9358995092,9908937763,1075093918,1209227148,1733774178,2165187714,17.08%,23.28%,1.45%,22.19%,24.12%,11.89%
_qohj,uaenb,___lz,kmgcy,wtisr,vdpfx,neauwr-bits,12.920198,18.28%,←40.78%,46.90%,→3.56%,55939610156.07,→14.66%,←16.40%,1.49,←9.73%,1.57,1.43,2.77%,16.67%,15.50%,7.33%,3.78%,11.77%,12.38%,10.47%,14.19%,5.14%,27.44%,54.89%,17.66%,→4.97%,→2.99%,→53.05%,46.05%,53.95%,49.09%,50.91%,25757777969.22,30181832186.85,8479826103,8793184350,8101708201,1846565190,1311653530,3069327046,2636864408,13.37%,27.03%,5.64%,14.07%,27.86%,12.02%
byou_,ciae_,gxjk_,zldwv,qhtsn,_rmfp,engrammer*,10.210394,13.13%,←32.00%,54.28%,→7.56%,55045174447.89,→11.56%,←0.24%,1.35,←2.84%,1.37,1.33,10.66%,8.84%,12.56%,14.86%,0.00%,0.34%,16.11%,12.05%,10.32%,14.23%,31.10%,46.38%,22.52%,←21.22%,←15.23%,→71.01%,46.93%,53.07%,48.04%,51.96%,25834858658.23,29210315789.66,8297409136,8975601317,9375504312,1290462500,977618725,2218832941,2213562402,17.04%,24.83%,5.06%,14.06%,21.55%,17.46%
_uofj,ieahy,___pk,vcdlb,gstrn,zwmqx,gallium-rowstag,10.166177,10.76%,←44.14%,55.18%,→0.56%,54320170762.39,→5.80%,←27.31%,1.33,←8.43%,1.39,1.28,4.01%,8.95%,12.03%,14.03%,9.49%,12.18%,10.87%,11.95%,11.44%,5.05%,33.76%,56.18%,10.05%,→20.86%,←10.27%,→30.34%,48.51%,51.49%,49.86%,50.14%,26349009588.21,27971161174.18,8612079163,8660931290,9531992112,1097459201,761383785,2394787869,1881119674,14.92%,29.46%,4.13%,18.85%,26.72%,5.93%
pjiuy,_leoh,___mg,frkwq,ntasd,bvcxz,carpax-qwkrfy,10.048864,19.46%,←45.31%,46.50%,→9.24%,61555427426.97,→9.41%,→4.27%,1.50,←2.72%,1.52,1.48,11.21%,13.17%,15.65%,3.87%,3.63%,5.04%,7.06%,10.06%,15.82%,14.48%,31.32%,54.52%,14.16%,←27.87%,→23.14%,→20.70%,47.53%,52.47%,47.58%,52.42%,29258043529.66,32297383897.31,8218111625,9054898828,8031920141,1990624348,1369877744,2825006548,2950972966,17.58%,23.69%,6.26%,13.75%,30.83%,7.90%
_uogj,ieamy,___cw,vbldf,knrts,phxqz,stronk,9.417569,17.00%,←47.33%,52.56%,→0.90%,56597996719.57,→1.34%,←19.67%,1.38,←7.36%,1.43,1.33,5.40%,8.92%,12.66%,13.43%,9.24%,11.51%,12.22%,7.80%,12.80%,6.01%,31.07%,52.31%,16.62%,→8.58%,←13.51%,→26.96%,49.66%,50.34%,49.77%,50.23%,28108605649.20,28489391070.37,8597442950,8675567503,9077841055,1749206654,1187282499,2576776185,2153282415,14.84%,27.81%,7.01%,16.23%,24.50%,9.60%
_yumk,oienf,___hb,pdlwq,gtrsa,jvcxz,soul,9.215441,16.94%,←45.40%,45.32%,←3.77%,58264966637.33,←0.43%,←26.01%,1.53,←10.77%,1.61,1.45,6.85%,14.49%,11.01%,8.48%,9.28%,10.96%,7.51%,12.57%,12.60%,6.26%,24.67%,61.42%,13.90%,→31.86%,←11.19%,←26.62%,50.11%,49.89%,50.93%,49.07%,29194307253.16,29070659384.17,8796290424,8476720029,7827463791,1734133350,1192658740,3334348889,2646086975,10.00%,32.34%,7.77%,14.67%,29.08%,6.13%
_lkuy,eoinh,___mj,frpwq,gtdsa,bvcxz,qwpr,8.161389,16.08%,←8.21%,46.48%,←6.68%,61421494101.33,←2.89%,←48.73%,1.50,←17.90%,1.63,1.39,8.26%,11.82%,4.69%,11.28%,14.66%,10.49%,7.20%,7.39%,16.31%,7.89%,27.28%,61.43%,11.29%,→20.24%,←34.48%,→57.31%,50.71%,49.29%,51.62%,48.38%,31148933923.95,30272560177.38,8915638922,8357371531,8027754532,1443658523,1334182333,3456302484,2323842639,12.10%,35.23%,3.38%,15.18%,26.20%,7.91%
jbouy,_heai,___kp,wlmfq,rntsd,xcgvz,qfmlwy,8.094159,11.53%,←49.86%,55.67%,→2.79%,55115428295.91,→2.94%,←22.80%,1.32,←7.76%,1.37,1.27,16.93%,11.45%,14.97%,5.49%,0.41%,5.16%,9.36%,9.44%,15.16%,11.63%,30.54%,55.82%,13.64%,←28.51%,→4.18%,→46.29%,49.26%,50.74%,49.29%,50.71%,27147218140.27,27968210155.64,8514237914,8758772539,9615047638,1194176516,796866709,2310993092,1881858925,17.17%,27.31%,4.77%,13.36%,28.51%,8.87%
ypouj,inea_,qz___,kdlcw,mhtsr,bfgvx,mtgap-1,7.666582,10.59%,←21.43%,52.48%,→0.15%,54047912095.57,→6.95%,←33.38%,1.38,←11.51%,1.46,1.31,12.73%,11.84%,13.28%,9.96%,0.39%,7.42%,10.50%,11.21%,11.07%,11.60%,35.56%,54.45%,9.99%,←1.64%,←21.58%,→95.86%,48.20%,51.80%,49.96%,50.04%,26051750788.73,27996161306.84,8630238214,8642772239,9065049339,1003529086,826397649,2710564612,2032285704,17.93%,29.88%,0.40%,17.64%,24.57%,9.59%
byou_,hiae_,kjxw_,qdngv,ztrsc,_mlfp,engram-v2025*,6.881803,12.30%,←35.27%,54.82%,→3.81%,54613129711.17,→4.70%,←14.24%,1.34,←5.94%,1.38,1.30,9.87%,9.26%,12.83%,16.84%,0.00%,0.34%,14.75%,15.77%,10.89%,9.45%,33.36%,47.65%,18.98%,←1.83%,←40.87%,→72.49%,48.80%,51.20%,49.03%,50.97%,26649950358.82,27963179352.35,8468735032,8804275421,9469081483,1221373227,902882435,2313648671,2025169501,16.83%,27.87%,4.10%,16.53%,19.78%,14.89%
_uofj,ieah_,_y_mk,zwdlq,gstrn,vcbxp,graphyre-standard,6.101642,13.97%,←52.79%,53.51%,←1.27%,54810305367.59,→3.11%,←33.59%,1.36,←10.39%,1.43,1.29,1.65%,9.56%,12.11%,16.41%,9.48%,12.49%,11.55%,10.52%,11.21%,5.01%,27.35%,54.02%,18.64%,←17.94%,←2.01%,→37.97%,49.21%,50.79%,50.32%,49.68%,26972120578.91,27838184788.68,8691098507,8581911946,9242456063,1458369397,954511503,2610989557,1954454035,14.80%,27.28%,7.13%,12.55%,26.74%,11.50%
fulvb,sehtw,z_mpk,qgnoj,ydrai,_cx__,seht-drai-ortho,5.071665,22.28%,→37.56%,38.73%,←4.65%,61082042324.46,←3.85%,→2.73%,1.70,→5.00%,1.66,1.75,11.03%,15.16%,9.14%,10.13%,5.48%,2.32%,9.35%,12.68%,15.83%,8.87%,35.53%,53.33%,11.13%,→29.26%,←22.82%,←58.34%,50.94%,49.06%,51.14%,48.86%,31117351583.39,29964690741.07,8832800315,8440210138,6689353627,1478950335,2368646667,3510088039,3608457989,14.72%,29.40%,6.82%,20.81%,23.93%,4.31%
jduq_,oiea_,ykxpg,zbrlw,_tnhs,_cvmf,halmak,4.548434,15.73%,←65.39%,54.98%,→3.31%,55029073257.04,→6.57%,←6.44%,1.33,←3.25%,1.35,1.31,3.51%,9.41%,9.82%,12.70%,12.86%,14.33%,13.57%,10.60%,13.00%,0.21%,26.13%,51.16%,22.72%,→46.01%,←27.53%,→14.55%,48.30%,51.70%,49.16%,50.84%,26579546809.25,28449526447.79,8491096662,8781913791,9496029977,1693537935,1023939621,2223166190,2088703488,9.16%,28.67%,10.47%,16.97%,22.48%,12.25%
_joyk,iaeuw,___fv,zmhcq,gtnsr,pdlbx,hands-down-referece,4.487668,17.18%,→1.99%,53.31%,→15.50%,54705098583.45,→20.41%,→27.25%,1.36,→5.24%,1.32,1.40,5.63%,7.66%,14.12%,7.27%,9.65%,8.86%,11.82%,13.69%,14.53%,6.78%,25.21%,53.47%,21.32%,→11.24%,←4.44%,→68.17%,44.32%,55.68%,45.80%,54.20%,24244411024.09,30460687559.36,7911191672,9361818781,9208336372,1468776455,1498647923,1937043420,2662519863,11.85%,27.32%,5.15%,13.35%,26.16%,16.17%
_uoxq,ieahm,___lj,gfdpw,ystnr,vckbz,blaze-colstag,4.383721,14.69%,←49.52%,51.95%,←0.96%,55280219956.91,→1.25%,←51.01%,1.39,←16.71%,1.50,1.29,4.46%,9.14%,12.43%,14.25%,9.41%,11.48%,10.31%,8.99%,11.63%,7.90%,28.20%,56.89%,14.91%,→21.68%,←23.33%,→34.85%,49.68%,50.32%,50.24%,49.76%,27465667929.85,27814552027.06,8677595867,8595414586,8972759665,1520134710,1016669854,2908845206,1926294784,12.38%,31.42%,5.88%,15.81%,25.47%,9.03%
_uoyj,ieahp,___fk,vcdlb,gstrn,zwmqx,gallium-colstag,4.274382,11.68%,←65.09%,55.18%,→0.56%,54815787920.62,→4.03%,←27.31%,1.33,←8.43%,1.39,1.28,4.70%,8.75%,12.15%,13.99%,9.37%,12.07%,10.78%,11.84%,11.33%,5.01%,33.24%,56.48%,10.28%,→22.06%,←13.31%,→24.87%,48.97%,51.03%,49.86%,50.14%,26844626746.44,27971161174.18,8612079163,8660931290,9531992112,1256963078,761383785,2394787869,1881119674,14.56%,30.00%,4.41%,18.68%,26.48%,5.87%
_yulj,oienh,___mk,gpfwq,dtsra,bvcxz,colemak,4.244394,13.89%,←51.07%,46.48%,←6.68%,58032297644.58,←3.24%,←48.73%,1.50,←17.90%,1.63,1.39,7.13%,14.48%,11.36%,8.64%,9.18%,11.01%,8.29%,9.09%,10.42%,10.40%,20.75%,66.55%,12.70%,←10.23%,←14.25%,→46.44%,50.80%,49.20%,51.62%,48.38%,29478447313.79,28553850330.79,8915638922,8357371531,8027754532,1443734817,955669742,3456302484,2323842639,10.88%,35.49%,4.43%,9.87%,31.06%,8.27%
__ucv,aoesg,_x_wz,qfdly,bntri,phmkj,boo,4.058441,18.15%,→32.01%,47.10%,→16.54%,55943343515.95,→27.73%,→31.63%,1.49,→9.16%,1.41,1.56,10.27%,6.50%,9.24%,11.10%,4.85%,5.74%,14.18%,11.42%,12.45%,14.25%,25.32%,58.88%,15.80%,→42.23%,←5.28%,→81.37%,41.95%,58.05%,45.49%,54.51%,23468895483.26,32474448032.69,7858076638,9414933815,8135308355,1268919900,1866247058,2303380032,3369211268,9.27%,30.20%,2.48%,16.05%,28.68%,13.32%
qwfdp,asetg,zxcvb,yulk_,hnoir,jm___,notarise-ts,3.793063,16.24%,←40.07%,44.75%,←16.56%,57556916388.24,←20.31%,←11.49%,1.54,→2.39%,1.53,1.56,11.12%,7.74%,14.19%,13.04%,8.51%,8.84%,12.30%,8.58%,7.87%,7.81%,24.21%,63.88%,11.91%,←6.11%,←11.74%,←142.57%,54.61%,45.39%,53.82%,46.18%,31431260873.80,26125655514.44,9297042018,7975968435,7729719103,1636992496,1168723544,3204172283,2874008269,12.46%,33.71%,8.44%,11.75%,30.17%,3.48%
_yulj,oienm,___hk,bpfwq,gtsra,vdcxz,colemak-ortho,3.306227,14.93%,←61.04%,46.48%,←6.68%,57341342325.24,←3.60%,←48.73%,1.50,←17.90%,1.63,1.39,5.22%,16.65%,11.07%,8.68%,9.27%,11.10%,8.32%,9.17%,13.68%,6.85%,20.33%,62.48%,17.19%,←18.28%,←14.77%,→39.52%,50.88%,49.12%,51.62%,48.38%,29177068664.83,28164273660.41,8915638922,8357371531,8027754532,1591172249,988068302,3456302484,2323842639,11.01%,33.39%,6.48%,9.31%,29.09%,10.71%
_yulj,oienm,___hk,bpfwq,gtsra,zvdcx,colemak-angle-mod,3.297893,14.93%,←61.04%,46.48%,←6.68%,57497280535.83,←3.03%,←48.73%,1.50,←17.90%,1.63,1.39,5.21%,16.61%,11.04%,8.66%,9.24%,11.24%,12.45%,9.67%,10.56%,5.33%,20.29%,62.53%,17.18%,←18.08%,←13.91%,→39.71%,50.75%,49.25%,51.62%,48.38%,29177068664.83,28320211871.00,8915638922,8357371531,8027754532,1591172249,988068302,3456302484,2323842639,10.98%,33.30%,6.46%,9.30%,29.23%,10.72%
_uowv,ieayg,___cp,mdhlf,ktnrs,qzbjx,whorf,2.817273,18.13%,←77.17%,52.94%,←0.66%,57333796790.34,←8.96%,←27.82%,1.37,←9.20%,1.43,1.31,8.29%,7.33%,12.98%,14.25%,9.29%,11.53%,10.44%,9.36%,11.38%,5.14%,38.24%,51.15%,10.60%,→29.51%,←26.65%,←171.58%,52.14%,47.86%,50.16%,49.84%,29896668811.71,27437127978.63,8664708349,8608302104,9143727835,2001943653,1129961906,2616851135,2047320685,15.81%,28.58%,7.75%,22.43%,22.57%,2.85%
youlz,iaer_,___jx,vfdgq,mhtsn,kwpcb,whirl,2.775495,13.85%,←62.65%,49.39%,←4.99%,54953200167.37,→0.21%,←57.75%,1.44,←19.23%,1.57,1.32,0.61%,11.31%,8.40%,16.84%,12.78%,11.63%,12.95%,11.39%,7.76%,6.32%,34.14%,52.13%,13.73%,←87.06%,←7.93%,→95.11%,49.95%,50.05%,51.22%,48.78%,27447433334.45,27505766832.92,8846613134,8426397319,8530963781,1481026367,910543650,3229605295,2047330579,22.25%,27.06%,0.64%,11.89%,25.07%,13.09%
_vuyb,hoeai,___pk,wlmgq,rntsd,jfcxz,qgmlwb,2.757743,12.33%,←74.92%,54.26%,←0.56%,56297609527.37,←5.73%,←38.63%,1.35,←11.63%,1.42,1.28,14.21%,11.94%,11.52%,8.35%,5.38%,5.05%,8.09%,10.67%,13.33%,11.46%,22.91%,65.70%,11.39%,→25.73%,←34.58%,→47.18%,51.39%,48.61%,50.14%,49.86%,28932904729.74,27364704797.63,8660522657,8612487796,9372434139,1354698741,774466841,2576751845,1858713671,9.76%,37.69%,3.94%,13.15%,28.01%,7.45%
_uofx,aiehy,___dk,jclpq,gstnr,vwmbz,ctgap,2.254679,11.64%,←83.06%,54.62%,←6.17%,52270311890.46,←2.80%,←46.61%,1.34,←11.39%,1.41,1.27,4.24%,11.24%,13.69%,10.81%,10.71%,9.06%,10.96%,12.20%,11.76%,5.33%,27.69%,56.27%,16.03%,←21.86%,←7.78%,→35.47%,50.69%,49.31%,51.50%,48.50%,26495750598.42,25774561292.04,8895077798,8377932655,9434606568,1299962541,710135482,2599947971,1773345116,15.21%,29.19%,6.29%,12.48%,27.08%,9.75%
youw_,iaedc,___gp,zvhlf,ktnrs,qmbjx,semimak-jq,1.864406,14.23%,←77.79%,53.05%,←12.36%,55690316584.65,←25.29%,←61.56%,1.37,←13.94%,1.46,1.28,8.54%,7.32%,9.22%,17.96%,12.57%,11.78%,10.67%,9.54%,11.02%,1.38%,34.33%,53.56%,12.11%,←20.70%,←32.41%,←9.30%,55.61%,44.39%,52.91%,47.09%,30971157409.59,24719159175.06,9139049116,8133961337,9163102226,1573105140,884795947,2869022186,1775775243,18.78%,30.52%,6.32%,15.56%,23.05%,5.78%
juowq,ieacg,___ym,kdnlv,fhrst,_bpxz,kuntem,1.754871,13.44%,←98.58%,52.43%,→0.50%,57459955479.03,→0.91%,←20.95%,1.38,←7.67%,1.43,1.33,7.49%,6.55%,12.47%,13.70%,9.57%,12.56%,10.72%,12.39%,10.69%,3.86%,33.36%,55.30%,11.34%,→26.67%,←11.24%,←36.12%,49.77%,50.23%,49.87%,50.13%,28598512813.32,28861442665.71,8614652549,8658357904,9056753663,1543715959,777392533,2600863522,2150282470,14.12%,29.12%,6.54%,19.25%,26.18%,4.80%
_uoyj,aienp,___fz,kldcw,vhtsr,xmgbq,apt,1.675049,13.00%,←90.96%,50.88%,←8.55%,53167990589.19,←3.11%,←57.68%,1.41,←16.17%,1.52,1.31,3.80%,12.66%,13.39%,10.32%,10.59%,11.57%,11.95%,10.55%,12.07%,3.10%,32.88%,55.11%,12.01%,→16.83%,←42.17%,→59.18%,50.77%,49.23%,52.05%,47.95%,26990753624.27,26177236964.92,8990675141,8282335312,8787660414,1474236581,772025908,3071957020,1948282221,14.93%,32.36%,3.48%,17.95%,22.76%,8.53%
_bufy,hoeai,___pk,wlmgq,rntsd,jvcxz,carpax-qgmlwy,1.668726,12.19%,←94.36%,54.27%,←5.12%,55875688346.29,←10.72%,←47.57%,1.35,←12.24%,1.43,1.27,14.47%,12.68%,10.83%,9.13%,5.42%,5.09%,8.15%,10.68%,12.13%,11.40%,24.28%,65.49%,10.23%,→15.94%,←33.82%,→36.50%,52.54%,47.46%,51.25%,48.75%,29358726108.12,26516962238.17,8852123641,8420886812,9373925458,1390347355,715357086,2642957048,1791017149,11.09%,37.48%,3.97%,13.19%,28.01%,6.26%
juoxq,ieah_,___lm,vgdpw,fstnr,zyckb,blaze-rowstag,1.662002,17.62%,←92.50%,51.95%,←0.96%,56028674362.27,←1.71%,←51.01%,1.39,←16.71%,1.50,1.29,4.84%,9.02%,12.50%,14.27%,9.79%,13.67%,9.20%,12.07%,10.01%,4.63%,26.71%,53.05%,20.24%,→8.72%,←8.19%,→0.19%,50.42%,49.58%,50.24%,49.76%,28252268518.10,27776405844.17,8677595867,8595414586,8972759665,2002838304,1040430101,2908845206,1926294784,12.75%,27.57%,10.11%,13.96%,25.48%,10.13%
_qopk,iaetd,___gb,mlfwy,hnsru,jvcxz,poqtea,1.629277,11.75%,←58.76%,53.86%,←20.60%,55351951383.51,←12.43%,←88.59%,1.35,←16.33%,1.45,1.25,9.34%,12.19%,14.66%,7.22%,9.52%,7.10%,7.52%,9.22%,12.26%,10.97%,28.98%,59.47%,11.55%,→27.66%,←48.39%,→17.19%,52.92%,47.08%,54.67%,45.33%,29294869276.69,26057082106.82,9442872895,7830137558,9303238340,1244930903,784146817,2943753726,1560907589,12.17%,35.53%,5.23%,16.82%,23.94%,6.32%
_uowj,ieacg,__qym,kdnlv,fhrst,_bpxz,kuntum,1.625341,13.62%,←102.58%,52.43%,→0.50%,57396146937.86,→1.13%,←20.95%,1.38,←7.67%,1.43,1.33,7.68%,6.55%,12.59%,13.71%,9.19%,12.57%,10.73%,12.40%,10.71%,3.87%,33.19%,55.32%,11.48%,→27.76%,←11.10%,←38.92%,49.72%,50.28%,49.87%,50.13%,28534704272.15,28861442665.71,8614652549,8658357904,9056753663,1574815535,777392533,2600863522,2150282470,13.92%,29.12%,6.68%,19.27%,26.21%,4.81%
___py,oaeiu,zxcvj,qfgrk,dhtns,lmwb_,capewell-dvorak,1.448616,14.19%,←52.41%,53.38%,→11.42%,55927291132.40,→18.11%,→7.01%,1.36,←1.78%,1.37,1.35,9.83%,7.20%,10.41%,10.36%,7.22%,12.46%,8.49%,8.81%,15.72%,9.49%,20.14%,58.89%,20.97%,→60.20%,←22.71%,→51.59%,45.02%,54.98%,46.97%,53.03%,25180110721.15,30747180411.25,8113440490,9159569963,9220206363,1480204703,971182854,2210536220,2377157072,5.73%,32.45%,6.84%,14.40%,26.44%,14.13%
jyou_,hiea_,xq_z_,bdlcp,gtsrn,kmfwv,magic-roll*,1.258641,9.70%,→51.49%,57.39%,→17.52%,53980821909.89,→35.33%,→26.24%,1.29,→3.17%,1.27,1.31,6.36%,8.54%,14.25%,10.13%,0.00%,7.20%,15.40%,10.57%,12.70%,14.86%,34.86%,53.17%,11.96%,→34.08%,→12.96%,→94.01%,39.27%,60.73%,45.20%,54.80%,21198921754.90,32781900154.99,7807320171,9465690282,9913455051,547117118,1127906667,1653222373,2241222231,13.85%,24.74%,0.68%,21.01%,28.43%,11.29%
_uoyj,aiedc,___gp,flrmz,bshtn,vkwqx,nokwts,1.253164,11.92%,←114.27%,53.84%,←5.97%,56035121938.75,←2.24%,←42.11%,1.35,←10.78%,1.42,1.29,8.80%,7.42%,13.84%,10.11%,10.38%,9.23%,10.58%,11.15%,11.30%,7.19%,32.98%,55.65%,11.37%,→19.17%,←13.34%,←21.94%,50.55%,49.45%,51.45%,48.55%,28327634159.60,27707487779.15,8886685922,8386324531,9300506814,1403219324,654881860,2645643191,1861749650,14.74%,29.56%,6.25%,18.24%,26.08%,5.12%
___py,aoeui,zqjkx,fgcrl,dhtns,bmwv_,dworak-2,1.235173,10.95%,→41.01%,56.40%,→23.28%,57534717108.32,→32.74%,→45.96%,1.31,→9.86%,1.23,1.37,10.03%,6.28%,5.20%,6.10%,12.61%,11.13%,8.73%,9.99%,14.70%,15.24%,30.01%,59.06%,10.93%,→77.21%,←24.10%,→78.46%,40.21%,59.79%,43.41%,56.59%,23137010371.91,34397706736.41,7498686464,9774323989,9742110382,701933560,1190000747,1426354678,2639434595,5.57%,32.71%,1.94%,24.44%,26.36%,8.99%
___py,aoeui,_qjkx,fgcrl,dhtns,bmwvz,dworak-modern,1.043633,10.80%,→44.04%,56.55%,→23.68%,57441914509.41,→33.59%,→47.32%,1.31,→10.28%,1.23,1.37,9.77%,6.28%,5.15%,6.10%,12.61%,11.14%,8.75%,10.00%,14.72%,15.47%,30.05%,59.04%,10.90%,→77.22%,←23.62%,→81.63%,39.91%,60.09%,43.28%,56.72%,22923018310.72,34518896198.69,7476450533,9796559920,9768709000,669487065,1196276843,1393642713,2645547942,5.58%,32.64%,1.69%,24.48%,26.40%,9.21%
