keys_1,keys_2,keys_3,keys_4,keys_5,keys_6,name,fitness,row_switch_ratio,row_switch_imbalance,hand_switch_ratio,hands_imbalance,sfs_ratio,inward_ratio,outward_ratio,effort,efforts_imbalance,roll_imbalance,mean_streak,streak_imbalance,left_streak,right_streak,left_column_effort_ratio,right_column_effort_ratio,left_column_press_ratio,right_column_press_ratio,column_balance,left_finger_row_switch_ratio,right_finger_row_switch_ratio,finger_row_switch_balance,top_row_effort_ratio,home_row_effort_ratio,bottom_row_effort_ratio,row_balance,left_effort_ratio,right_effort_ratio,left_count_ratio,right_count_ratio,left_effort,right_effort,left_count,right_count,hand_switches,left_row_switch_cost,right_row_switch_cost,left_rolls,right_rolls,inward_count,outward_count,sfs_count,home_row_balance,left_pinky_ratio,left_ring_ratio,left_middle_ratio,left_index_inner_ratio,left_index_outer_ratio,right_pinky_ratio,right_ring_ratio,right_middle_ratio,right_index_inner_ratio,right_index_outer_ratio,left_pinky_row_switch_ratio,left_ring_row_switch_ratio,left_middle_row_switch_ratio,left_index_row_switch_ratio,right_pinky_row_switch_ratio,right_ring_row_switch_ratio,right_middle_row_switch_ratio,right_index_row_switch_ratio,pinky_balance,ring_balance,middle_balance,index_inner_balance,index_outer_balance,pinky_row_switch_balance,ring_row_switch_balance,middle_row_switch_balance,index_row_switch_balance
_kigz,uaeho,_xqyj,bpsm_,ltnrc,vdfw_,max hand switches,52427.331528,2.85%,006.62%→,56.79%,007.71%→,7.81%,8.27%,9.43%,52099576161.67,013.44%→,006.79%←,1.30,004.50%←,1.33,1.27,04.11% │ 08.52% │ 13.60% │ 08.71% │ 11.46%,10.79% │ 14.61% │ 12.45% │ 11.49% │ 04.26%,02.78% │ 09.21% │ 19.66% │ 08.43% │ 07.92%,06.96% │ 14.76% │ 16.12% │ 10.82% │ 03.33%,003.45%→ │ 025.83%→ │ 009.25%← │ 040.39%→ │ 006.15%←,00.00% │ 01.85% │ 02.50% │ 04.37%,03.71% │ 02.98% │ 01.72% │ 00.00%,000.00%· │ 008.84%→ │ 002.17%← │ 011.34%→,27.86%,57.41%,14.74%,023.64%→ │ 019.86%← │ 073.99%→,46.40%,53.60%,48.00%,52.00%,24173790606.30,27925785555.37,8290416988,8982593463,9808707397,237730503,254586684,2065275596,1933916660,1428143201,1628910518,1348550014,019.86%←,4.11%,8.52%,13.60%,8.71%,11.46%,4.26%,11.49%,12.45%,14.61%,10.79%,0.00%,1.85%,2.50%,4.37%,0.00%,1.72%,2.98%,3.71%,003.45%→,025.83%→,009.25%←,040.39%→,006.15%←,000.00%·,008.84%→,002.17%←,011.34%→
bldwz,nrtsg,qxmcv,_fouj,yhaei,kp___,graphite,22354.208101,0.77%,009.93%←,55.18%,000.57%←,5.58%,10.80%,11.05%,54273195973.62,005.53%←,021.45%→,1.33,007.78%→,1.28,1.39,12.07% │ 11.05% │ 11.82% │ 11.34% │ 05.07%,03.64% │ 08.96% │ 12.06% │ 14.08% │ 09.91%,09.21% │ 10.99% │ 15.22% │ 11.47% │ 03.26%,02.45% │ 09.01% │ 15.83% │ 14.75% │ 07.82%,021.74%← │ 021.50%→ │ 002.04%→ │ 026.60%← │ 039.16%←,00.16% │ 00.87% │ 00.44% │ 01.56%,01.15% │ 00.43% │ 01.06% │ 00.17%,006.31%← │ 039.08%→ │ 000.55%→ │ 073.64%←,30.13%,56.12%,13.75%,000.89%← │ 009.91%→ │ 132.74%←,51.35%,48.65%,50.14%,49.86%,27866912153.49,26406283820.13,8660860437,8612150014,9532046769,70080579,63751506,1881023598,2394829286,1865178960,1908467185,964131385,009.91%→,12.07%,11.05%,11.82%,11.34%,5.07%,9.91%,14.08%,12.06%,8.96%,3.64%,0.16%,0.87%,0.44%,1.56%,0.17%,1.06%,0.43%,1.15%,021.74%←,021.50%→,002.04%→,026.60%←,039.16%←,006.31%←,039.08%→,000.55%→,073.64%←
_fhdk,oantg,qxbpz,jcul_,mseri,yw_v_,mtgap-2,17143.500235,1.28%,045.01%→,40.33%,000.85%→,6.31%,19.24%,16.96%,57357302767.19,002.85%→,007.59%→,1.66,004.51%→,1.62,1.69,09.59% │ 10.46% │ 11.25% │ 13.67% │ 04.30%,06.83% │ 11.18% │ 10.58% │ 12.38% │ 09.76%,07.66% │ 10.65% │ 13.79% │ 14.76% │ 02.93%,04.54% │ 11.47% │ 14.75% │ 11.87% │ 07.59%,001.76%→ │ 015.50%→ │ 006.34%← │ 022.33%← │ 036.97%→,00.01% │ 02.29% │ 00.49% │ 00.81%,02.95% │ 01.06% │ 01.69% │ 00.00%,100.00%← │ 021.87%← │ 056.97%→ │ 069.71%→,27.14%,61.30%,11.56%,010.03%← │ 004.55%→ │ 020.46%→,49.28%,50.72%,49.79%,50.21%,28263489396.80,29093813370.39,8599725426,8673285025,6965835855,78659737,143032764,3286039972,3556023826,3324058307,2929605415,1090511591,004.55%→,9.59%,10.46%,11.25%,13.67%,4.30%,9.76%,12.38%,10.58%,11.18%,6.83%,0.01%,2.29%,0.49%,0.81%,0.00%,1.69%,1.06%,2.95%,001.76%→,015.50%→,006.34%←,022.33%←,036.97%→,100.00%←,021.87%←,056.97%→,069.71%→
vlhkq,srntw,zxmdb,jfou_,ycaei,pg___,dhorf,16869.010826,0.57%,011.21%→,53.71%,000.75%←,6.03%,11.19%,12.29%,54398666091.80,002.02%→,016.01%→,1.36,006.25%→,1.31,1.40,10.18% │ 10.70% │ 11.33% │ 12.28% │ 05.00%,06.48% │ 08.08% │ 12.55% │ 13.94% │ 09.46%,07.65% │ 10.99% │ 14.77% │ 13.36% │ 03.41%,04.08% │ 07.57% │ 15.83% │ 14.75% │ 07.59%,007.62%← │ 023.19%→ │ 009.77%→ │ 051.89%← │ 022.80%→,00.10% │ 00.87% │ 00.69% │ 00.38%,00.68% │ 00.43% │ 01.06% │ 00.00%,100.00%← │ 039.08%→ │ 052.45%← │ 019.75%→,29.20%,53.44%,17.35%,009.22%→ │ 014.36%→ │ 070.52%←,49.49%,50.51%,50.19%,49.81%,26921680298.46,27476985793.34,8668980430,8604030021,9277997461,46373951,52228484,2067826957,2462075235,1933439244,2123396158,1041003232,014.36%→,10.18%,10.70%,11.33%,12.28%,5.00%,9.46%,13.94%,12.55%,8.08%,6.48%,0.10%,0.87%,0.69%,0.38%,0.00%,1.06%,0.43%,0.68%,007.62%←,023.19%→,009.77%→,051.89%←,022.80%→,100.00%←,039.08%→,052.45%←,019.75%→
bldcv,nrtsg,xqmwz,jfou_,yhaei,kp___,gallium-rowstag,15275.201898,0.76%,012.53%←,55.18%,000.57%←,5.59%,10.62%,11.24%,54319576225.23,006.15%←,021.45%→,1.33,007.78%→,1.28,1.39,12.18% │ 10.87% │ 11.95% │ 11.44% │ 05.05%,04.01% │ 08.95% │ 12.03% │ 14.03% │ 09.49%,09.30% │ 10.90% │ 15.22% │ 11.47% │ 03.26%,02.68% │ 09.01% │ 15.83% │ 14.75% │ 07.59%,028.39%← │ 022.49%→ │ 000.66%→ │ 027.74%← │ 025.97%←,00.14% │ 00.87% │ 00.44% │ 01.56%,01.16% │ 00.43% │ 01.06% │ 00.00%,100.00%← │ 039.10%→ │ 000.55%→ │ 068.40%←,33.77%,56.18%,10.05%,026.36%← │ 009.31%→ │ 043.52%←,51.49%,48.51%,50.14%,49.86%,27970419194.82,26349157030.41,8660860437,8612150014,9532046769,69902080,62118506,1881023598,2394829286,1834747864,1940895612,966074943,009.31%→,12.18%,10.87%,11.95%,11.44%,5.05%,9.49%,14.03%,12.03%,8.95%,4.01%,0.14%,0.87%,0.44%,1.56%,0.00%,1.06%,0.43%,1.16%,028.39%←,022.49%→,000.66%→,027.74%←,025.97%←,100.00%←,039.10%→,000.55%→,068.40%←
qwfpb,arstg,zxcdv,jluy_,mneio,kh___,colemak-ortho,13973.943859,0.97%,015.06%→,46.48%,006.26%→,7.26%,15.83%,14.57%,57340671834.56,003.47%→,032.77%→,1.50,015.18%→,1.39,1.63,11.10% │ 08.32% │ 09.17% │ 13.68% │ 06.85%,05.22% │ 16.65% │ 11.07% │ 08.68% │ 09.27%,08.50% │ 08.41% │ 11.96% │ 14.76% │ 04.75%,03.58% │ 16.44% │ 14.75% │ 09.29% │ 07.56%,019.78%← │ 004.12%→ │ 017.16%→ │ 017.85%→ │ 031.19%←,00.65% │ 00.49% │ 01.47% │ 00.90%,01.70% │ 01.06% │ 00.34% │ 00.00%,100.00%← │ 031.24%← │ 012.91%← │ 048.53%→,20.33%,62.48%,17.19%,015.46%→ │ 012.87%→ │ 065.32%←,49.12%,50.88%,48.38%,51.62%,28163420798.23,29177251036.33,8357295810,8915714641,8027794562,77297707,91007496,2323742830,3456362261,2734365942,2516042748,1254145611,012.87%→,11.10%,8.32%,9.17%,13.68%,6.85%,9.27%,8.68%,11.07%,16.65%,5.22%,0.65%,0.49%,1.47%,0.90%,0.00%,0.34%,1.06%,1.70%,019.78%←,004.12%→,017.16%→,017.85%→,031.19%←,100.00%←,031.24%←,012.91%←,048.53%→
zhigk,dnat_,qvwc_,_yolj,fserp,_ubmx,dnat,13773.429658,4.53%,002.63%←,35.00%,000.93%→,7.42%,18.61%,20.44%,57484549584.55,000.81%→,000.43%←,1.82,001.12%←,1.83,1.81,05.05% │ 14.61% │ 15.68% │ 13.13% │ 01.31%,03.07% │ 10.99% │ 17.26% │ 15.39% │ 03.50%,04.05% │ 13.25% │ 17.55% │ 14.17% │ 00.75%,02.19% │ 10.93% │ 21.15% │ 13.40% │ 02.57%,044.53%← │ 005.02%→ │ 009.16%→ │ 019.51%← │ 057.18%→,00.08% │ 00.62% │ 09.07% │ 04.14%,05.99% │ 05.24% │ 02.27% │ 01.52%,092.11%→ │ 072.90%→ │ 043.66%← │ 021.30%→,35.79%,46.57%,17.65%,016.45%← │ 003.54%→ │ 022.95%→,49.80%,50.20%,49.77%,50.23%,28625564262.63,28858985321.92,8596030122,8676980329,6045362760,396448970,386303401,3889570379,3872966514,3214743631,3531125755,1282142365,003.54%→,5.05%,14.61%,15.68%,13.13%,1.31%,3.50%,15.39%,17.26%,10.99%,3.07%,0.08%,0.62%,9.07%,4.14%,1.52%,2.27%,5.24%,5.99%,044.53%←,005.02%→,009.16%→,019.51%←,057.18%→,092.11%→,072.90%→,043.66%←,021.30%→
bldcv,nrtsg,xqmwz,jyou_,phaei,kf___,gallium-colstag,13625.064580,0.75%,018.31%←,55.18%,000.57%←,5.59%,10.62%,11.24%,54815202054.11,004.19%←,021.45%→,1.33,007.78%→,1.28,1.39,12.07% │ 10.78% │ 11.84% │ 11.33% │ 05.01%,04.70% │ 08.75% │ 12.15% │ 14.00% │ 09.37%,09.30% │ 10.90% │ 15.22% │ 11.47% │ 03.26%,03.12% │ 08.57% │ 15.83% │ 14.75% │ 07.59%,028.76%← │ 023.01%→ │ 002.55%→ │ 029.47%← │ 006.55%←,00.14% │ 00.87% │ 00.44% │ 01.56%,01.01% │ 00.43% │ 01.06% │ 00.00%,100.00%← │ 039.10%→ │ 000.55%→ │ 093.35%←,33.24%,56.48%,10.28%,028.30%← │ 011.75%→ │ 033.07%←,51.03%,48.97%,50.14%,49.86%,27970419194.82,26844782859.29,8660860437,8612150014,9532046769,69902080,59084449,1881023598,2394829286,1834747864,1940895612,966074943,011.75%→,12.07%,10.78%,11.84%,11.33%,5.01%,9.37%,14.00%,12.15%,8.75%,4.70%,0.14%,0.87%,0.44%,1.56%,0.00%,1.06%,0.43%,1.01%,028.76%←,023.01%→,002.55%→,029.47%←,006.55%←,100.00%←,039.10%→,000.55%→,093.35%←
wlrbz,shnt_,fmvc_,_qudj,_aeio,gpxky,halmak,13462.765383,2.99%,058.06%→,54.98%,003.43%←,6.00%,9.14%,10.87%,55028572960.59,007.04%←,006.04%→,1.33,003.15%→,1.31,1.35,14.33% │ 13.57% │ 10.60% │ 13.00% │ 00.21%,03.51% │ 09.41% │ 09.82% │ 12.70% │ 12.86%,10.32% │ 11.55% │ 15.10% │ 13.74% │ 00.13%,02.05% │ 10.52% │ 14.94% │ 12.16% │ 09.49%,011.38%← │ 006.80%← │ 007.92%← │ 038.21%← │ 094.02%→,00.71% │ 00.85% │ 02.17% │ 02.77%,06.21% │ 02.12% │ 06.36% │ 02.48%,068.99%→ │ 087.36%→ │ 003.73%← │ 050.81%→,26.13%,51.16%,22.72%,085.23%← │ 021.59%→ │ 017.04%←,51.70%,48.30%,50.84%,49.16%,28449702411.09,26578870549.50,8781985837,8491024614,9496062087,152441757,363497920,2088732859,2223104707,1578975665,1877744619,1035594228,021.59%→,14.33%,13.57%,10.60%,13.00%,0.21%,12.86%,12.70%,9.82%,9.41%,3.51%,0.71%,0.85%,2.17%,2.77%,2.48%,6.36%,2.12%,6.21%,011.38%←,006.80%←,007.92%←,038.21%←,094.02%→,068.99%→,087.36%→,003.73%←,050.81%→
qwfpg,arstd,zxcvb,jluy_,hneio,km___,colemak,13444.756196,1.01%,016.11%→,46.48%,006.26%→,7.26%,15.83%,14.57%,58031669170.95,003.14%→,032.77%→,1.50,015.18%→,1.39,1.63,11.00% │ 08.29% │ 09.09% │ 10.42% │ 10.40%,07.13% │ 14.48% │ 11.36% │ 08.64% │ 09.18%,08.50% │ 08.41% │ 11.96% │ 12.02% │ 07.49%,05.66% │ 14.36% │ 14.75% │ 09.29% │ 07.56%,019.82%← │ 004.04%→ │ 019.97%→ │ 028.08%→ │ 045.86%←,00.65% │ 00.49% │ 01.47% │ 00.96%,01.81% │ 01.06% │ 00.34% │ 00.00%,100.00%← │ 031.24%← │ 012.91%← │ 048.08%→,20.75%,66.55%,12.70%,009.29%→ │ 012.47%→ │ 086.71%←,49.20%,50.80%,48.38%,51.62%,28553035994.73,29478633176.22,8357295810,8915714641,8027794562,79531678,94809467,2323742830,3456362261,2734365942,2516042748,1254145611,012.47%→,11.00%,8.29%,9.09%,10.42%,10.40%,9.18%,8.64%,11.36%,14.48%,7.13%,0.65%,0.49%,1.47%,0.96%,0.00%,0.34%,1.06%,1.81%,019.82%←,004.04%→,019.97%→,028.08%→,045.86%←,100.00%←,031.24%←,012.91%←,048.08%→
flhdm,srntk,xjbzq,vwou_,gyaei,pc___,whorf,13099.483081,0.57%,026.60%→,52.94%,000.65%→,5.44%,11.43%,12.91%,57333202895.08,008.23%→,021.77%→,1.37,008.42%→,1.31,1.43,11.52% │ 10.44% │ 09.36% │ 11.38% │ 05.14%,08.29% │ 07.33% │ 12.98% │ 14.25% │ 09.29%,08.82% │ 11.03% │ 13.79% │ 12.75% │ 03.45%,05.27% │ 06.72% │ 15.83% │ 14.75% │ 07.59%,024.02%← │ 026.73%→ │ 027.85%→ │ 055.33%← │ 038.01%→,00.23% │ 00.88% │ 00.49% │ 00.34%,00.86% │ 00.43% │ 01.06% │ 00.00%,100.00%← │ 037.55%→ │ 000.12%→ │ 046.68%→,38.25%,51.15%,10.60%,041.87%← │ 021.04%→ │ 063.20%→,47.85%,52.15%,49.84%,50.16%,27436184559.67,29897018335.41,8608202606,8664807845,9143794392,41470216,56498195,2047208871,2616896390,1973695824,2229220547,940079253,021.04%→,11.52%,10.44%,9.36%,11.38%,5.14%,9.29%,14.25%,12.98%,7.33%,8.29%,0.23%,0.88%,0.49%,0.34%,0.00%,1.06%,0.43%,0.86%,024.02%←,026.73%→,027.85%→,055.33%←,038.01%→,100.00%←,037.55%→,000.12%→,046.68%→
fdlbv,strnk,zqxhp,jgou_,ymaei,wc___,stronk,12552.310604,0.59%,020.32%→,52.56%,000.91%←,5.59%,11.73%,12.78%,56597453533.07,001.35%←,016.44%→,1.38,006.85%→,1.33,1.43,11.51% │ 12.22% │ 07.80% │ 12.80% │ 06.01%,05.40% │ 08.92% │ 12.66% │ 13.43% │ 09.24%,08.76% │ 12.72% │ 10.99% │ 13.79% │ 03.97%,03.63% │ 07.98% │ 15.83% │ 14.75% │ 07.59%,024.57%← │ 009.03%→ │ 038.41%→ │ 043.44%← │ 011.16%←,00.21% │ 00.08% │ 00.87% │ 00.79%,00.92% │ 00.43% │ 01.06% │ 00.00%,100.00%← │ 093.78%→ │ 041.40%← │ 030.79%←,31.07%,52.31%,16.62%,009.39%← │ 011.90%→ │ 036.89%←,50.34%,49.66%,50.23%,49.77%,28488656952.26,28108796580.81,8675493078,8597517373,9077910965,45525348,57138729,2153167938,2576820750,2026647488,2206804152,966377076,011.90%→,11.51%,12.22%,7.80%,12.80%,6.01%,9.24%,13.43%,12.66%,8.92%,5.40%,0.21%,0.08%,0.87%,0.79%,0.00%,1.06%,0.43%,0.92%,024.57%←,009.03%→,038.41%→,043.44%←,011.16%←,100.00%←,093.78%→,041.40%←,030.79%←
ypouj,inea_,qz___,kdlcw,mhtsr,bfgvx,mtgap-1,11376.510169,1.14%,035.79%→,52.48%,000.15%→,6.05%,14.76%,9.47%,54047244124.45,006.95%→,033.38%←,1.38,011.51%←,1.46,1.31,12.73% │ 11.84% │ 13.28% │ 09.96% │ 00.39%,07.42% │ 10.50% │ 11.21% │ 11.07% │ 11.60%,09.39% │ 09.76% │ 19.53% │ 11.05% │ 00.23%,04.97% │ 10.69% │ 15.11% │ 10.85% │ 08.41%,009.72%← │ 006.99%← │ 018.48%← │ 005.09%→ │ 094.79%→,00.42% │ 00.15% │ 00.56% │ 02.52%,01.25% │ 01.99% │ 01.47% │ 00.49%,003.68%→ │ 090.81%→ │ 063.52%→ │ 045.00%←,35.56%,54.45%,09.98%,001.64%← │ 021.58%← │ 095.87%→,48.20%,51.80%,49.96%,50.04%,26051351315.86,27995892808.59,8630235303,8642775148,9065068229,77297902,120385131,2710563793,2032267631,2549064945,1635905250,1045867474,021.58%←,12.73%,11.84%,13.28%,9.96%,0.39%,11.60%,11.07%,11.21%,10.50%,7.42%,0.42%,0.15%,0.56%,2.52%,0.49%,1.47%,1.99%,1.25%,009.72%←,006.99%←,018.48%←,005.09%→,094.79%→,003.68%→,090.81%→,063.52%→,045.00%←
yclmk,isrtg,qvwdj,zfu__,pneao,bh__x,isrt-standard,10824.077676,0.85%,032.55%←,46.83%,004.00%←,6.23%,14.57%,15.62%,56942409515.18,012.00%←,006.43%→,1.49,005.10%→,1.46,1.54,13.51% │ 11.56% │ 08.98% │ 14.53% │ 04.25%,05.72% │ 14.35% │ 10.49% │ 07.00% │ 09.62%,09.39% │ 10.85% │ 12.49% │ 15.22% │ 03.03%,03.89% │ 14.36% │ 14.75% │ 08.27% │ 07.75%,040.49%← │ 065.17%← │ 014.35%→ │ 001.24%← │ 025.69%→,00.42% │ 01.47% │ 01.37% │ 00.64%,01.06% │ 01.06% │ 00.00% │ 00.22%,130.93%← │ 100.00%← │ 009.73%← │ 040.17%→,22.93%,60.22%,16.85%,145.48%← │ 013.18%→ │ 003.07%←,52.83%,47.17%,50.98%,49.02%,30083329416.24,26859080098.94,8805651076,8467359375,8089677074,84088518,63441236,2764176633,2954045946,2516222101,2697323210,1075462498,013.18%→,13.51%,11.56%,8.98%,14.53%,4.25%,9.62%,7.00%,10.49%,14.35%,5.72%,0.42%,1.47%,1.37%,0.64%,0.22%,0.00%,1.06%,1.06%,040.49%←,065.17%←,014.35%→,001.24%←,025.69%→,130.93%←,100.00%←,009.73%←,040.17%→
flhvz,srntk,xjbmq,_wuoy,cdeai,pg___,semimak-jq,10808.623972,0.56%,026.82%→,53.05%,011.00%→,5.32%,11.09%,13.16%,55689560194.40,020.19%→,038.11%→,1.37,012.23%→,1.28,1.46,11.78% │ 10.67% │ 09.54% │ 11.02% │ 01.38%,08.54% │ 07.32% │ 09.22% │ 17.96% │ 12.57%,08.82% │ 11.03% │ 13.79% │ 12.48% │ 00.97%,05.47% │ 07.57% │ 14.75% │ 15.83% │ 09.29%,006.33%→ │ 040.60%→ │ 003.41%← │ 050.71%← │ 083.88%→,00.23% │ 00.88% │ 00.49% │ 00.37%,00.51% │ 01.06% │ 00.43% │ 00.34%,035.48%→ │ 044.95%← │ 056.97%→ │ 024.57%→,34.33%,53.56%,12.10%,017.15%→ │ 024.48%→ │ 008.54%→,44.39%,55.61%,47.09%,52.91%,24718070046.95,30971490147.45,8133863009,9139147442,9163191364,40598509,55475096,1775636486,2869071803,1916150285,2273823863,918892239,024.48%→,11.78%,10.67%,9.54%,11.02%,1.38%,12.57%,17.96%,9.22%,7.32%,8.54%,0.23%,0.88%,0.49%,0.37%,0.34%,0.43%,1.06%,0.51%,006.33%→,040.60%→,003.41%←,050.71%←,083.88%→,035.48%→,044.95%←,056.97%→,024.57%→
qwfdp,asetg,zxcvb,yulk_,hnoir,jm___,notarise-ts,10229.448748,3.58%,034.20%→,44.75%,016.56%←,6.66%,16.19%,13.63%,57556313390.16,020.30%←,011.48%←,1.54,002.40%→,1.53,1.56,11.12% │ 07.74% │ 14.19% │ 13.04% │ 08.51%,08.84% │ 12.30% │ 08.58% │ 07.87% │ 07.81%,08.50% │ 08.33% │ 17.48% │ 13.70% │ 05.82%,06.61% │ 12.87% │ 11.83% │ 08.33% │ 06.53%,042.33%← │ 001.57%→ │ 065.50%← │ 006.01%← │ 003.66%→,00.65% │ 00.64% │ 06.40% │ 00.99%,07.07% │ 05.30% │ 01.89% │ 00.00%,100.00%← │ 066.02%→ │ 078.69%← │ 085.96%→,24.21%,63.88%,11.91%,006.10%← │ 011.74%← │ 142.56%←,54.61%,45.39%,53.82%,46.18%,31430504966.98,26125808423.18,9296983028,7976027423,7729753980,245606536,373246133,3204087700,2874057973,2796602066,2353773635,1150988815,011.74%←,11.12%,7.74%,14.19%,13.04%,8.51%,7.81%,7.87%,8.58%,12.30%,8.84%,0.65%,0.64%,6.40%,0.99%,0.00%,1.89%,5.30%,7.07%,042.33%←,001.57%→,065.50%←,006.01%←,003.66%→,100.00%←,066.02%→,078.69%←,085.96%→
fulvb,sehtw,z_mpk,qgnoj,ydrai,_cx__,seht-drai-ortho,9785.105731,0.77%,006.78%←,38.73%,004.65%←,5.54%,19.37%,18.93%,61081643461.49,003.85%←,002.72%→,1.70,005.00%→,1.66,1.75,11.03% │ 15.16% │ 09.14% │ 10.13% │ 05.48%,02.32% │ 09.35% │ 12.68% │ 15.83% │ 08.87%,08.76% │ 14.75% │ 11.55% │ 12.02% │ 04.06%,01.80% │ 09.20% │ 14.21% │ 15.83% │ 07.82%,024.32%← │ 004.26%→ │ 027.92%→ │ 008.41%← │ 135.93%←,00.21% │ 01.06% │ 00.85% │ 00.78%,01.07% │ 01.23% │ 00.43% │ 00.17%,035.46%← │ 132.10%← │ 043.97%→ │ 006.99%←,35.53%,53.33%,11.13%,029.26%→ │ 022.82%← │ 058.35%←,50.94%,49.06%,51.14%,48.86%,31117512078.21,29964131383.28,8832861955,8440148496,6689303232,68759525,64394324,3510141994,3608454427,3346485894,3269081362,957494350,022.82%←,11.03%,15.16%,9.14%,10.13%,5.48%,8.87%,15.83%,12.68%,9.35%,2.32%,0.21%,1.06%,0.85%,0.78%,0.17%,0.43%,1.23%,1.07%,024.32%←,004.26%→,027.92%→,008.41%←,135.93%←,035.46%←,132.10%←,043.97%→,006.99%←
wcdlk,rsthv,qbgmx,jyou_,pneia,zf___,apt,9475.204562,0.90%,016.08%←,50.88%,007.88%→,6.53%,17.40%,8.74%,53167125093.80,003.02%→,036.58%→,1.41,013.92%→,1.31,1.52,11.57% │ 11.95% │ 10.55% │ 12.07% │ 03.10%,03.80% │ 12.66% │ 13.39% │ 10.32% │ 10.59%,08.32% │ 11.39% │ 14.67% │ 11.55% │ 02.01%,02.51% │ 11.38% │ 19.53% │ 10.37% │ 08.27%,009.18%← │ 015.79%← │ 021.23%→ │ 004.69%→ │ 018.35%→,00.49% │ 01.87% │ 00.53% │ 01.13%,01.54% │ 00.56% │ 00.91% │ 00.00%,100.00%← │ 126.16%← │ 028.97%→ │ 028.34%→,32.88%,55.11%,12.00%,020.24%← │ 029.66%→ │ 144.95%←,49.23%,50.77%,47.95%,52.05%,26176281759.35,26990843334.45,8282259488,8990750963,8787731034,83702750,72108431,1948171431,3071997188,3005534460,1509198898,1127776567,029.66%→,11.57%,11.95%,10.55%,12.07%,3.10%,10.59%,10.32%,13.39%,12.66%,3.80%,0.49%,1.87%,0.53%,1.13%,0.00%,0.91%,0.56%,1.54%,009.18%←,015.79%←,021.23%→,004.69%→,018.35%→,100.00%←,126.16%←,028.97%→,028.34%→
ql_p_,arenb,zw_hj,_fudk,gsito,vcymx,arensito-2,9467.832108,0.94%,012.70%→,40.92%,003.46%→,6.17%,16.86%,19.21%,58866574823.85,006.47%→,004.49%←,1.64,005.20%←,1.68,1.60,10.89% │ 13.69% │ 08.09% │ 13.29% │ 02.37%,04.26% │ 11.19% │ 10.07% │ 14.84% │ 11.31%,08.50% │ 12.49% │ 11.97% │ 14.32% │ 01.85%,03.13% │ 11.96% │ 12.07% │ 15.22% │ 08.50%,003.70%→ │ 007.71%→ │ 019.66%→ │ 018.72%← │ 044.47%→,00.65% │ 01.37% │ 00.00% │ 01.31%,01.25% │ 01.24% │ 00.44% │ 01.14%,042.87%→ │ 156.09%← │ 100.00%→ │ 012.35%←,20.50%,60.21%,19.30%,029.00%→ │ 012.93%← │ 030.87%→,48.33%,51.67%,49.12%,50.88%,28449456970.17,30417117853.68,8484486283,8788524168,7068424458,75892277,86933242,3443743890,3295731305,2911651369,3317483549,1066171408,012.93%←,10.89%,13.69%,8.09%,13.29%,2.37%,11.31%,14.84%,10.07%,11.19%,4.26%,0.65%,1.37%,0.00%,1.31%,1.14%,0.44%,1.24%,1.25%,003.70%→,007.71%→,019.66%→,018.72%←,044.47%→,042.87%→,156.09%←,100.00%→,012.35%←
qdrwb,ashtg,zxmcv,jfup_,yneoi,kl___,workman,8635.378840,2.35%,026.46%→,44.40%,005.48%←,6.86%,16.81%,14.40%,57493961287.12,018.65%←,002.69%→,1.55,004.35%→,1.52,1.59,11.27% │ 10.33% │ 12.67% │ 13.07% │ 06.93%,03.95% │ 14.52% │ 08.70% │ 09.47% │ 09.09%,08.50% │ 10.46% │ 13.81% │ 13.81% │ 04.75%,02.68% │ 13.94% │ 14.75% │ 09.71% │ 07.59%,023.99%← │ 009.06%← │ 045.64%← │ 010.01%→ │ 075.23%←,00.65% │ 00.96% │ 02.69% │ 02.51%,04.20% │ 01.06% │ 05.13% │ 00.00%,100.00%← │ 079.76%→ │ 137.83%← │ 033.12%→,25.22%,58.73%,16.06%,079.78%← │ 005.23%→ │ 044.40%←,54.27%,45.73%,51.33%,48.67%,31199239636.32,26294721650.80,8866982291,8406028160,7668907259,171808015,233625301,3027700523,3111291871,2902826432,2487859035,1185748898,005.23%→,11.27%,10.33%,12.67%,13.07%,6.93%,9.09%,9.47%,8.70%,14.52%,3.95%,0.65%,0.96%,2.69%,2.51%,0.00%,5.13%,1.06%,4.20%,023.99%←,009.06%←,045.64%←,010.01%→,075.23%←,100.00%←,079.76%→,137.83%←,033.12%→
qwfpg,nrstd,zxcvb,jluy_,haeio,km___,gelatin,8574.700570,3.15%,084.81%→,51.80%,009.15%→,6.30%,11.16%,11.11%,57420565087.99,012.50%→,045.69%→,1.39,017.67%→,1.26,1.53,08.89% │ 07.57% │ 08.80% │ 10.20% │ 11.21%,07.24% │ 16.60% │ 11.49% │ 08.75% │ 09.26%,07.72% │ 08.41% │ 11.96% │ 12.02% │ 07.49%,05.66% │ 15.14% │ 14.75% │ 09.29% │ 07.56%,003.99%→ │ 013.45%→ │ 023.46%→ │ 038.53%→ │ 054.86%←,00.13% │ 00.49% │ 01.47% │ 00.96%,12.23% │ 01.06% │ 00.34% │ 00.00%,100.00%← │ 031.24%← │ 012.91%← │ 092.62%→,21.75%,65.46%,12.79%,011.47%→ │ 023.93%→ │ 076.87%←,46.67%,53.33%,47.60%,52.40%,26796116827.19,30624448260.80,8222439195,9050571256,8947876197,71657743,471594985,1710423533,3149599923,1927668700,1918314205,1088464295,023.93%→,8.89%,7.57%,8.80%,10.20%,11.21%,9.26%,8.75%,11.49%,16.60%,7.24%,0.13%,0.49%,1.47%,0.96%,0.00%,0.34%,1.06%,12.23%,003.99%→,013.45%→,023.46%→,038.53%→,054.86%←,100.00%←,031.24%←,012.91%←,092.62%→
qwprf,asdtg,zxcvb,yukl_,hnioe,jm___,qwpr,8536.591245,3.72%,027.99%→,46.48%,006.26%→,7.99%,14.85%,13.09%,61420968925.42,002.82%→,032.77%→,1.50,015.18%→,1.39,1.63,10.49% │ 07.20% │ 07.39% │ 16.31% │ 07.89%,08.26% │ 11.82% │ 04.69% │ 11.28% │ 14.66%,08.50% │ 08.33% │ 09.30% │ 16.40% │ 05.86%,06.61% │ 12.87% │ 08.33% │ 11.83% │ 11.97%,028.44%→ │ 036.15%→ │ 057.53%← │ 038.00%← │ 004.54%→,00.65% │ 00.64% │ 00.27% │ 06.39%,07.07% │ 01.89% │ 05.30% │ 00.00%,100.00%← │ 091.47%→ │ 084.32%→ │ 003.30%←,27.28%,61.43%,11.29%,025.37%← │ 025.64%→ │ 134.26%←,49.29%,50.71%,48.38%,51.62%,30271779242.77,31149189682.65,8357295810,8915714641,8027794562,268770032,373246133,2323742830,3456362261,2564374518,2261716345,1380820183,025.64%→,10.49%,7.20%,7.39%,16.31%,7.89%,14.66%,11.28%,4.69%,11.82%,8.26%,0.65%,0.64%,0.27%,6.39%,0.00%,5.30%,1.89%,7.07%,028.44%→,036.15%→,057.53%←,038.00%←,004.54%→,100.00%←,091.47%→,084.32%→,003.30%←
qlcmk,nrstw,jxzgv,_fouy,pheai,bd___,pine-v4,8528.852017,0.76%,014.49%→,52.99%,015.93%→,5.88%,11.06%,12.92%,54714320813.38,020.32%→,049.21%→,1.37,016.25%→,1.25,1.49,09.47% │ 10.46% │ 06.55% │ 12.63% │ 05.23%,05.84% │ 10.78% │ 14.73% │ 11.35% │ 12.96%,07.82% │ 10.99% │ 09.90% │ 13.45% │ 03.51%,03.77% │ 10.69% │ 19.53% │ 11.05% │ 09.29%,026.92%→ │ 007.78%→ │ 055.54%→ │ 017.14%← │ 010.35%→,00.17% │ 00.87% │ 01.61% │ 00.49%,00.32% │ 00.56% │ 02.03% │ 00.34%,056.76%→ │ 057.47%→ │ 045.37%← │ 079.59%←,31.76%,55.41%,12.83%,027.43%→ │ 013.93%→ │ 028.24%→,44.35%,55.65%,45.67%,54.33%,24263849524.33,30450471289.05,7889316064,9383694387,9153510296,60708559,70991788,1567680699,3086708658,1910838685,2231531739,1015676674,013.93%→,9.47%,10.46%,6.55%,12.63%,5.23%,12.96%,11.35%,14.73%,10.78%,5.84%,0.17%,0.87%,1.61%,0.49%,0.34%,2.03%,0.56%,0.32%,026.92%→,007.78%→,055.54%→,017.14%←,010.35%→,056.76%→,057.47%→,045.37%←,079.59%←
qgmlw,dstnr,zxcfj,byuv_,iaeoh,kp___,qgmlwb,8234.476202,3.28%,049.21%→,54.26%,000.56%→,8.83%,10.15%,9.38%,56296891691.74,005.42%→,027.87%→,1.35,010.42%→,1.28,1.42,05.05% │ 08.09% │ 10.67% │ 13.33% │ 11.46%,14.21% │ 11.94% │ 11.52% │ 08.36% │ 05.38%,04.05% │ 08.69% │ 14.73% │ 13.94% │ 08.45%,09.95% │ 12.12% │ 14.75% │ 08.64% │ 04.68%,006.14%→ │ 003.13%→ │ 007.32%→ │ 011.69%← │ 019.35%→,00.08% │ 00.53% │ 02.58% │ 03.02%,08.11% │ 01.06% │ 02.67% │ 00.00%,100.00%← │ 080.00%→ │ 142.86%← │ 062.19%→,22.91%,65.70%,11.39%,034.63%← │ 025.70%→ │ 089.30%←,48.61%,51.39%,49.86%,50.14%,27363695538.71,28933196153.03,8612392138,8660618313,9372488089,190892883,375844536,1858615155,2576796409,1753941849,1620448544,1525024379,025.70%→,5.05%,8.09%,10.67%,13.33%,11.46%,5.38%,8.36%,11.52%,11.94%,14.21%,0.08%,0.53%,2.58%,3.02%,0.00%,2.67%,1.06%,8.11%,006.14%→,003.13%→,007.32%→,011.69%←,019.35%→,100.00%←,080.00%→,142.86%←,062.19%→
jyou_,hiea_,xq_z_,bdlcp,gtsrn,kmfwv,magic-roll*,7922.485026,1.46%,057.09%→,57.39%,017.52%→,6.79%,14.71%,4.48%,53980269552.99,035.34%→,026.24%→,1.29,003.18%→,1.27,1.31,06.36% │ 08.54% │ 14.25% │ 10.13% │ 00.00%,07.20% │ 15.40% │ 10.57% │ 12.70% │ 14.86%,05.10% │ 09.39% │ 19.53% │ 11.18% │ 00.00%,04.42% │ 15.22% │ 12.90% │ 11.55% │ 10.71%,057.23%→ │ 032.81%→ │ 034.86%← │ 034.22%→ │ 100.00%→,00.07% │ 00.42% │ 00.56% │ 02.55%,01.78% │ 02.71% │ 02.35% │ 00.47%,092.79%→ │ 085.48%→ │ 068.65%→ │ 018.43%→,34.86%,53.17%,11.96%,034.08%→ │ 012.96%→ │ 094.02%→,39.27%,60.73%,45.20%,54.80%,21198154415.08,32782115137.91,7807248888,9465761563,9913473694,75582245,176136829,1653164965,2241260994,2541701408,774255903,1172412117,012.96%→,6.36%,8.54%,14.25%,10.13%,0.00%,14.86%,12.70%,10.57%,15.40%,7.20%,0.07%,0.42%,0.56%,2.55%,0.47%,2.35%,2.71%,1.78%,057.23%→,032.81%→,034.86%←,034.22%→,100.00%→,092.79%→,085.48%→,068.65%→,018.43%→
qgmlw,dstnr,zxcvj,yfub_,iaeoh,kp___,carpax-qgmlwy,7505.630515,3.09%,062.06%→,54.27%,004.87%→,8.68%,10.86%,8.94%,55874934542.48,009.68%→,032.24%→,1.35,010.91%→,1.27,1.43,05.09% │ 08.15% │ 10.68% │ 12.13% │ 11.40%,14.47% │ 12.68% │ 10.83% │ 09.13% │ 05.42%,04.05% │ 08.69% │ 14.73% │ 12.83% │ 08.45%,10.04% │ 12.60% │ 14.75% │ 09.18% │ 04.68%,006.13%→ │ 010.76%→ │ 001.37%→ │ 004.38%→ │ 021.21%→,00.08% │ 00.53% │ 02.58% │ 01.98%,08.05% │ 01.06% │ 02.82% │ 00.00%,100.00%← │ 082.22%→ │ 142.86%← │ 076.92%→,24.28%,65.49%,10.23%,018.96%← │ 025.27%→ │ 057.45%←,47.46%,52.54%,48.75%,51.25%,26515917627.37,29359016915.11,8420789918,8852220533,9374003747,146665110,386555893,1790893151,2643002755,1876645909,1544927400,1499250717,025.27%→,5.09%,8.15%,10.68%,12.13%,11.40%,5.42%,9.13%,10.83%,12.68%,14.47%,0.08%,0.53%,2.58%,1.98%,0.00%,2.82%,1.06%,8.05%,006.13%→,010.76%→,001.37%→,004.38%→,021.21%→,100.00%←,082.22%→,142.86%←,076.92%→
qplcj,rntsg,zbmwv,xfou_,yheia,kd___,ctgap,7363.624691,0.82%,066.41%←,54.62%,005.81%→,6.22%,10.05%,12.33%,52269560860.24,002.72%→,031.80%→,1.34,010.23%→,1.27,1.41,09.06% │ 10.96% │ 12.20% │ 11.76% │ 05.33%,04.24% │ 11.24% │ 13.69% │ 10.81% │ 10.71%,06.76% │ 11.26% │ 15.67% │ 11.47% │ 03.36%,02.64% │ 10.69% │ 19.53% │ 10.37% │ 08.27%,015.40%→ │ 001.36%← │ 010.87%→ │ 004.63%← │ 025.69%←,00.06% │ 00.21% │ 01.67% │ 01.52%,00.79% │ 00.56% │ 00.91% │ 00.00%,100.00%← │ 074.98%→ │ 138.68%← │ 113.10%←,27.69%,56.27%,16.03%,017.95%→ │ 007.22%→ │ 054.96%←,49.31%,50.69%,48.50%,51.50%,25773891804.67,26495669055.57,8377894932,8895115519,9434639032,88909558,53428418,1773283436,2599977185,1736682253,2129371552,1073717621,007.22%→,9.06%,10.96%,12.20%,11.76%,5.33%,10.71%,10.81%,13.69%,11.24%,4.24%,0.06%,0.21%,1.67%,1.52%,0.00%,0.91%,0.56%,0.79%,015.40%→,001.36%←,010.87%→,004.63%←,025.69%←,100.00%←,074.98%→,138.68%←,113.10%←
fmlcv,strdp,zkqgw,xjuoy,_naei,bh___,xanthor,6601.813034,0.69%,045.72%→,52.13%,015.09%→,5.72%,13.26%,11.78%,57916797414.30,016.39%→,056.24%→,1.39,021.25%→,1.23,1.56,11.22% │ 11.26% │ 07.43% │ 08.72% │ 06.90%,02.97% │ 12.04% │ 07.11% │ 20.22% │ 12.12%,08.76% │ 12.15% │ 10.90% │ 09.20% │ 04.91%,01.81% │ 12.40% │ 11.05% │ 19.53% │ 09.29%,007.44%→ │ 044.32%→ │ 004.51%← │ 027.58%→ │ 132.71%←,00.21% │ 00.35% │ 00.87% │ 00.63%,00.60% │ 02.03% │ 00.56% │ 00.34%,040.97%→ │ 061.73%→ │ 057.48%→ │ 003.62%←,32.63%,53.37%,13.99%,002.10%→ │ 023.06%→ │ 020.83%→,45.54%,54.46%,45.92%,54.08%,26372641765.10,31544155649.20,7931686489,9341323962,9004475907,42223506,77791798,1462036751,3341386995,2290662212,2035199043,988099962,023.06%→,11.22%,11.26%,7.43%,8.72%,6.90%,12.12%,20.22%,7.11%,12.04%,2.97%,0.21%,0.35%,0.87%,0.63%,0.34%,0.56%,2.03%,0.60%,007.44%→,044.32%→,004.51%←,027.58%→,132.71%←,040.97%→,061.73%→,057.48%→,003.62%←
frdpv,sntcb,zxkgw,qjuoy,_heai,ml___,recurva,6494.719372,0.53%,016.71%→,51.94%,006.76%→,5.49%,11.94%,13.42%,57452478945.00,007.33%→,041.62%→,1.39,016.24%→,1.27,1.52,11.51% │ 13.66% │ 09.32% │ 07.45% │ 06.16%,04.82% │ 08.91% │ 08.77% │ 16.92% │ 12.49%,08.76% │ 14.21% │ 13.36% │ 07.53% │ 04.39%,02.70% │ 09.18% │ 14.75% │ 15.83% │ 09.29%,007.83%→ │ 019.27%→ │ 006.23%← │ 016.34%→ │ 027.81%←,00.21% │ 01.22% │ 00.10% │ 00.30%,00.29% │ 01.06% │ 00.43% │ 00.34%,040.97%→ │ 158.34%← │ 091.45%→ │ 002.04%←,36.08%,47.37%,16.55%,018.71%← │ 012.87%→ │ 036.02%→,48.10%,51.90%,48.25%,51.75%,27633166152.05,29819312792.95,8334218378,8938792073,8972171529,41610533,49960748,1782491211,3053236913,2061920713,2317273042,948886452,012.87%→,11.51%,13.66%,9.32%,7.45%,6.16%,12.49%,16.92%,8.77%,8.91%,4.82%,0.21%,1.22%,0.10%,0.30%,0.34%,0.43%,1.06%,0.29%,007.83%→,019.27%→,006.23%←,016.34%→,027.81%←,040.97%→,158.34%←,091.45%→,002.04%←
vmlcp,strdy,xkjgw,bquo_,fneai,zh___,magic-study*,6467.695118,0.63%,004.06%←,50.46%,016.07%→,5.39%,13.91%,12.79%,57308209572.11,015.77%→,055.65%→,1.42,022.10%→,1.25,1.60,09.69% │ 11.34% │ 07.42% │ 08.84% │ 08.43%,06.11% │ 12.33% │ 09.89% │ 16.84% │ 09.11%,07.72% │ 12.15% │ 11.03% │ 09.20% │ 05.54%,03.93% │ 12.27% │ 14.75% │ 15.83% │ 07.59%,006.39%← │ 032.62%→ │ 025.03%→ │ 028.27%→ │ 037.80%←,00.09% │ 00.35% │ 00.88% │ 01.18%,00.52% │ 01.06% │ 00.43% │ 00.00%,100.00%← │ 037.70%→ │ 037.55%→ │ 106.20%←,31.86%,56.15%,11.98%,004.81%← │ 030.96%→ │ 017.75%←,45.72%,54.28%,45.63%,54.37%,26200912903.16,31107296668.95,7881783391,9391227060,8716353001,55377879,53219076,1564266303,3527280349,2402598700,2209132531,930827009,030.96%→,9.69%,11.34%,7.42%,8.84%,8.43%,9.11%,16.84%,9.89%,12.33%,6.11%,0.09%,0.35%,0.88%,1.18%,0.00%,0.43%,1.06%,0.52%,006.39%←,032.62%→,025.03%→,028.27%→,037.80%←,100.00%←,037.70%→,037.55%→,106.20%←
__ucv,aoesg,_x_wz,qfdly,bntri,phmkj,boo,6310.279770,0.89%,017.82%→,47.10%,016.54%→,5.84%,14.23%,15.58%,55942687373.25,027.73%→,031.63%→,1.49,009.16%→,1.41,1.56,10.27% │ 06.50% │ 09.24% │ 11.10% │ 04.85%,05.74% │ 14.18% │ 11.42% │ 12.45% │ 14.25%,08.27% │ 07.75% │ 14.75% │ 11.47% │ 03.26%,03.87% │ 14.36% │ 15.22% │ 11.54% │ 09.52%,027.96%→ │ 047.82%→ │ 019.14%→ │ 021.76%→ │ 015.42%→,00.00% │ 00.22% │ 01.06% │ 01.56%,00.66% │ 00.44% │ 02.23% │ 00.48%,100.00%→ │ 093.38%→ │ 133.38%← │ 091.03%←,25.32%,58.88%,15.80%,042.23%→ │ 005.28%← │ 081.38%→,41.95%,58.05%,45.49%,54.51%,23468695295.34,32473992077.91,7858090133,9414920318,8135344568,69515139,84585463,2303372877,3369182208,2457627647,2690515478,1009520142,005.28%←,10.27%,6.50%,9.24%,11.10%,4.85%,14.25%,12.45%,11.42%,14.18%,5.74%,0.00%,0.22%,1.06%,1.56%,0.48%,2.23%,0.44%,0.66%,027.96%→,047.82%→,019.14%→,021.76%→,015.42%→,100.00%→,093.38%→,133.38%←,091.03%←
k_uyp,oaeid,q___z,wlmfc,rnths,xvgbj,klausler,6303.372234,1.21%,007.40%→,55.42%,011.98%→,7.26%,8.43%,12.01%,57209713300.31,024.01%→,019.55%→,1.32,002.87%→,1.30,1.34,10.54% │ 06.53% │ 08.90% │ 08.17% │ 09.04%,11.30% │ 12.03% │ 09.90% │ 09.72% │ 13.87%,08.41% │ 08.27% │ 14.75% │ 09.29% │ 06.10%,08.41% │ 12.83% │ 13.45% │ 08.49% │ 10.01%,023.99%→ │ 032.86%→ │ 010.10%→ │ 032.07%→ │ 020.02%→,00.96% │ 00.00% │ 01.06% │ 02.25%,01.92% │ 00.39% │ 00.16% │ 01.54%,047.61%→ │ 100.00%→ │ 198.48%← │ 015.44%→,28.94%,63.98%,07.09%,044.52%→ │ 002.99%← │ 094.13%→,43.18%,56.82%,46.81%,53.19%,24702594341.96,32507118958.35,8086183656,9186826795,9572744046,100680370,108721171,1888127242,2347028365,1455738372,2075291117,1254400491,002.99%←,10.54%,6.53%,8.90%,8.17%,9.04%,13.87%,9.72%,9.90%,12.03%,11.30%,0.96%,0.00%,1.06%,2.25%,1.54%,0.16%,0.39%,1.92%,023.99%→,032.86%→,010.10%→,032.07%→,020.02%→,047.61%→,100.00%→,198.48%←,015.44%→
qwdfk,asetg,zxcvb,jurl_,ynioh,pm___,norman,6274.099154,5.59%,010.73%→,44.15%,010.19%←,5.90%,15.71%,12.47%,57151459488.52,008.20%←,001.05%→,1.56,005.84%→,1.51,1.61,10.98% │ 07.78% │ 15.96% │ 10.82% │ 06.43%,06.35% │ 12.16% │ 11.68% │ 12.51% │ 05.33%,08.50% │ 08.33% │ 19.12% │ 12.06% │ 04.42%,04.08% │ 12.87% │ 14.12% │ 11.83% │ 04.68%,106.18%← │ 037.82%→ │ 036.69%← │ 011.08%→ │ 001.24%←,00.65% │ 00.64% │ 12.52% │ 00.82%,08.42% │ 06.38% │ 05.30% │ 00.00%,100.00%← │ 091.47%→ │ 165.86%← │ 090.58%→,26.71%,58.06%,15.23%,038.99%→ │ 035.11%← │ 025.72%←,51.97%,48.03%,52.42%,47.58%,29700982930.63,27450476557.89,9055147200,8217863251,7626609831,455470108,510233826,3074287840,3107001982,2713096824,2153792996,1018809502,035.11%←,10.98%,7.78%,15.96%,10.82%,6.43%,5.33%,12.51%,11.68%,12.16%,6.35%,0.65%,0.64%,12.52%,0.82%,0.00%,5.30%,6.38%,8.42%,106.18%←,037.82%→,036.69%←,011.08%→,001.24%←,100.00%←,091.47%→,165.86%←,090.58%→
xprty,qsdfn,zwcvb,kuioj,hael_,gm___,xpert-one,5945.381018,5.98%,035.51%→,51.48%,010.41%→,8.12%,8.32%,11.90%,61903300366.60,005.78%→,049.50%→,1.40,019.60%→,1.25,1.56,00.59% │ 09.28% │ 12.12% │ 13.06% │ 13.47%,09.75% │ 13.59% │ 15.14% │ 12.65% │ 00.36%,00.42% │ 10.28% │ 13.68% │ 12.06% │ 10.81%,07.48% │ 13.65% │ 19.56% │ 11.83% │ 00.23%,062.56%← │ 026.67%→ │ 019.95%→ │ 003.92%→ │ 038.21%←,00.02% │ 02.36% │ 05.22% │ 06.08%,12.14% │ 02.28% │ 05.30% │ 00.00%,100.00%← │ 061.33%→ │ 059.85%← │ 045.80%→,42.92%,40.99%,16.09%,001.92%← │ 026.48%→ │ 043.44%←,48.51%,51.49%,47.26%,52.74%,30029894293.08,31873406073.52,8162480389,9110530062,8892316897,405156428,628237082,1649455458,3266127298,1437927507,2055510921,1402567079,026.48%→,0.59%,9.28%,12.12%,13.06%,13.47%,0.36%,12.65%,15.14%,13.59%,9.75%,0.02%,2.36%,5.22%,6.08%,0.00%,5.30%,2.28%,12.14%,062.56%←,026.67%→,019.95%→,003.92%→,038.21%←,100.00%←,061.33%→,059.85%←,045.80%→
jcyfk,rsthd,qvgpb,zlou_,mneia,xw___,rsthd,5874.254503,0.95%,029.44%←,46.62%,016.64%→,6.79%,18.87%,11.41%,54822411770.25,018.04%→,052.92%→,1.50,023.61%→,1.31,1.71,08.89% │ 10.76% │ 08.65% │ 08.01% │ 08.73%,04.57% │ 15.15% │ 13.92% │ 10.59% │ 10.73%,06.86% │ 10.85% │ 12.55% │ 09.01% │ 06.19%,02.92% │ 13.45% │ 19.53% │ 10.37% │ 08.27%,017.13%→ │ 001.66%← │ 037.85%→ │ 047.10%→ │ 090.84%←,00.06% │ 01.47% │ 01.98% │ 00.82%,01.29% │ 00.56% │ 00.91% │ 00.00%,100.00%← │ 070.14%← │ 126.91%← │ 041.09%→,28.30%,59.99%,11.70%,041.04%→ │ 026.70%→ │ 262.08%←,45.04%,54.96%,45.46%,54.54%,24694122096.97,30128289673.28,7852689307,9420321144,8053402118,92767199,71669819,1842076060,3912421475,3259956948,1970471187,1173482489,026.70%→,8.89%,10.76%,8.65%,8.01%,8.73%,10.73%,10.59%,13.92%,15.15%,4.57%,0.06%,1.47%,1.98%,0.82%,0.00%,0.91%,0.56%,1.29%,017.13%→,001.66%←,037.85%→,047.10%→,090.84%←,100.00%←,070.14%←,126.91%←,041.09%→
wcmpb,rsthf,qvgd_,xlouj,ynaei,kz___,vylet,5794.745900,1.16%,052.22%→,49.44%,011.05%→,5.88%,18.64%,8.58%,54740195796.60,010.89%→,046.64%→,1.44,019.41%→,1.29,1.60,11.52% │ 10.75% │ 09.10% │ 10.40% │ 05.35%,04.29% │ 12.82% │ 11.99% │ 13.79% │ 09.99%,08.32% │ 10.85% │ 13.45% │ 10.65% │ 03.81%,02.64% │ 11.88% │ 15.83% │ 14.75% │ 07.82%,015.27%← │ 022.07%→ │ 024.09%→ │ 018.86%→ │ 024.87%←,00.49% │ 01.47% │ 00.39% │ 00.84%,03.76% │ 00.43% │ 01.06% │ 00.17%,201.29%← │ 002.39%← │ 022.24%→ │ 077.84%→,32.98%,56.86%,10.16%,018.76%→ │ 028.58%→ │ 472.92%←,47.12%,52.88%,47.08%,52.92%,25794532665.99,28945663130.61,8131630894,9141379557,8539901788,64629858,135268044,1833036298,3434961567,3218903549,1481554410,1016265357,028.58%→,11.52%,10.75%,9.10%,10.40%,5.35%,9.99%,13.79%,11.99%,12.82%,4.29%,0.49%,1.47%,0.39%,0.84%,0.17%,1.06%,0.43%,3.76%,015.27%←,022.07%→,024.09%→,018.86%→,024.87%←,201.29%←,002.39%←,022.24%→,077.84%→
vmlcp,strdy,zkqgw,xfouj,_naei,bh___,sturdy,5747.426914,0.67%,009.05%→,50.33%,016.73%→,5.34%,14.02%,12.81%,56614084348.81,014.96%→,056.33%→,1.42,022.40%→,1.25,1.61,09.72% │ 11.45% │ 07.37% │ 08.93% │ 08.49%,03.03% │ 14.38% │ 12.32% │ 14.66% │ 09.65%,07.65% │ 12.15% │ 10.90% │ 09.20% │ 05.54%,01.81% │ 14.36% │ 15.83% │ 14.75% │ 07.82%,000.75%← │ 021.92%→ │ 040.22%→ │ 037.89%→ │ 180.56%←,00.10% │ 00.35% │ 00.87% │ 01.18%,00.70% │ 00.43% │ 01.06% │ 00.17%,045.26%→ │ 073.16%→ │ 041.35%← │ 053.60%←,31.59%,54.10%,14.31%,008.66%← │ 025.06%→ │ 020.64%→,45.96%,54.04%,45.44%,54.56%,26018724072.79,30595360276.02,7848331350,9424679101,8693042311,55082226,60564973,1554797301,3560060041,2421091720,2213343981,922520644,025.06%→,9.72%,11.45%,7.37%,8.93%,8.49%,9.65%,14.66%,12.32%,14.38%,3.03%,0.10%,0.35%,0.87%,1.18%,0.17%,1.06%,0.43%,0.70%,000.75%←,021.92%→,040.22%→,037.89%→,180.56%←,045.26%→,073.16%→,041.35%←,053.60%←
fdlgv,sthcy,zkmpw,qruo_,bneai,xj___,rain,5394.432033,0.78%,061.79%→,47.01%,015.92%→,5.66%,19.05%,11.02%,58234350707.82,010.50%→,053.97%→,1.49,024.31%→,1.29,1.71,11.17% │ 12.19% │ 10.28% │ 07.12% │ 06.47%,02.64% │ 15.85% │ 09.25% │ 16.04% │ 08.99%,08.76% │ 13.36% │ 11.55% │ 07.53% │ 04.47%,01.91% │ 14.25% │ 14.75% │ 15.83% │ 07.59%,024.35%← │ 024.01%→ │ 011.07%← │ 055.08%→ │ 145.05%←,00.21% │ 00.10% │ 00.85% │ 00.71%,02.10% │ 01.06% │ 00.43% │ 00.00%,100.00%← │ 080.16%→ │ 037.47%→ │ 074.76%→,36.76%,53.46%,09.79%,025.03%→ │ 028.37%→ │ 1391.17%←,47.23%,52.77%,45.67%,54.33%,27504293412.80,30730057295.02,7889371434,9383639017,8119451345,37146756,97222048,1793140238,3895308070,3290154073,1903411055,977850890,028.37%→,11.17%,12.19%,10.28%,7.12%,6.47%,8.99%,16.04%,9.25%,15.85%,2.64%,0.21%,0.10%,0.85%,0.71%,0.00%,0.43%,1.06%,2.10%,024.35%←,024.01%→,011.07%←,055.08%→,145.05%←,100.00%←,080.16%→,037.47%→,074.76%→
___py,aoeui,zqjkx,fgcrl,dhtns,bmwv_,dworak-2,4375.378930,2.08%,026.10%→,56.40%,023.28%→,5.99%,11.94%,7.34%,57534292158.10,032.74%→,045.96%→,1.31,009.86%→,1.23,1.37,10.03% │ 06.28% │ 05.20% │ 06.10% │ 12.61%,11.13% │ 08.73% │ 09.99% │ 14.70% │ 15.25%,08.40% │ 07.66% │ 12.20% │ 05.67% │ 09.48%,07.63% │ 09.33% │ 13.81% │ 15.10% │ 10.71%,034.20%→ │ 057.27%→ │ 047.98%→ │ 030.19%→ │ 013.34%←,00.57% │ 00.01% │ 00.32% │ 05.26%,01.69% │ 02.91% │ 02.17% │ 01.66%,073.35%→ │ 099.68%→ │ 090.36%→ │ 177.42%←,30.01%,59.06%,10.93%,077.21%→ │ 024.10%← │ 078.48%→,40.21%,59.79%,43.41%,56.59%,23136245237.89,34398046920.21,7498596767,9774413684,9742150118,152651811,206572556,1426269293,2639480242,2062688531,1267047056,1034753148,024.10%←,10.03%,6.28%,5.20%,6.10%,12.61%,15.25%,14.70%,9.99%,8.73%,11.13%,0.57%,0.01%,0.32%,5.26%,1.66%,2.17%,2.91%,1.69%,034.20%→,057.27%→,047.98%→,030.19%→,013.34%←,073.35%→,099.68%→,090.36%→,177.42%←
wlypk,crstb,jvdgq,zxou_,fneia,mh___,canary-angle-mod,4341.064116,0.91%,092.25%←,48.83%,019.64%→,6.85%,14.85%,13.27%,56146251329.28,024.25%→,060.09%→,1.45,025.20%→,1.25,1.67,07.09% │ 12.07% │ 09.43% │ 11.04% │ 03.47%,08.13% │ 12.43% │ 15.37% │ 10.42% │ 10.55%,05.25% │ 11.87% │ 11.97% │ 12.99% │ 02.47%,04.92% │ 12.36% │ 19.53% │ 10.37% │ 08.27%,032.78%→ │ 015.80%← │ 038.67%→ │ 011.15%→ │ 057.34%→,00.06% │ 01.69% │ 02.39% │ 00.72%,00.63% │ 00.56% │ 00.91% │ 00.00%,100.00%← │ 113.25%← │ 161.57%← │ 001.64%←,26.51%,54.49%,19.00%,012.16%← │ 041.37%→ │ 011.05%→,43.10%,56.90%,44.55%,55.45%,24198768370.30,31947482958.98,7695890389,9577120062,8434951404,103893021,54040134,1532734169,3840214080,2564273147,2291372249,1183295879,041.37%→,7.09%,12.07%,9.43%,11.04%,3.47%,10.55%,10.42%,15.37%,12.43%,8.13%,0.06%,1.69%,2.39%,0.72%,0.00%,0.91%,0.56%,0.63%,032.78%→,015.80%←,038.67%→,011.15%→,057.34%→,100.00%←,113.25%←,161.57%←,001.64%←
___py,aoeui,_qjkx,fgcrl,dhtns,bmwvz,dworak-modern,4108.948262,2.04%,030.43%→,56.55%,023.68%→,6.01%,11.88%,7.29%,57441539254.66,033.60%→,047.32%→,1.31,010.28%→,1.23,1.37,09.77% │ 06.28% │ 05.15% │ 06.10% │ 12.61%,11.14% │ 08.75% │ 10.01% │ 14.72% │ 15.47%,08.27% │ 07.66% │ 12.20% │ 05.67% │ 09.48%,07.63% │ 09.33% │ 13.81% │ 15.10% │ 10.84%,036.87%→ │ 057.35%→ │ 048.56%→ │ 030.27%→ │ 013.16%←,00.00% │ 00.01% │ 00.32% │ 05.26%,01.69% │ 02.91% │ 02.17% │ 01.70%,100.00%→ │ 099.68%→ │ 090.36%→ │ 177.42%←,30.06%,59.04%,10.90%,077.22%→ │ 023.62%← │ 081.65%→,39.91%,60.09%,43.28%,56.72%,22922418240.24,34519121014.42,7476382660,9796627791,9768727237,144440442,207628429,1393585472,2645586944,2051232054,1259446940,1038246704,023.62%←,9.77%,6.28%,5.15%,6.10%,12.61%,15.47%,14.72%,10.01%,8.75%,11.14%,0.00%,0.01%,0.32%,5.26%,1.70%,2.17%,2.91%,1.69%,036.87%→,057.35%→,048.56%→,030.27%→,013.16%←,100.00%→,099.68%→,090.36%→,177.42%←
qwldp,asrtg,zxcvj,kmuy_,fneio,bh___,soul,3728.490809,1.52%,038.56%←,45.32%,003.64%→,6.84%,16.29%,14.95%,58264295743.50,000.43%→,020.65%→,1.53,009.73%→,1.45,1.61,10.96% │ 07.51% │ 12.57% │ 12.61% │ 06.26%,06.85% │ 14.49% │ 11.01% │ 08.48% │ 09.28%,08.50% │ 08.33% │ 14.12% │ 13.70% │ 04.43%,04.55% │ 14.77% │ 14.75% │ 09.29% │ 07.56%,018.08%← │ 011.47%→ │ 014.11%← │ 012.99%→ │ 008.65%→,00.65% │ 00.64% │ 04.35% │ 00.88%,02.32% │ 01.06% │ 00.34% │ 00.00%,100.00%← │ 071.78%← │ 293.00%← │ 064.64%→,24.67%,61.43%,13.90%,046.75%← │ 010.06%→ │ 021.04%→,49.89%,50.11%,49.07%,50.93%,29069702397.54,29194593345.96,8476625502,8796384949,7827520835,152287855,109910262,2645972262,3334406556,2814198848,2581979209,1181748206,010.06%→,10.96%,7.51%,12.57%,12.61%,6.26%,9.28%,8.48%,11.01%,14.49%,6.85%,0.65%,0.64%,4.35%,0.88%,0.00%,0.34%,1.06%,2.32%,018.08%←,011.47%→,014.11%←,012.99%→,008.65%→,100.00%←,071.78%←,293.00%←,064.64%→
byou_,ciae_,gxjk_,zldwv,qhtsn,_rmfp,engrammer*,3665.601595,1.30%,071.27%←,54.28%,007.56%→,5.97%,14.85%,7.67%,55044727907.95,011.56%→,000.24%←,1.35,002.84%←,1.37,1.33,10.66% │ 08.84% │ 12.56% │ 14.86% │ 00.00%,00.34% │ 16.11% │ 12.05% │ 10.32% │ 14.23%,07.00% │ 09.48% │ 16.06% │ 15.49% │ 00.00%,00.23% │ 15.48% │ 15.22% │ 10.32% │ 10.71%,025.08%→ │ 014.35%→ │ 004.23%← │ 007.76%→ │ 100.00%→,00.29% │ 00.80% │ 01.70% │ 02.90%,01.84% │ 00.44% │ 00.71% │ 00.47%,059.75%→ │ 003.94%← │ 308.58%← │ 055.89%←,31.10%,46.38%,22.52%,021.22%← │ 015.24%← │ 071.01%→,46.93%,53.07%,48.04%,51.96%,25834708433.74,29210019474.21,8297415200,8975595251,9375542020,141554612,82648316,2218837790,2213519843,2564977358,1324029145,1030508546,015.24%←,10.66%,8.84%,12.56%,14.86%,0.00%,14.23%,10.32%,12.05%,16.11%,0.34%,0.29%,0.80%,1.70%,2.90%,0.47%,0.71%,0.44%,1.84%,025.08%→,014.35%→,004.23%←,007.76%→,100.00%→,059.75%→,003.94%←,308.58%←,055.89%←
zmrlf,nthsb,xqwkv,jyou_,cdeia,pg___,nokwts,3319.669941,1.46%,140.77%←,53.84%,005.63%→,6.63%,12.05%,10.52%,56034535530.40,002.19%→,029.64%→,1.35,009.73%→,1.29,1.42,09.23% │ 10.58% │ 11.15% │ 11.30% │ 07.19%,08.80% │ 07.42% │ 13.84% │ 10.11% │ 10.38%,07.81% │ 11.50% │ 12.90% │ 11.46% │ 04.88%,05.70% │ 07.58% │ 19.53% │ 10.37% │ 08.27%,011.15%→ │ 004.71%← │ 019.44%→ │ 052.32%← │ 018.33%→,00.10% │ 00.23% │ 03.16% │ 03.59%,01.68% │ 00.56% │ 00.91% │ 00.00%,100.00%← │ 072.30%→ │ 272.09%← │ 162.31%←,32.98%,55.65%,11.37%,023.71%← │ 011.77%→ │ 018.02%→,49.45%,50.55%,48.55%,51.45%,27706685205.14,28327850325.26,8386243053,8886767398,9300589485,177741042,73823432,1861621221,2645688947,2081955347,1816828728,1144527907,011.77%→,9.23%,10.58%,11.15%,11.30%,7.19%,10.38%,10.11%,13.84%,7.42%,8.80%,0.10%,0.23%,3.16%,3.59%,0.00%,0.91%,0.56%,1.68%,011.15%→,004.71%←,019.44%→,052.32%←,018.33%→,100.00%←,072.30%→,272.09%←,162.31%←
zoinx,_aer_,q_u_j,kdcfv,lhtsb,ympgw,zoinx,3088.347493,2.38%,020.48%→,47.97%,012.02%←,7.60%,18.96%,8.67%,53665648207.38,005.45%←,093.04%←,1.47,027.81%←,1.66,1.30,00.44% │ 16.66% │ 17.47% │ 15.98% │ 00.78%,10.36% │ 11.13% │ 09.93% │ 10.63% │ 06.62%,00.23% │ 15.83% │ 22.34% │ 14.02% │ 00.42%,06.72% │ 11.11% │ 14.27% │ 10.68% │ 04.39%,093.35%→ │ 056.64%← │ 075.97%← │ 043.60%← │ 092.52%→,00.07% │ 00.43% │ 03.54% │ 01.36%,04.71% │ 02.88% │ 00.64% │ 00.14%,097.30%→ │ 001.06%→ │ 092.18%← │ 076.66%→,42.54%,38.04%,19.42%,107.30%← │ 013.11%→ │ 065.84%→,51.33%,48.67%,52.83%,47.17%,27544897489.53,26120750717.85,9126045873,8146964578,8286383487,182093106,228979807,3637264926,1884251240,3274606037,1496905191,1312932266,013.11%→,0.44%,16.66%,17.47%,15.98%,0.78%,6.62%,10.63%,9.93%,11.13%,10.36%,0.07%,0.43%,3.54%,1.36%,0.14%,0.64%,2.88%,4.71%,093.35%→,056.64%←,075.97%←,043.60%←,092.52%→,097.30%→,001.06%→,092.18%←,076.66%→
qchmz,rsntg,xbldp,kyoj_,wueai,vf___,hands-down-referece,3000.864247,1.24%,151.78%←,53.31%,018.33%←,6.51%,12.29%,11.23%,54704329941.81,025.64%←,037.45%←,1.36,005.53%←,1.40,1.32,08.85% │ 11.82% │ 13.69% │ 14.53% │ 06.78%,05.63% │ 07.66% │ 14.12% │ 07.27% │ 09.65%,06.82% │ 11.39% │ 16.44% │ 15.22% │ 04.33%,03.51% │ 06.67% │ 19.53% │ 08.50% │ 07.59%,008.22%→ │ 062.74%← │ 003.03%→ │ 089.75%← │ 020.42%←,00.03% │ 01.87% │ 00.72% │ 02.85%,01.80% │ 00.56% │ 00.71% │ 00.00%,100.00%← │ 253.69%← │ 008.20%← │ 202.94%←,25.21%,53.47%,21.32%,012.66%← │ 004.25%→ │ 214.12%←,55.68%,44.32%,54.20%,45.80%,30459847043.66,24244482898.15,9361761137,7911249314,9208377172,153670185,61034279,2662456827,1937065654,2123064236,1939445281,1125189688,004.25%→,8.85%,11.82%,13.69%,14.53%,6.78%,9.65%,7.27%,14.12%,7.66%,5.63%,0.03%,1.87%,0.72%,2.85%,0.00%,0.71%,0.56%,1.80%,008.22%→,062.74%←,003.03%→,089.75%←,020.42%←,100.00%←,253.69%←,008.20%←,202.94%←
blcwv,nrstg,xzkmj,qfou_,yheia,pd___,meteorite,2805.355146,1.11%,093.18%←,54.03%,010.62%→,5.93%,11.03%,11.79%,54223732121.26,008.23%→,041.11%→,1.35,013.23%→,1.26,1.45,12.23% │ 10.87% │ 07.64% │ 11.90% │ 05.21%,06.34% │ 10.91% │ 13.79% │ 10.56% │ 10.54%,09.30% │ 10.92% │ 10.52% │ 13.09% │ 03.36%,03.95% │ 10.69% │ 19.53% │ 10.37% │ 08.27%,015.96%← │ 002.97%← │ 044.59%→ │ 009.03%← │ 017.78%→,00.14% │ 00.92% │ 04.74% │ 00.71%,01.19% │ 00.56% │ 00.91% │ 00.00%,100.00%← │ 006.52%← │ 355.23%← │ 032.87%→,30.65%,55.68%,13.67%,004.49%← │ 005.55%→ │ 039.61%→,47.85%,52.15%,47.19%,52.81%,25947890172.37,28275841948.89,8151988520,9121021931,9332000225,125925786,65184343,1658930137,2816969291,1904757490,2036912028,1024220784,005.55%→,12.23%,10.87%,7.64%,11.90%,5.21%,10.54%,10.56%,13.79%,10.91%,6.34%,0.14%,0.92%,4.74%,0.71%,0.00%,0.91%,0.56%,1.19%,015.96%←,002.97%←,044.59%→,009.03%←,017.78%→,100.00%←,006.52%←,355.23%←,032.87%→
fmpwq,stndy,kbcgv,zjou_,xraei,lh___,stand,2108.827618,1.19%,087.41%←,49.75%,015.47%→,6.03%,13.13%,13.85%,56828839419.69,020.59%→,059.62%→,1.43,025.57%→,1.23,1.66,12.49% │ 12.52% │ 08.60% │ 06.48% │ 04.17%,07.97% │ 10.78% │ 12.67% │ 14.80% │ 09.51%,09.38% │ 13.02% │ 12.96% │ 07.57% │ 02.88%,04.59% │ 11.44% │ 15.83% │ 14.75% │ 07.59%,031.33%← │ 015.40%→ │ 032.12%→ │ 039.92%→ │ 047.69%→,01.11% │ 01.95% │ 02.46% │ 00.98%,01.20% │ 00.43% │ 01.06% │ 00.00%,100.00%← │ 062.42%← │ 373.13%← │ 046.74%→,23.12%,52.95%,23.93%,011.39%→ │ 027.77%→ │ 012.09%→,44.26%,55.74%,45.81%,54.19%,25153932140.55,31674907279.14,7912349527,9360660924,8593664605,134527069,71784075,1499909406,3714325642,2268173412,2391548432,1041544023,027.77%→,12.49%,12.52%,8.60%,6.48%,4.17%,9.51%,14.80%,12.67%,10.78%,7.97%,1.11%,1.95%,2.46%,0.98%,0.00%,1.06%,0.43%,1.20%,031.33%←,015.40%→,032.12%→,039.92%→,047.69%→,100.00%←,062.42%←,373.13%←,046.74%→
ywflm,ursnh,zxcvj,kpoq_,dteai,bg___,poqtea,1997.480685,0.76%,059.22%←,53.86%,017.08%→,7.89%,11.34%,11.87%,55351491036.35,011.05%→,046.98%→,1.35,014.04%→,1.25,1.45,07.10% │ 07.52% │ 09.22% │ 12.26% │ 10.97%,09.34% │ 12.19% │ 14.66% │ 07.22% │ 09.52%,04.61% │ 08.41% │ 11.96% │ 12.83% │ 07.51%,06.19% │ 12.99% │ 19.53% │ 08.37% │ 07.59%,025.37%→ │ 004.20%← │ 037.09%→ │ 000.59%← │ 017.44%←,00.58% │ 00.49% │ 01.47% │ 01.09%,00.92% │ 00.56% │ 00.09% │ 00.00%,100.00%← │ 424.58%← │ 060.98%← │ 026.67%←,28.98%,59.47%,11.54%,038.24%← │ 032.61%→ │ 020.73%←,47.08%,52.92%,45.33%,54.67%,26056740478.69,29294750557.66,7830120822,9442889629,9303299507,80606716,50624739,1560852419,2943747727,1958111052,2049510636,1362388414,032.61%→,7.10%,7.52%,9.22%,12.26%,10.97%,9.52%,7.22%,14.66%,12.19%,9.34%,0.58%,0.49%,1.47%,1.09%,0.00%,0.09%,0.56%,0.92%,025.37%→,004.20%←,037.09%→,000.59%←,017.44%←,100.00%←,424.58%←,060.98%←,026.67%←
wpdfg,rntsy,zbkcv,qxou_,mhaei,jl___,blaze-colstag,1948.267021,0.67%,038.79%←,51.95%,000.95%→,5.73%,12.27%,12.87%,55279820776.17,001.27%←,033.78%→,1.39,014.32%→,1.29,1.50,11.48% │ 10.31% │ 08.99% │ 11.63% │ 07.90%,04.46% │ 09.14% │ 12.43% │ 14.25% │ 09.41%,08.35% │ 11.26% │ 13.36% │ 11.96% │ 04.83%,02.93% │ 09.14% │ 15.83% │ 14.75% │ 07.59%,022.04%← │ 027.61%→ │ 027.70%→ │ 027.31%← │ 077.18%←,00.52% │ 00.21% │ 00.10% │ 01.86%,00.49% │ 00.43% │ 01.06% │ 00.00%,100.00%← │ 084.94%→ │ 080.16%→ │ 430.45%←,28.19%,56.89%,14.91%,027.69%← │ 018.92%→ │ 053.48%←,50.32%,49.68%,49.76%,50.24%,27814581324.16,27465239452.01,8595449483,8677560968,8972729886,67683674,48766552,1926321350,2908848417,2119404931,2222227571,989229241,018.92%→,11.48%,10.31%,8.99%,11.63%,7.90%,9.41%,14.25%,12.43%,9.14%,4.46%,0.52%,0.21%,0.10%,1.86%,0.00%,1.06%,0.43%,0.49%,022.04%←,027.61%→,027.70%→,027.31%←,077.18%←,100.00%←,084.94%→,080.16%→,430.45%←
qhou_,jieay,xk___,glrfb,dtsnp,vmcwz,breakl-43,1794.518587,2.78%,038.95%→,57.37%,015.44%→,8.67%,13.86%,3.85%,53468951678.67,028.15%→,019.93%→,1.29,001.57%→,1.28,1.30,00.85% │ 13.33% │ 15.25% │ 09.99% │ 02.38%,11.20% │ 15.77% │ 14.69% │ 10.67% │ 05.86%,00.52% │ 13.01% │ 19.53% │ 11.05% │ 01.70%,06.95% │ 15.67% │ 16.30% │ 11.37% │ 03.89%,085.50%→ │ 024.87%← │ 003.84%← │ 036.61%→ │ 078.71%→,00.00% │ 05.45% │ 00.56% │ 01.85%,02.84% │ 05.85% │ 01.13% │ 00.13%,100.00%→ │ 453.42%← │ 088.51%→ │ 063.16%→,39.26%,47.40%,13.34%,023.03%→ │ 003.46%→ │ 087.79%→,41.81%,58.19%,45.82%,54.18%,22354913622.86,31114038055.81,7913948759,9359061692,9908962833,182258576,298553997,1733718410,2165218410,2394774741,665734194,1496946121,003.46%→,0.85%,13.33%,15.25%,9.99%,2.38%,5.86%,10.67%,14.69%,15.77%,11.20%,0.00%,5.45%,0.56%,1.85%,0.13%,1.13%,5.85%,2.84%,085.50%→,024.87%←,003.84%←,036.61%→,078.71%→,100.00%→,453.42%←,088.51%→,063.16%→
qwldg,nrstm,zxcvb,juop_,kaehi,yf___,kaehi,1752.755929,2.05%,020.39%→,55.18%,000.57%←,7.30%,14.82%,5.81%,54443799332.49,008.89%←,021.45%→,1.33,007.78%→,1.28,1.39,09.38% │ 07.62% │ 11.92% │ 13.35% │ 09.86%,04.31% │ 13.24% │ 14.57% │ 06.29% │ 09.46%,07.72% │ 08.41% │ 14.04% │ 13.70% │ 06.27%,02.68% │ 13.24% │ 19.53% │ 06.83% │ 07.59%,000.88%→ │ 021.05%← │ 018.16%→ │ 000.79%← │ 129.01%←,00.13% │ 00.49% │ 04.45% │ 01.16%,06.05% │ 00.56% │ 00.99% │ 00.00%,100.00%← │ 039.56%→ │ 470.41%← │ 075.92%→,30.86%,54.38%,14.76%,005.48%← │ 002.81%← │ 044.40%←,52.13%,47.87%,50.14%,49.86%,28380818179.98,26062981152.51,8660860437,8612150014,9532046769,156779006,196939337,1881023598,2394829286,2559007198,1003796795,1261479819,002.81%←,9.38%,7.62%,11.92%,13.35%,9.86%,9.46%,6.29%,14.57%,13.24%,4.31%,0.13%,0.49%,4.45%,1.16%,0.00%,0.99%,0.56%,6.05%,000.88%→,021.05%←,018.16%→,000.79%←,129.01%←,100.00%←,039.56%→,470.41%←,075.92%→
qldwz,nrtsg,pxbcv,jfou_,_haei,km_y_,graphyre-standard,1693.738194,0.90%,028.23%→,53.51%,001.26%→,5.74%,11.25%,12.19%,54809578935.08,003.21%←,025.15%→,1.36,009.41%→,1.29,1.43,12.49% │ 11.55% │ 10.52% │ 11.21% │ 05.01%,01.65% │ 09.56% │ 12.11% │ 16.41% │ 09.48%,09.73% │ 10.99% │ 14.24% │ 11.47% │ 03.26%,00.98% │ 09.47% │ 15.83% │ 16.45% │ 07.59%,031.79%← │ 029.60%→ │ 013.14%→ │ 017.24%← │ 204.02%←,00.10% │ 00.87% │ 00.29% │ 01.56%,00.39% │ 00.43% │ 02.52% │ 00.00%,100.00%← │ 077.03%→ │ 038.94%→ │ 458.32%←,27.34%,54.02%,18.64%,015.22%→ │ 001.97%→ │ 061.22%←,50.79%,49.21%,49.68%,50.32%,27837298947.92,26972279987.16,8581839406,8691171045,9242517564,64804792,90291536,1954347376,2611034713,1943068785,2104863406,991601474,001.97%→,12.49%,11.55%,10.52%,11.21%,5.01%,9.48%,16.41%,12.11%,9.56%,1.65%,0.10%,0.87%,0.29%,1.56%,0.00%,2.52%,0.43%,0.39%,031.79%←,029.60%→,013.14%→,017.24%←,204.02%←,100.00%←,077.03%→,038.94%→,458.32%←
vlhgk,srntb,zxmdp,qfouj,ycaei,_w___,focal,1649.124330,0.66%,044.39%←,53.37%,010.95%←,6.10%,11.69%,12.12%,54076937670.65,019.42%←,014.09%←,1.36,001.01%←,1.37,1.35,10.29% │ 11.46% │ 11.32% │ 14.30% │ 07.05%,02.52% │ 07.63% │ 12.09% │ 13.44% │ 09.89%,07.65% │ 10.99% │ 14.77% │ 14.67% │ 04.51%,01.80% │ 07.21% │ 15.83% │ 14.75% │ 07.82%,004.05%← │ 014.75%→ │ 006.38%→ │ 087.40%← │ 179.73%←,00.10% │ 00.87% │ 00.69% │ 00.95%,00.35% │ 00.43% │ 01.06% │ 00.17%,045.26%→ │ 039.08%→ │ 052.45%← │ 485.44%←,32.22%,53.62%,14.16%,012.38%← │ 010.01%→ │ 449.54%←,54.42%,45.58%,52.59%,47.41%,29431161738.92,24645775931.73,9084732787,8188277664,9218655165,66887721,46323573,2445615418,2143629070,2020057201,2093428035,1053127087,010.01%→,10.29%,11.46%,11.32%,14.30%,7.05%,9.89%,13.44%,12.09%,7.63%,2.52%,0.10%,0.87%,0.69%,0.95%,0.17%,1.06%,0.43%,0.35%,004.05%←,014.75%→,006.38%→,087.40%←,179.73%←,045.26%→,039.08%→,052.45%←,485.44%←
vlndk,tsrhf,zxpb_,jwou_,gcaei,myq__,kuntum,1080.851679,1.15%,130.50%←,52.43%,000.51%←,5.79%,12.03%,12.22%,57395753316.46,001.14%←,017.33%→,1.38,007.13%→,1.33,1.43,12.57% │ 10.73% │ 12.40% │ 10.71% │ 03.87%,07.68% │ 06.55% │ 12.59% │ 13.71% │ 09.19%,10.00% │ 10.91% │ 16.16% │ 10.12% │ 02.93%,04.88% │ 06.72% │ 15.93% │ 14.75% │ 07.59%,036.88%← │ 021.69%→ │ 001.46%→ │ 063.38%← │ 049.65%→,00.14% │ 01.65% │ 03.40% │ 00.43%,00.98% │ 00.48% │ 01.06% │ 00.00%,100.00%← │ 015.48%← │ 611.58%← │ 050.67%→,33.19%,55.32%,11.48%,038.43%← │ 009.99%→ │ 028.02%→,50.28%,49.72%,50.13%,49.87%,28861206758.71,28534546557.75,8658358283,8614652168,9056764557,138107795,59916678,2150263210,2600871886,2078120882,2110170174,1000350079,009.99%→,12.57%,10.73%,12.40%,10.71%,3.87%,9.19%,13.71%,12.59%,6.55%,7.68%,0.14%,1.65%,3.40%,0.43%,0.00%,1.06%,0.48%,0.98%,036.88%←,021.69%→,001.46%→,063.38%←,049.65%→,100.00%←,015.48%←,611.58%←,050.67%→
qwyrf,dsatn,zxcvj,mlubp,hoei_,gk___,carpax-qwyrfm,1048.018659,4.63%,001.66%→,45.73%,008.29%←,8.77%,12.09%,14.19%,61797750471.18,002.96%←,002.05%→,1.52,005.10%→,1.48,1.56,05.02% │ 07.01% │ 10.64% │ 15.61% │ 12.44%,12.61% │ 12.53% │ 12.20% │ 08.35% │ 03.57%,04.05% │ 08.33% │ 13.30% │ 16.40% │ 09.91%,09.33% │ 12.57% │ 14.75% │ 09.21% │ 02.15%,040.57%← │ 016.09%→ │ 012.77%→ │ 024.55%← │ 001.31%→,00.08% │ 00.64% │ 08.24% │ 04.35%,09.19% │ 01.06% │ 01.81% │ 00.00%,100.00%← │ 067.86%→ │ 601.26%← │ 043.14%→,31.89%,58.35%,09.76%,017.94%→ │ 009.20%← │ 052.64%←,50.73%,49.27%,51.99%,48.01%,31349102798.10,30448647673.08,8980133404,8292877047,7898209376,396642504,403325323,2924194525,2985495752,2088985060,2451592443,1514867430,009.20%←,5.02%,7.01%,10.64%,15.61%,12.44%,3.57%,8.35%,12.20%,12.53%,12.61%,0.08%,0.64%,8.24%,4.35%,0.00%,1.81%,1.06%,9.19%,040.57%←,016.09%→,012.77%→,024.55%←,001.31%→,100.00%←,067.86%→,601.26%←,043.14%→
qwerf,asdtg,zxcvb,jylk_,huoip,nm___,qwerf-2007,1045.071897,6.69%,144.34%←,41.76%,039.27%←,8.31%,16.43%,13.87%,63999017317.19,048.73%←,069.07%←,1.62,012.36%←,1.70,1.51,10.17% │ 07.45% │ 18.79% │ 15.70% │ 07.68%,16.62% │ 06.42% │ 07.98% │ 06.90% │ 02.28%,08.50% │ 08.33% │ 19.12% │ 16.40% │ 05.86%,12.40% │ 07.09% │ 11.83% │ 08.33% │ 02.15%,345.60%← │ 008.02%← │ 135.38%← │ 144.47%← │ 053.80%→,00.65% │ 00.64% │ 16.81% │ 06.39%,05.94% │ 05.30% │ 01.89% │ 00.00%,100.00%← │ 066.02%→ │ 412.85%← │ 022.83%←,31.85%,46.10%,22.04%,258.65%← │ 038.44%← │ 041.70%→,59.80%,40.20%,58.21%,41.79%,38268488064.22,25730529252.97,10054024703,7218985748,7212565735,819577027,335427593,4144149902,2451184016,2837347976,2395844003,1434563490,038.44%←,10.17%,7.45%,18.79%,15.70%,7.68%,2.28%,6.90%,7.98%,6.42%,16.62%,0.65%,0.64%,16.81%,6.39%,0.00%,1.89%,5.30%,5.94%,345.60%←,008.02%←,135.38%←,144.47%←,053.80%→,100.00%←,066.02%→,412.85%←,022.83%←
byou_,hiae_,kjxw_,qdngv,ztrsc,_mlfp,engram-v2025*,948.826892,1.23%,043.05%←,54.82%,003.81%→,6.10%,14.10%,7.80%,54612608185.08,004.70%→,014.25%←,1.34,005.94%←,1.38,1.30,09.87% │ 09.26% │ 12.83% │ 16.84% │ 00.00%,00.34% │ 14.75% │ 15.77% │ 10.89% │ 09.45%,07.05% │ 09.52% │ 16.02% │ 16.44% │ 00.00%,00.23% │ 15.22% │ 18.29% │ 10.68% │ 06.55%,004.43%← │ 014.99%→ │ 018.68%→ │ 014.18%← │ 100.00%→,00.32% │ 00.48% │ 00.84% │ 03.17%,00.46% │ 01.97% │ 00.64% │ 00.11%,214.21%← │ 033.28%→ │ 062.78%→ │ 640.99%←,33.36%,47.66%,18.98%,001.84%← │ 040.87%← │ 072.50%→,48.80%,51.20%,49.03%,50.97%,26649767335.83,27962840849.25,8468737991,8804272460,9469110706,124935205,87336845,2313643048,2025145899,2435785652,1346569702,1053015119,040.87%←,9.87%,9.26%,12.83%,16.84%,0.00%,9.45%,10.89%,15.77%,14.75%,0.34%,0.32%,0.48%,0.84%,3.17%,0.11%,0.64%,1.97%,0.46%,004.43%←,014.99%→,018.68%→,014.18%←,100.00%→,214.21%←,033.28%→,062.78%→,640.99%←
bfrlv,nshtd,zxkmq,jgou_,ycaei,pw___,eclipse,905.506419,1.18%,189.33%←,54.35%,002.77%←,6.25%,11.03%,11.38%,56155966691.29,005.09%←,011.95%→,1.34,005.17%→,1.31,1.38,11.68% │ 08.16% │ 08.87% │ 15.23% │ 07.30%,06.27% │ 07.39% │ 12.41% │ 13.52% │ 09.16%,09.24% │ 08.82% │ 11.96% │ 15.67% │ 05.00%,04.08% │ 07.07% │ 15.83% │ 14.75% │ 07.59%,027.45%← │ 039.61%→ │ 028.56%→ │ 105.98%← │ 016.40%←,00.22% │ 00.23% │ 02.48% │ 02.61%,00.71% │ 00.43% │ 01.06% │ 00.00%,100.00%← │ 087.14%→ │ 340.07%← │ 582.69%←,33.27%,56.22%,10.51%,024.49%← │ 000.62%→ │ 016.99%→,51.24%,48.76%,50.68%,49.32%,28774277876.60,27381688814.69,8754514109,8518496342,9388204956,151137908,52237195,2069461767,2350232930,1904871324,1965557802,1079515933,000.62%→,11.68%,8.16%,8.87%,15.23%,7.30%,9.16%,13.52%,12.41%,7.39%,6.27%,0.22%,0.23%,2.48%,2.61%,0.00%,1.06%,0.43%,0.71%,027.45%←,039.61%→,028.56%→,105.98%←,016.40%←,100.00%←,087.14%→,340.07%←,582.69%←
wchfv,rsntg,xmldb,_yujq,kieoa,zp___,hands-down-alt,874.756492,1.24%,008.94%←,56.63%,031.37%←,6.69%,10.33%,9.56%,52704572357.99,063.46%←,092.32%←,1.30,011.73%←,1.37,1.23,11.88% │ 13.64% │ 14.46% │ 14.44% │ 07.62%,01.35% │ 11.21% │ 08.25% │ 06.48% │ 10.67%,08.41% │ 12.38% │ 16.44% │ 14.80% │ 04.75%,00.87% │ 11.44% │ 14.75% │ 07.79% │ 08.37%,011.44%← │ 110.59%← │ 075.23%← │ 028.75%← │ 465.20%←,00.49% │ 02.31% │ 00.72% │ 01.04%,02.90% │ 01.06% │ 00.94% │ 00.09%,424.58%← │ 290.91%← │ 024.11%→ │ 043.26%→,23.97%,55.91%,20.12%,193.24%← │ 005.71%→ │ 452.87%←,62.04%,37.96%,56.78%,43.22%,32700087674.90,20004484683.09,9807477895,7465532556,9781759788,111896191,102710439,2648852571,1377287294,1785092148,1650645146,1155042286,005.71%→,11.88%,13.64%,14.46%,14.44%,7.62%,10.67%,6.48%,8.25%,11.21%,1.35%,0.49%,2.31%,0.72%,1.04%,0.09%,0.94%,1.06%,2.90%,011.44%←,110.59%←,075.23%←,028.75%←,465.20%←,424.58%←,290.91%←,024.11%→,043.26%→
vlndk,tsrhf,zxpb_,qwouj,gcaei,my___,kuntem,819.058132,1.15%,126.52%←,52.43%,000.51%←,5.72%,12.21%,12.03%,57459446863.90,000.92%←,017.33%→,1.38,007.13%→,1.33,1.43,12.56% │ 10.72% │ 12.39% │ 10.69% │ 03.86%,07.49% │ 06.55% │ 12.47% │ 13.70% │ 09.57%,10.00% │ 10.91% │ 16.16% │ 10.12% │ 02.93%,04.75% │ 06.72% │ 15.83% │ 14.75% │ 07.82%,031.21%← │ 021.73%→ │ 000.61%→ │ 063.37%← │ 048.42%→,00.14% │ 01.65% │ 03.40% │ 00.43%,01.01% │ 00.43% │ 01.06% │ 00.17%,003.62%← │ 015.48%← │ 715.81%← │ 051.68%→,33.36%,55.30%,11.34%,036.38%← │ 010.10%→ │ 026.55%→,50.23%,49.77%,50.13%,49.87%,28861206758.71,28598240105.19,8658358283,8614652168,9056764557,138107795,60968980,2150263210,2600871886,2109830430,2077215693,987583993,010.10%→,12.56%,10.72%,12.39%,10.69%,3.86%,9.57%,13.70%,12.47%,6.55%,7.49%,0.14%,1.65%,3.40%,0.43%,0.17%,1.06%,0.43%,1.01%,031.21%←,021.73%→,000.61%→,063.37%←,048.42%→,003.62%←,015.48%←,715.81%←,051.68%→
qwfpb,arstg,xcdvz,jluy_,mneio,kh___,colemak-angle-mod,693.683894,1.09%,006.90%←,46.48%,006.26%→,7.03%,15.80%,14.49%,57496556384.25,002.94%→,032.77%→,1.50,015.18%→,1.39,1.63,11.24% │ 12.45% │ 09.67% │ 10.56% │ 05.33%,05.21% │ 16.61% │ 11.04% │ 08.66% │ 09.24%,08.56% │ 11.55% │ 12.46% │ 12.02% │ 03.80%,03.58% │ 16.44% │ 14.75% │ 09.29% │ 07.56%,021.63%← │ 043.84%← │ 012.38%→ │ 036.41%→ │ 002.44%←,00.47% │ 02.35% │ 01.01% │ 00.79%,01.70% │ 01.06% │ 00.34% │ 00.00%,100.00%← │ 770.45%← │ 019.22%→ │ 062.98%→,20.29%,62.53%,17.18%,015.32%→ │ 012.21%→ │ 065.86%←,49.25%,50.75%,48.38%,51.62%,28319305347.92,29177251036.33,8357295810,8915714641,8027794562,97286742,91007496,2323742830,3456362261,2729578611,2502149266,1213638189,012.21%→,11.24%,12.45%,9.67%,10.56%,5.33%,9.24%,8.66%,11.04%,16.61%,5.21%,0.47%,2.35%,1.01%,0.79%,0.00%,0.34%,1.06%,1.70%,021.63%←,043.84%←,012.38%→,036.41%→,002.44%←,100.00%←,770.45%←,019.22%→,062.98%→
qgdfv,nsthm,bcpwk,zluoy,_reai,xj___,whirl,690.999270,0.96%,067.51%←,49.39%,004.75%→,5.28%,18.06%,9.45%,54952404403.95,000.21%←,036.61%→,1.44,016.13%→,1.32,1.57,11.63% │ 12.95% │ 11.39% │ 07.76% │ 06.32%,00.61% │ 11.31% │ 08.41% │ 16.84% │ 12.79%,09.21% │ 11.83% │ 14.76% │ 08.56% │ 04.43%,00.32% │ 11.03% │ 14.75% │ 15.83% │ 09.29%,009.02%→ │ 023.12%→ │ 035.53%← │ 031.39%→ │ 941.13%←,00.16% │ 01.72% │ 00.60% │ 02.25%,00.90% │ 01.06% │ 00.43% │ 00.34%,053.67%→ │ 201.41%← │ 043.32%→ │ 185.34%←,34.14%,52.13%,13.73%,046.55%→ │ 007.35%→ │ 1946.30%←,50.05%,49.95%,48.78%,51.22%,27505168614.73,27447235789.22,8426370116,8846640335,8531006025,103326918,61684240,2047268161,3229625467,3120211055,1632394971,912565306,007.35%→,11.63%,12.95%,11.39%,7.76%,6.32%,12.79%,16.84%,8.41%,11.31%,0.61%,0.16%,1.72%,0.60%,2.25%,0.34%,0.43%,1.06%,0.90%,009.02%→,023.12%→,035.53%←,031.39%→,941.13%←,053.67%→,201.41%←,043.32%→,185.34%←
qwjfg,asetd,zxcvb,ypul_,hnior,km___,asset,601.531510,2.77%,026.72%→,44.27%,007.93%←,6.56%,16.35%,14.65%,58090635117.84,006.69%←,005.63%→,1.55,007.19%→,1.50,1.62,10.87% │ 07.65% │ 11.81% │ 10.65% │ 10.64%,09.72% │ 10.70% │ 07.78% │ 12.29% │ 07.89%,08.50% │ 08.33% │ 15.53% │ 12.06% │ 07.49%,07.13% │ 12.24% │ 10.37% │ 11.83% │ 06.53%,037.76%← │ 037.77%→ │ 051.79%← │ 000.52%→ │ 009.52%←,00.65% │ 00.64% │ 05.60% │ 00.99%,04.54% │ 00.91% │ 05.30% │ 00.00%,100.00%← │ 091.47%→ │ 825.47%← │ 078.00%→,21.97%,65.33%,12.70%,041.61%→ │ 016.60%← │ 092.10%←,51.62%,48.38%,51.91%,48.09%,29986089943.37,28104545174.47,8965969954,8307040497,7647322642,202527064,276368804,2991058535,3169518476,2823796932,2530974489,1133017927,016.60%←,10.87%,7.65%,11.81%,10.65%,10.64%,7.89%,12.29%,7.78%,10.70%,9.72%,0.65%,0.64%,5.60%,0.99%,0.00%,5.30%,0.91%,4.54%,037.76%←,037.77%→,051.79%←,000.52%→,009.52%←,100.00%←,091.47%→,825.47%←,078.00%→
___py,oaeiu,zxcvj,qfgrk,dhtns,lmwb_,capewell-dvorak,562.642986,2.97%,074.83%←,53.38%,011.42%→,6.08%,12.27%,9.31%,55926685458.30,018.11%→,007.01%→,1.36,001.78%←,1.37,1.35,09.83% │ 07.20% │ 10.41% │ 10.36% │ 07.22%,12.46% │ 08.49% │ 08.81% │ 15.72% │ 09.49%,07.69% │ 08.46% │ 15.30% │ 10.81% │ 04.71%,08.19% │ 09.47% │ 12.54% │ 15.64% │ 07.19%,003.60%← │ 054.21%→ │ 018.20%← │ 021.97%← │ 042.04%→,00.18% │ 00.39% │ 05.43% │ 06.54%,02.57% │ 00.69% │ 02.94% │ 01.16%,083.39%→ │ 092.90%→ │ 865.81%← │ 123.93%←,20.14%,58.90%,20.97%,060.20%→ │ 022.71%← │ 051.60%→,45.02%,54.98%,46.97%,53.03%,25179897976.17,30746787482.13,8113451997,9159558454,9220272135,326848010,186953431,2210511942,2377115576,2119474397,1607442346,1050409456,022.71%←,9.83%,7.20%,10.41%,10.36%,7.22%,9.49%,15.72%,8.81%,8.49%,12.46%,0.18%,0.39%,5.43%,6.54%,1.16%,2.94%,0.69%,2.57%,003.60%←,054.21%→,018.20%←,021.97%←,042.04%→,083.39%→,092.90%→,865.81%←,123.93%←
xprty,qshfn,mwcvl,kuioj,daeb_,gz___,xpert-express,538.347431,5.45%,061.16%←,54.51%,013.83%←,9.30%,9.17%,8.88%,62421668846.16,045.26%←,021.65%←,1.34,002.28%←,1.36,1.32,04.10% │ 09.58% │ 14.83% │ 13.15% │ 17.57%,09.19% │ 09.29% │ 12.26% │ 09.68% │ 00.36%,02.89% │ 10.28% │ 14.54% │ 12.06% │ 13.46%,06.62% │ 11.18% │ 19.56% │ 09.18% │ 00.23%,1031.77%← │ 000.98%→ │ 020.91%← │ 041.57%← │ 091.25%←,00.07% │ 02.36% │ 06.85% │ 08.32%,07.76% │ 02.28% │ 02.82% │ 00.00%,100.00%← │ 006.53%→ │ 122.94%← │ 053.76%←,42.06%,37.62%,20.32%,008.72%← │ 017.93%← │ 405.05%←,59.23%,40.77%,53.23%,46.77%,36969982529.83,25451686316.33,9195208607,8077801844,9416304147,580731760,360338210,2410251021,1981344485,1584566905,1534598843,1606388841,017.93%←,4.10%,9.58%,14.83%,13.15%,17.57%,0.36%,9.68%,12.26%,9.29%,9.19%,0.07%,2.36%,6.85%,8.32%,0.00%,2.82%,2.28%,7.76%,1031.77%←,000.98%→,020.91%←,041.57%←,091.25%←,100.00%←,006.53%→,122.94%←,053.76%←
qfmlw,dstnr,zvgcx,yuobj,iaeh_,pk___,qfmlwy,501.517557,3.34%,046.35%→,55.67%,002.87%←,10.12%,10.08%,8.42%,55114697244.63,003.02%←,018.57%→,1.32,007.21%→,1.27,1.37,05.16% │ 09.36% │ 09.44% │ 15.16% │ 11.63%,16.93% │ 11.45% │ 14.97% │ 05.49% │ 00.41%,04.05% │ 09.71% │ 13.45% │ 15.08% │ 08.41%,11.44% │ 11.80% │ 19.53% │ 06.30% │ 00.23%,1164.58%← │ 070.42%← │ 036.96%→ │ 032.38%← │ 031.31%→,00.08% │ 00.23% │ 00.39% │ 04.63%,08.84% │ 00.56% │ 00.13% │ 00.00%,100.00%← │ 161.51%← │ 052.23%→ │ 047.04%→,30.54%,55.82%,13.64%,022.19%→ │ 004.36%← │ 086.17%←,50.74%,49.26%,50.71%,49.29%,27967319749.30,27147377495.33,8758703641,8514306810,9615098431,201355262,375320244,1881768162,2311033060,1741889832,1453882338,1748369724,004.36%←,5.16%,9.36%,9.44%,15.16%,11.63%,0.41%,5.49%,14.97%,11.45%,16.93%,0.08%,0.23%,0.39%,4.63%,0.00%,0.13%,0.56%,8.84%,1164.58%←,070.42%←,036.96%→,032.38%←,031.31%→,100.00%←,161.51%←,052.23%→,047.04%→
xympb,nhstg,vfcdk,jwouq,zreia,_l___,hyperdeath,457.844213,0.95%,042.73%←,48.74%,004.35%→,6.89%,14.46%,13.75%,54447667680.35,007.87%←,035.51%→,1.45,016.12%→,1.33,1.59,10.98% │ 09.81% │ 09.71% │ 14.48% │ 06.92%,00.58% │ 13.23% │ 13.05% │ 10.52% │ 10.72%,08.76% │ 08.57% │ 12.38% │ 14.76% │ 04.42%,00.36% │ 12.49% │ 19.53% │ 10.37% │ 08.37%,002.42%← │ 006.79%→ │ 025.63%→ │ 009.47%← │ 1090.76%←,00.50% │ 00.61% │ 02.31% │ 00.91%,01.39% │ 00.56% │ 00.91% │ 00.09%,458.02%← │ 044.48%→ │ 160.57%← │ 001.82%→,24.80%,54.09%,21.10%,027.43%→ │ 005.29%→ │ 154.60%←,51.89%,48.11%,48.89%,51.11%,28255159471.03,26192508209.32,8444478072,8828532379,8419116582,96089489,67323263,2112694424,3276088647,2497567372,2374963932,1189764085,005.29%→,10.98%,9.81%,9.71%,14.48%,6.92%,10.72%,10.52%,13.05%,13.23%,0.58%,0.50%,0.61%,2.31%,0.91%,0.09%,0.91%,0.56%,1.39%,002.42%←,006.79%→,025.63%→,009.47%←,1090.76%←,458.02%←,044.48%→,160.57%←,001.82%→
wpdgv,rntsf,bkcyz,qxouj,_haei,ml___,blaze-rowstag,219.106005,1.15%,218.41%←,51.95%,000.95%→,5.77%,12.40%,12.37%,56028297124.07,001.68%→,033.78%→,1.39,014.32%→,1.29,1.50,13.67% │ 09.20% │ 12.07% │ 10.01% │ 04.63%,04.84% │ 09.02% │ 12.50% │ 14.27% │ 09.79%,09.84% │ 10.38% │ 15.95% │ 10.20% │ 03.39%,02.70% │ 09.14% │ 15.83% │ 14.75% │ 07.82%,039.57%← │ 035.54%→ │ 003.44%→ │ 011.01%← │ 004.44%→,01.86% │ 01.02% │ 02.25% │ 01.65%,00.31% │ 00.43% │ 01.06% │ 00.17%,1250.17%← │ 032.39%→ │ 433.13%← │ 511.62%←,26.71%,53.05%,20.24%,009.57%← │ 007.57%→ │ 000.19%←,49.58%,50.42%,49.76%,50.24%,27776431804.35,28251865319.72,8595449483,8677560968,8972729886,150531890,47275564,1926321350,2908848417,2141406929,2135833730,995845467,007.57%→,13.67%,9.20%,12.07%,10.01%,4.63%,9.79%,14.27%,12.50%,9.02%,4.84%,1.86%,1.02%,2.25%,1.65%,0.17%,1.06%,0.43%,0.31%,039.57%←,035.54%→,003.44%→,011.01%←,004.44%→,1250.17%←,032.39%→,433.13%←,511.62%←
qwdrf,asetg,zxcvb,jypl_,huiok,nm___,c-qwerty,183.000648,5.90%,098.29%←,41.76%,039.27%←,8.43%,15.76%,14.50%,62629869950.98,037.49%←,069.07%←,1.62,012.36%←,1.70,1.51,10.34% │ 07.30% │ 16.05% │ 16.39% │ 07.82%,16.84% │ 07.05% │ 06.23% │ 11.14% │ 00.85%,08.50% │ 08.33% │ 19.12% │ 16.40% │ 05.86%,12.40% │ 07.09% │ 09.73% │ 11.83% │ 00.75%,1118.57%← │ 034.51%→ │ 157.67%← │ 132.59%← │ 053.58%→,00.65% │ 00.64% │ 12.52% │ 06.39%,05.94% │ 02.00% │ 05.30% │ 00.00%,100.00%← │ 091.47%→ │ 1129.22%← │ 022.83%←,26.48%,51.49%,22.03%,087.68%← │ 074.37%← │ 044.15%→,57.89%,42.11%,58.21%,41.79%,36258143532.06,26371726418.92,10054024703,7218985748,7212565735,677925251,341881975,4144149902,2451184016,2722366125,2504371472,1456726240,074.37%←,10.34%,7.30%,16.05%,16.39%,7.82%,0.85%,11.14%,6.23%,7.05%,16.84%,0.65%,0.64%,12.52%,6.39%,0.00%,5.30%,2.00%,5.94%,1118.57%←,034.51%→,157.67%←,132.59%←,053.58%→,100.00%←,091.47%→,1129.22%←,022.83%←
qwdrt,asefg,zxcvb,jykl_,huiop,nm___,c-qwerty-2,165.591095,5.44%,080.12%←,41.76%,039.27%←,8.31%,16.07%,14.23%,67199272061.41,052.47%←,069.07%←,1.62,012.36%←,1.70,1.51,09.86% │ 07.05% │ 16.02% │ 10.42% │ 17.04%,15.70% │ 06.58% │ 04.61% │ 10.53% │ 02.19%,08.50% │ 08.33% │ 19.12% │ 09.79% │ 12.47%,12.40% │ 07.09% │ 08.33% │ 11.83% │ 02.15%,350.95%← │ 033.02%→ │ 247.72%← │ 058.47%← │ 008.49%←,00.65% │ 00.64% │ 12.52% │ 04.47%,05.94% │ 01.89% │ 05.30% │ 00.00%,100.00%← │ 091.47%→ │ 1421.14%← │ 014.04%→,33.40%,46.02%,20.58%,247.32%← │ 042.74%← │ 043.90%→,60.39%,39.61%,58.21%,41.79%,40582876370.13,26616395691.28,10054024703,7218985748,7212565735,604176979,335427593,4144149902,2451184016,2775975652,2457216327,1434563490,042.74%←,9.86%,7.05%,16.02%,10.42%,17.04%,2.19%,10.53%,4.61%,6.58%,15.70%,0.65%,0.64%,12.52%,4.47%,0.00%,5.30%,1.89%,5.94%,350.95%←,033.02%→,247.72%←,058.47%←,008.49%←,100.00%←,091.47%→,1421.14%←,014.04%→
__uof,eiacy,_jpg_,qklrv,dhtns,bmwxz,gust,150.154962,3.00%,364.83%←,53.71%,000.75%→,5.50%,12.42%,7.87%,57171191528.86,007.59%←,019.07%←,1.36,006.67%←,1.40,1.31,14.22% │ 06.29% │ 09.99% │ 15.34% │ 06.00%,07.91% │ 06.61% │ 10.44% │ 13.38% │ 09.83%,11.97% │ 07.82% │ 13.20% │ 12.94% │ 03.89%,05.54% │ 08.03% │ 14.75% │ 14.21% │ 07.65%,044.69%← │ 053.01%→ │ 004.38%→ │ 132.00%← │ 024.18%→,00.00% │ 00.17% │ 08.06% │ 08.29%,00.58% │ 01.84% │ 01.22% │ 00.10%,100.00%→ │ 092.20%→ │ 291.46%← │ 1666.97%←,31.64%,54.64%,13.72%,014.83%← │ 014.92%← │ 028.92%→,51.83%,48.17%,49.81%,50.19%,29630940927.44,27540250601.42,8604030021,8668980430,9277997461,427098838,91882805,2462075235,2067826957,2145575041,1358664327,950508286,014.92%←,14.22%,6.29%,9.99%,15.34%,6.00%,9.83%,13.38%,10.44%,6.61%,7.91%,0.00%,0.17%,8.06%,8.29%,0.10%,1.22%,1.84%,0.58%,044.69%←,053.01%→,004.38%→,132.00%←,024.18%→,100.00%→,092.20%→,291.46%←,1666.97%←
_ql_p,arenb,zwhj_,_fudk,gsito,vcymx,arensito-1*,92.716321,3.96%,586.63%←,40.92%,003.46%→,5.66%,16.29%,16.69%,59342445402.88,004.90%→,004.49%←,1.64,005.20%←,1.68,1.60,10.77% │ 08.08% │ 18.93% │ 05.73% │ 05.23%,04.23% │ 11.10% │ 09.99% │ 14.72% │ 11.22%,08.40% │ 08.32% │ 20.92% │ 07.72% │ 03.77%,03.13% │ 11.96% │ 12.07% │ 15.22% │ 08.50%,004.01%→ │ 045.10%→ │ 089.58%← │ 048.40%→ │ 023.70%←,00.57% │ 00.49% │ 15.96% │ 00.26%,01.25% │ 01.24% │ 00.44% │ 01.14%,051.06%→ │ 038.95%→ │ 2123.46%← │ 084.28%→,20.02%,60.89%,19.08%,031.61%→ │ 017.11%← │ 031.40%→,48.74%,51.26%,49.12%,50.88%,28925327549.20,30417117853.68,8484486283,8788524168,7068424458,596906998,86933242,3443743890,3295731305,2813459145,2882457734,978351454,017.11%←,10.77%,8.08%,18.93%,5.73%,5.23%,11.22%,14.72%,9.99%,11.10%,4.23%,0.57%,0.49%,15.96%,0.26%,1.14%,0.44%,1.24%,1.25%,004.01%→,045.10%→,089.58%←,048.40%→,023.70%←,051.06%→,038.95%→,2123.46%←,084.28%→
ycgmk,rsitw,xfpdv,jhoq_,bneau,zl___,neauwr-bits,91.153947,1.50%,124.23%←,46.90%,003.70%←,7.70%,13.72%,15.69%,55939208816.61,017.18%←,014.09%→,1.49,008.87%→,1.43,1.57,11.77% │ 12.38% │ 10.47% │ 14.19% │ 05.14%,02.77% │ 16.67% │ 15.50% │ 07.33% │ 03.78%,08.42% │ 11.96% │ 11.78% │ 15.22% │ 03.51%,01.98% │ 16.44% │ 19.53% │ 08.37% │ 02.78%,211.62%← │ 068.85%← │ 032.44%→ │ 014.85%→ │ 085.55%←,02.57% │ 01.47% │ 04.57% │ 00.56%,01.87% │ 00.56% │ 00.09% │ 00.00%,100.00%← │ 2164.96%← │ 391.28%← │ 069.62%→,27.44%,54.90%,17.66%,005.23%← │ 003.09%← │ 112.97%←,53.95%,46.05%,50.91%,49.09%,30181669692.01,25757539124.60,8793193355,8479817096,8101674035,178935606,79801760,2636877692,3069347926,2370491054,2709441233,1329547455,003.09%←,11.77%,12.38%,10.47%,14.19%,5.14%,3.78%,7.33%,15.50%,16.67%,2.77%,2.57%,1.47%,4.57%,0.56%,0.00%,0.09%,0.56%,1.87%,211.62%←,068.85%←,032.44%→,014.85%→,085.55%←,100.00%←,2164.96%←,391.28%←,069.62%→
qwert,asdfg,zxcvb,yuio_,hjklp,nm___,qwerty-p,85.057602,6.95%,063.79%←,41.76%,039.27%←,8.31%,16.07%,14.23%,73889565125.36,032.24%←,069.07%←,1.62,012.36%←,1.70,1.51,09.02% │ 06.69% │ 16.65% │ 09.08% │ 15.51%,17.55% │ 05.77% │ 06.72% │ 10.90% │ 02.12%,08.50% │ 08.33% │ 19.12% │ 09.79% │ 12.47%,13.87% │ 05.61% │ 08.33% │ 11.83% │ 02.15%,325.59%← │ 038.65%→ │ 147.78%← │ 057.46%← │ 011.65%→,00.65% │ 00.64% │ 16.81% │ 04.47%,09.51% │ 01.89% │ 05.30% │ 00.00%,100.00%← │ 091.47%→ │ 1942.34%← │ 046.26%→,50.10%,29.08%,20.82%,060.46%← │ 088.79%← │ 048.64%→,56.94%,43.06%,58.21%,41.79%,42073855156.55,31815709968.81,10054024703,7218985748,7212565735,745828755,455365742,4144149902,2451184016,2775975652,2457216327,1434563490,088.79%←,9.02%,6.69%,16.65%,9.08%,15.51%,2.12%,10.90%,6.72%,5.77%,17.55%,0.65%,0.64%,16.81%,4.47%,0.00%,5.30%,1.89%,9.51%,325.59%←,038.65%→,147.78%←,057.46%←,011.65%→,100.00%←,091.47%→,1942.34%←,046.26%→
qwert,asdfg,zxcvb,yuiop,hjkl_,nm___,qwerty,84.959996,6.95%,063.79%←,41.76%,039.27%←,8.31%,16.07%,14.23%,74659117975.97,029.12%←,069.07%←,1.62,012.36%←,1.70,1.51,08.92% │ 06.62% │ 16.48% │ 08.98% │ 15.35%,17.40% │ 05.72% │ 06.68% │ 10.93% │ 02.91%,08.50% │ 08.33% │ 19.12% │ 09.79% │ 12.47%,13.87% │ 05.61% │ 08.33% │ 11.83% │ 02.15%,206.40%← │ 039.47%→ │ 146.87%← │ 057.02%← │ 011.79%→,00.65% │ 00.64% │ 16.81% │ 04.47%,09.51% │ 01.89% │ 05.30% │ 00.00%,100.00%← │ 091.47%→ │ 1942.34%← │ 046.26%→,52.55%,26.84%,20.61%,038.89%← │ 134.33%← │ 048.68%→,56.35%,43.65%,58.21%,41.79%,42073855156.55,32585262819.42,10054024703,7218985748,7212565735,745828755,455365742,4144149902,2451184016,2775975652,2457216327,1434563490,134.33%←,8.92%,6.62%,16.48%,8.98%,15.35%,2.91%,10.93%,6.68%,5.72%,17.40%,0.65%,0.64%,16.81%,4.47%,0.00%,5.30%,1.89%,9.51%,206.40%←,039.47%→,146.87%←,057.02%←,011.79%→,100.00%←,091.47%→,1942.34%←,046.26%→
yclmk,isrtg,vwdjq,zfu__,pneao,bh__x,isrt-angle-mod,51.176738,1.94%,326.87%←,46.83%,004.00%←,5.79%,14.05%,15.25%,57485002254.73,014.02%←,006.43%→,1.49,005.10%→,1.46,1.54,15.36% │ 12.06% │ 11.71% │ 10.13% │ 04.02%,05.66% │ 14.21% │ 10.39% │ 06.93% │ 09.53%,10.37% │ 11.47% │ 14.62% │ 11.63% │ 02.90%,03.89% │ 14.36% │ 14.75% │ 08.27% │ 07.75%,061.24%← │ 073.95%← │ 012.69%← │ 028.73%→ │ 029.05%→,04.90% │ 01.83% │ 05.52% │ 00.30%,01.06% │ 01.06% │ 00.00% │ 00.22%,2879.20%← │ 100.00%← │ 416.94%← │ 077.72%→,22.73%,59.98%,17.29%,145.69%← │ 012.15%→ │ 010.40%←,53.28%,46.72%,50.98%,49.02%,30625922155.79,26859080098.94,8805651076,8467359375,8089677074,270811595,63441236,2764176633,2954045946,2427573663,2634627995,1000376285,012.15%→,15.36%,12.06%,11.71%,10.13%,4.02%,9.53%,6.93%,10.39%,14.21%,5.66%,4.90%,1.83%,5.52%,0.30%,0.22%,0.00%,1.06%,1.06%,061.24%←,073.95%←,012.69%←,028.73%→,029.05%→,2879.20%←,100.00%←,416.94%←,077.72%→
_ymdf,aersg,xzcv_,jpluq,btnio,kwh__,capewell-0.9.3,44.782174,1.28%,136.32%←,39.21%,001.24%←,6.51%,18.10%,19.25%,59417243905.64,003.25%←,006.70%→,1.69,005.46%→,1.64,1.74,10.36% │ 12.90% │ 10.77% │ 10.98% │ 05.80%,03.52% │ 10.64% │ 15.09% │ 10.59% │ 09.36%,08.46% │ 13.80% │ 12.46% │ 11.35% │ 04.24%,02.60% │ 12.63% │ 16.44% │ 10.37% │ 07.66%,010.62%← │ 021.81%← │ 028.66%→ │ 003.18%← │ 064.87%←,00.39% │ 02.10% │ 03.14% │ 01.19%,01.09% │ 00.72% │ 00.91% │ 00.01%,3047.93%← │ 208.21%← │ 229.68%← │ 011.16%←,24.25%,60.65%,15.11%,014.32%← │ 011.59%← │ 036.24%→,50.80%,49.20%,50.31%,49.69%,30183699406.86,29233544498.78,8689880402,8583130049,6772454581,155172888,65662368,3395703191,3639741881,3126557037,3324923714,1123727355,011.59%←,10.36%,12.90%,10.77%,10.98%,5.80%,9.36%,10.59%,15.09%,10.64%,3.52%,0.39%,2.10%,3.14%,1.19%,0.01%,0.91%,0.72%,1.09%,010.62%←,021.81%←,028.66%→,003.18%←,064.87%←,3047.93%←,208.21%←,229.68%←,011.16%←
_ymdg,aersf,xzcvj,_wh__,ktnio,bpluq,capewell-0.9.2,44.735861,1.30%,133.95%←,39.28%,002.18%←,6.53%,18.10%,19.19%,59464387820.33,005.00%←,005.39%→,1.69,005.14%→,1.64,1.73,10.40% │ 12.98% │ 10.75% │ 10.98% │ 06.11%,03.40% │ 10.71% │ 14.69% │ 10.68% │ 09.29%,08.46% │ 13.80% │ 12.46% │ 11.35% │ 04.47%,02.37% │ 12.63% │ 16.44% │ 10.37% │ 07.66%,011.90%← │ 021.53%← │ 026.81%→ │ 002.50%← │ 079.42%←,00.39% │ 02.10% │ 03.14% │ 01.27%,01.18% │ 00.72% │ 00.91% │ 00.01%,3047.93%← │ 208.21%← │ 229.68%← │ 013.28%←,19.51%,59.77%,20.73%,091.69%← │ 016.67%← │ 057.15%→,51.22%,48.78%,50.54%,49.46%,30456669619.80,29007718200.53,8729617134,8543393317,6784529806,157819420,67459294,3414485955,3608883892,3125828600,3314360827,1128263831,016.67%←,10.40%,12.98%,10.75%,10.98%,6.11%,9.29%,10.68%,14.69%,10.71%,3.40%,0.39%,2.10%,3.14%,1.27%,0.01%,0.91%,0.72%,1.18%,011.90%←,021.53%←,026.81%→,002.50%←,079.42%←,3047.93%←,208.21%←,229.68%←,013.28%←
qwudp,asetg,zxcvb,jfyl_,hniro,km___,niro,20.180997,2.12%,395.15%←,43.38%,019.38%←,6.84%,17.44%,15.12%,58486142184.02,024.16%←,027.08%←,1.58,003.65%←,1.60,1.55,10.94% │ 07.80% │ 15.23% │ 12.90% │ 08.52%,07.08% │ 11.17% │ 06.30% │ 10.64% │ 09.42%,08.50% │ 08.33% │ 18.08% │ 13.70% │ 05.82%,05.66% │ 12.28% │ 09.29% │ 10.80% │ 07.56%,016.06%← │ 026.69%→ │ 141.76%← │ 015.51%← │ 020.40%←,00.65% │ 00.64% │ 08.09% │ 00.99%,01.29% │ 00.34% │ 00.86% │ 00.00%,100.00%← │ 042.56%→ │ 4597.04%← │ 016.73%→,23.75%,63.45%,12.79%,031.96%← │ 011.18%← │ 095.99%←,55.39%,44.61%,54.42%,45.58%,32395461207.47,26090680976.55,9399330182,7873680269,7493424546,304748546,61546943,3533776636,2780698471,3012610176,2611682512,1182034696,011.18%←,10.94%,7.80%,15.23%,12.90%,8.52%,9.42%,10.64%,6.30%,11.17%,7.08%,0.65%,0.64%,8.09%,0.99%,0.00%,0.86%,0.34%,1.29%,016.06%←,026.69%→,141.76%←,015.51%←,020.40%←,100.00%←,042.56%→,4597.04%←,016.73%→
qwkrf,dsatn,zxcvb,yuijp,hoel_,gm___,carpax-qwkrfy,12.944931,6.09%,021.63%→,46.50%,010.18%←,9.29%,11.91%,12.76%,61554849843.75,010.38%←,004.45%←,1.50,002.65%→,1.48,1.52,05.04% │ 07.06% │ 10.06% │ 15.82% │ 14.48%,11.21% │ 13.17% │ 15.65% │ 03.87% │ 03.63%,04.05% │ 08.33% │ 12.34% │ 16.40% │ 11.30%,08.43% │ 12.94% │ 19.56% │ 04.50% │ 02.15%,038.99%← │ 082.67%← │ 035.71%→ │ 020.08%← │ 029.17%←,00.08% │ 00.64% │ 09.53% │ 05.20%,13.87% │ 02.28% │ 00.02% │ 00.00%,100.00%← │ 5596.37%← │ 163.52%← │ 051.40%→,31.32%,54.52%,14.16%,021.80%→ │ 030.11%← │ 026.09%←,52.47%,47.53%,52.42%,47.58%,32296553685.09,29258296158.66,9054822585,8218187866,8031972561,461839452,589332237,2950871685,2825055407,2057639317,2203824114,1605139932,030.11%←,5.04%,7.06%,10.06%,15.82%,14.48%,3.63%,3.87%,15.65%,13.17%,11.21%,0.08%,0.64%,9.53%,5.20%,0.00%,0.02%,2.28%,13.87%,038.99%←,082.67%←,035.71%→,020.08%←,029.17%←,100.00%←,5596.37%←,163.52%←,051.40%→
plum_,reado,kjvb_,_cfgq,nthis,_wxyz,plum,7.035098,4.51%,172.19%←,36.77%,015.62%←,6.46%,15.29%,20.35%,64410773257.42,027.64%←,047.01%←,1.76,019.65%←,1.92,1.60,12.76% │ 16.78% │ 09.52% │ 07.78% │ 09.24%,08.83% │ 12.61% │ 04.43% │ 10.80% │ 07.26%,09.42% │ 16.47% │ 12.13% │ 08.05% │ 07.56%,07.49% │ 13.81% │ 07.06% │ 11.34% │ 06.67%,075.64%← │ 055.34%← │ 114.61%← │ 038.28%→ │ 004.71%←,05.03% │ 06.97% │ 04.12% │ 07.55%,03.66% │ 00.11% │ 03.64% │ 00.17%,4198.79%← │ 178.28%← │ 6120.13%← │ 050.90%←,23.88%,67.35%,08.77%,077.76%← │ 015.73%← │ 013.20%←,56.07%,43.93%,53.62%,46.38%,36115242625.79,28295530631.63,9262197733,8010812718,6350568329,569873535,209368742,4438316463,3019014861,2641096542,3515143650,1115277027,015.73%←,12.76%,16.78%,9.52%,7.78%,9.24%,7.26%,10.80%,4.43%,12.61%,8.83%,5.03%,6.97%,4.12%,7.55%,0.17%,3.64%,0.11%,3.66%,075.64%←,055.34%←,114.61%←,038.28%→,004.71%←,4198.79%←,178.28%←,6120.13%←,050.90%←
qfdrm,astnc,zwgvb,ykopx,hueil,_j___,benkeyless,6.608570,1.79%,179.49%←,47.55%,027.99%←,8.66%,13.24%,15.09%,59162131361.93,043.95%←,048.79%←,1.48,007.36%←,1.53,1.42,11.30% │ 10.00% │ 11.21% │ 15.60% │ 10.89%,08.22% │ 03.40% │ 15.07% │ 08.82% │ 05.48%,08.50% │ 10.32% │ 14.67% │ 15.10% │ 07.55%,06.38% │ 03.76% │ 19.53% │ 09.73% │ 04.46%,106.11%← │ 013.37%← │ 025.59%→ │ 359.00%← │ 032.49%←,00.65% │ 00.71% │ 00.53% │ 04.91%,01.64% │ 00.56% │ 02.00% │ 00.02%,7967.25%← │ 062.49%→ │ 028.97%→ │ 567.63%←,32.68%,58.19%,09.13%,033.19%← │ 017.75%← │ 3361.88%←,59.01%,40.99%,56.14%,43.86%,34910513071.73,24251618290.20,9696869355,7576141096,8213034092,227574034,81425817,3346010721,2248854840,2287693258,2606215380,1495940486,017.75%←,11.30%,10.00%,11.21%,15.60%,10.89%,5.48%,8.82%,15.07%,3.40%,8.22%,0.65%,0.71%,0.53%,4.91%,0.02%,2.00%,0.56%,1.64%,106.11%←,013.37%←,025.59%→,359.00%←,032.49%←,7967.25%←,062.49%→,028.97%→,567.63%←
tnwml,sgxjf,eadio,cbprh,kqzv_,yu___,tnwmlc,1.994993,19.54%,959.84%←,32.81%,202.62%←,8.40%,13.59%,17.95%,96634001961.54,302.83%←,1005.27%←,1.89,098.26%←,2.35,1.19,30.58% │ 18.62% │ 05.29% │ 09.91% │ 15.71%,05.42% │ 03.40% │ 01.23% │ 05.19% │ 04.65%,27.21% │ 17.81% │ 05.71% │ 10.42% │ 14.01%,05.78% │ 04.50% │ 02.28% │ 07.61% │ 04.68%,557.52%← │ 259.00%← │ 331.43%← │ 191.29%← │ 189.83%←,19.79% │ 29.48% │ 00.45% │ 29.43%,15.83% │ 00.02% │ 00.76% │ 00.00%,100.00%← │ 8982.07%← │ 6114.83%← │ 342.23%←,43.72%,11.71%,44.57%,097.12%← │ 760.68%← │ 927.26%←,80.11%,19.89%,75.16%,24.84%,77416011968.32,19217989993.22,12982886200,4290124251,5667090631,3083758535,290964389,7465372791,675436231,2347608189,3099792004,1451418047,760.68%←,30.58%,18.62%,5.29%,9.91%,15.71%,4.65%,5.19%,1.23%,3.40%,5.42%,19.79%,29.48%,0.45%,29.43%,0.00%,0.76%,0.02%,15.83%,557.52%←,259.00%←,331.43%←,191.29%←,189.83%←,100.00%←,8982.07%←,6114.83%←,342.23%←
qwdrf,asetg,zxcvb,jypl_,hunio,km___,c-qwerty-n,0.334818,5.41%,164.82%←,41.76%,039.27%←,7.27%,15.78%,14.91%,61183584161.86,045.47%←,069.07%←,1.62,012.36%←,1.70,1.51,10.58% │ 07.47% │ 16.43% │ 16.78% │ 08.00%,06.76% │ 07.43% │ 06.21% │ 11.49% │ 08.84%,08.50% │ 08.33% │ 19.12% │ 16.40% │ 05.86%,05.66% │ 07.09% │ 09.64% │ 11.85% │ 07.56%,019.63%← │ 035.03%→ │ 164.41%← │ 125.84%← │ 018.46%←,00.65% │ 00.64% │ 12.52% │ 06.39%,04.13% │ 00.07% │ 08.01% │ 00.00%,100.00%← │ 094.37%→ │ 34931.78%← │ 170.41%←,27.23%,60.52%,12.26%,085.31%← │ 023.96%← │ 093.60%←,59.26%,40.74%,58.21%,41.79%,36258143532.06,24925440629.80,10054024703,7218985748,7212565735,677925251,255997040,4144149902,2451184016,2726375667,2575151387,1255666512,023.96%←,10.58%,7.47%,16.43%,16.78%,8.00%,8.84%,11.49%,6.21%,7.43%,6.76%,0.65%,0.64%,12.52%,6.39%,0.00%,8.01%,0.07%,4.13%,019.63%←,035.03%→,164.41%←,125.84%←,018.46%←,100.00%←,094.37%→,34931.78%←,170.41%←
