keys_1,keys_2,keys_3,keys_4,keys_5,keys_6,name,fitness,row_switch_ratio,row_switch_imbalance,hand_switch_ratio,hands_imbalance,effort,efforts_imbalance,roll_imbalance,mean_streak,streak_imbalance,left_streak,right_streak,left_column_effort_ratio,right_column_effort_ratio,left_column_press_ratio,right_column_press_ratio,column_balance,row_effort_ratio,row_balance,left_effort_ratio,right_effort_ratio,left_count_ratio,right_count_ratio,left_effort,right_effort,left_count,right_count,hand_switches,left_row_switch_cost,right_row_switch_cost,left_rolls,right_rolls
_wumg,rtehc,_vxdk,qpof_,sainl,_yzjb,lniaschetr,1186.573204,16.47%,→000.97%,38.26%,←001.06%,58478866032.90,←000.96%,→001.36%,1.71,→001.72%,1.70,1.73,07.93% │ 09.97% │ 11.98% │ 11.83% │ 08.53%,08.77% │ 11.47% │ 12.16% │ 09.53% │ 07.83%,05.89% │ 09.91% │ 15.28% │ 12.12% │ 06.55%,06.13% │ 11.11% │ 14.94% │ 11.56% │ 06.53%,←001.37% │ ←004.55% │ →001.47% │ ←003.14% │ →002.78%,24.49% │ 63.20% │ 12.31%,→018.16% │ ←003.53% │ ←034.89%,50.24%,49.76%,50.26%,49.74%,29379390144.63,29099475888.27,8682134573,8590875880,6608799722,1415203080,1429029074,3574951385,3624148548
_wumg,rtehc,_vxdk,zpof_,sainl,_yqjb,lniaschetr,1186.403118,16.45%,→000.76%,38.26%,←001.06%,58499628554.73,←000.89%,→001.36%,1.71,→001.72%,1.70,1.73,07.93% │ 09.97% │ 11.98% │ 11.83% │ 08.52%,08.83% │ 11.48% │ 12.11% │ 09.53% │ 07.82%,05.89% │ 09.91% │ 15.25% │ 12.12% │ 06.58%,06.13% │ 11.11% │ 14.94% │ 11.56% │ 06.53%,←001.36% │ ←004.55% │ →001.04% │ ←002.97% │ →003.52%,24.54% │ 63.20% │ 12.26%,→018.55% │ ←003.47% │ ←036.14%,50.22%,49.78%,50.26%,49.74%,29379390144.63,29120238410.10,8682134573,8590875880,6608799722,1415203080,1426031170,3574951385,3624148548
_wumg,rtehc,_vxdk,zfop_,sainl,_yqjb,lniaschetr,1185.474476,16.45%,→000.76%,38.26%,←001.06%,58298729792.53,←001.59%,→001.36%,1.71,→001.72%,1.70,1.73,07.96% │ 10.00% │ 12.02% │ 11.87% │ 08.55%,08.86% │ 11.32% │ 12.14% │ 09.42% │ 07.87%,05.89% │ 09.87% │ 15.25% │ 12.16% │ 06.58%,06.13% │ 11.11% │ 14.94% │ 11.56% │ 06.53%,←001.09% │ ←006.21% │ →000.99% │ ←004.85% │ →003.50%,24.33% │ 63.37% │ 12.30%,→016.74% │ ←003.63% │ ←036.15%,50.39%,49.61%,50.26%,49.74%,29379390144.63,28919339647.90,8682134573,8590875880,6608799722,1415203080,1426031170,3574951385,3624148548
_kumg,rtehc,_wxdv,bpof_,lains,_yqzj,snialchetr,1182.436539,16.16%,←000.39%,38.26%,←001.06%,58816811981.19,←001.27%,→001.36%,1.71,→001.72%,1.70,1.73,07.89% │ 09.68% │ 12.04% │ 11.81% │ 08.89%,08.58% │ 11.84% │ 12.01% │ 09.36% │ 07.90%,06.68% │ 09.80% │ 15.25% │ 12.12% │ 05.89%,06.46% │ 11.11% │ 14.94% │ 11.23% │ 06.53%,→000.14% │ ←003.46% │ ←000.24% │ →000.20% │ ←003.65%,25.69% │ 63.06% │ 11.25%,→036.07% │ ←004.11% │ ←160.81%,50.32%,49.68%,50.26%,49.74%,29594008036.77,29222803944.42,8682134573,8590875880,6608799722,1398469488,1393064356,3574951385,3624148548
_wumg,rtehd,_vxck,jpof_,sainl,_yqzb,lniasdhetr,1181.553045,16.25%,→000.47%,38.26%,←001.06%,58559796956.54,←001.08%,→001.36%,1.71,→001.72%,1.70,1.73,07.91% │ 09.89% │ 12.00% │ 11.19% │ 09.28%,08.96% │ 11.48% │ 12.07% │ 09.40% │ 07.82%,05.89% │ 09.80% │ 15.25% │ 12.12% │ 06.68%,06.62% │ 10.61% │ 14.94% │ 11.56% │ 06.53%,←001.23% │ ←005.15% │ →000.57% │ →002.53% │ ←003.51%,24.63% │ 63.73% │ 11.64%,→019.34% │ ←005.35% │ ←029.89%,50.27%,49.73%,50.26%,49.74%,29436732063.60,29123064892.94,8682134573,8590875880,6608799722,1399911098,1406531804,3574951385,3624148548
_wumg,rtehc,_vxdk,zpof_,sianl,_yqjb,lnaischetr,1181.263450,16.45%,→000.76%,38.26%,←001.06%,58215349910.21,←001.88%,→001.36%,1.71,→001.72%,1.70,1.73,07.97% │ 10.01% │ 12.04% │ 11.88% │ 08.56%,08.89% │ 11.01% │ 12.15% │ 09.57% │ 07.90%,05.89% │ 09.91% │ 15.93% │ 11.44% │ 06.58%,06.13% │ 11.11% │ 14.94% │ 11.56% │ 06.53%,←000.81% │ ←004.62% │ →000.94% │ ←007.88% │ →003.67%,24.51% │ 63.29% │ 12.20%,→017.63% │ ←004.20% │ ←039.24%,50.47%,49.53%,50.26%,49.74%,29379390144.63,28835959765.58,8682134573,8590875880,6608799722,1415203080,1426031170,3574951385,3624148548
_wumg,rtehc,_vxdk,qpof_,sianl,_yzjb,lnaischetr,1180.959620,16.47%,→000.97%,38.26%,←001.06%,58192950801.38,←001.96%,→001.36%,1.71,→001.72%,1.70,1.73,07.97% │ 10.02% │ 12.04% │ 11.89% │ 08.57%,08.82% │ 11.01% │ 12.21% │ 09.58% │ 07.91%,05.89% │ 09.91% │ 15.96% │ 11.44% │ 06.55%,06.13% │ 11.11% │ 14.94% │ 11.56% │ 06.53%,←000.82% │ ←004.62% │ →001.35% │ ←008.02% │ →002.86%,24.45% │ 63.30% │ 12.25%,→017.19% │ ←004.25% │ ←037.94%,50.49%,49.51%,50.26%,49.74%,29379390144.63,28813560656.75,8682134573,8590875880,6608799722,1415203080,1429029074,3574951385,3624148548
_wumg,rtehd,_vxck,jpof_,sianl,_yqzb,lnaisdhetr,1180.889688,16.25%,→000.47%,38.26%,←001.06%,58270250172.42,←002.09%,→001.36%,1.71,→001.72%,1.70,1.73,07.95% │ 09.94% │ 12.06% │ 11.25% │ 09.32%,09.01% │ 11.00% │ 12.13% │ 09.45% │ 07.90%,05.89% │ 09.80% │ 15.93% │ 11.44% │ 06.68%,06.62% │ 10.61% │ 14.94% │ 11.56% │ 06.53%,←000.68% │ ←005.16% │ →000.56% │ ←002.26% │ ←003.48%,24.59% │ 63.83% │ 11.58%,→018.38% │ ←006.10% │ ←032.82%,50.52%,49.48%,50.26%,49.74%,29436732063.60,28833518108.82,8682134573,8590875880,6608799722,1399911098,1406531804,3574951385,3624148548
_wumg,rtehd,_vxck,jpof_,sainl,_yzqb,lniasdhetr,1180.685857,16.25%,→000.47%,38.26%,←001.06%,58564801304.50,←001.06%,→001.36%,1.71,→001.72%,1.70,1.73,07.91% │ 09.89% │ 12.00% │ 11.19% │ 09.28%,08.96% │ 11.48% │ 12.13% │ 09.36% │ 07.81%,05.89% │ 09.78% │ 15.28% │ 12.12% │ 06.68%,06.62% │ 10.61% │ 14.94% │ 11.56% │ 06.53%,←001.23% │ ←005.65% │ →001.03% │ →002.50% │ ←003.52%,24.63% │ 63.73% │ 11.64%,→019.35% │ ←005.34% │ ←029.72%,50.26%,49.74%,50.26%,49.74%,29436732063.60,29128069240.90,8682134573,8590875880,6608799722,1399911098,1406531804,3574951385,3624148548
_kumg,rtehc,_wzdv,bpof_,lains,_yxjq,snialchetr,1180.645376,16.07%,→001.67%,38.39%,←000.81%,58778763798.39,←000.98%,→001.90%,1.71,→001.92%,1.69,1.73,07.90% │ 09.66% │ 11.97% │ 11.82% │ 08.89%,08.58% │ 11.85% │ 12.13% │ 09.49% │ 07.71%,06.55% │ 09.91% │ 15.34% │ 12.12% │ 05.89%,06.46% │ 11.11% │ 14.88% │ 11.23% │ 06.53%,←002.44% │ ←001.85% │ →001.26% │ →000.27% │ ←003.57%,25.73% │ 63.08% │ 11.19%,→036.16% │ ←004.16% │ ←154.39%,50.24%,49.76%,50.20%,49.80%,29532162576.29,29246601222.10,8671251280,8601759173,6631309744,1376537246,1399863873,3553885641,3622704270
_wumg,rtehc,_vzdk,xpof_,sianl,_yqjb,lnaischetr,1180.325653,16.27%,→001.72%,38.39%,←000.81%,58208661253.82,←001.48%,→001.90%,1.71,→001.92%,1.69,1.73,07.97% │ 09.99% │ 11.96% │ 11.88% │ 08.56%,08.96% │ 11.06% │ 12.13% │ 09.57% │ 07.90%,05.89% │ 09.91% │ 15.93% │ 11.44% │ 06.64%,06.13% │ 11.11% │ 14.88% │ 11.56% │ 06.53%,←000.83% │ ←004.34% │ →001.39% │ ←007.44% │ →004.50%,24.62% │ 63.29% │ 12.09%,→018.27% │ ←004.23% │ ←037.22%,50.37%,49.63%,50.20%,49.80%,29317502180.07,28891159073.75,8671251280,8601759173,6631309744,1393126444,1417568439,3553885641,3622704270
_wumg,rtehd,_vkcx,qfop_,sainl,_yzjb,lniasdhetr,1180.302169,16.38%,→002.04%,38.26%,←001.06%,58213463144.16,←001.44%,→001.36%,1.71,→001.72%,1.70,1.73,07.96% │ 09.95% │ 12.77% │ 11.26% │ 08.42%,08.81% │ 11.31% │ 12.21% │ 09.43% │ 07.88%,05.89% │ 09.87% │ 15.28% │ 12.16% │ 06.55%,06.07% │ 10.61% │ 15.49% │ 11.56% │ 06.53%,←000.94% │ ←005.55% │ ←004.60% │ →000.51% │ →004.39%,24.29% │ 64.02% │ 11.69%,→016.44% │ ←005.56% │ ←022.05%,50.36%,49.64%,50.26%,49.74%,29314827693.32,28898635450.84,8682134573,8590875880,6608799722,1399911098,1429029074,3574951385,3624148548
_wumg,rtehd,_vkcx,qpof_,sianl,_yzjb,lnaisdhetr,1180.189407,16.38%,→002.04%,38.26%,←001.06%,58128388350.07,←001.74%,→001.36%,1.71,→001.72%,1.70,1.73,07.97% │ 09.97% │ 12.79% │ 11.27% │ 08.43%,08.83% │ 11.02% │ 12.22% │ 09.59% │ 07.92%,05.89% │ 09.91% │ 15.96% │ 11.44% │ 06.55%,06.07% │ 10.61% │ 15.49% │ 11.56% │ 06.53%,←000.66% │ ←003.96% │ ←004.67% │ ←002.33% │ →004.50%,24.46% │ 63.95% │ 11.59%,→017.30% │ ←006.13% │ ←024.80%,50.43%,49.57%,50.26%,49.74%,29314827693.32,28813560656.75,8682134573,8590875880,6608799722,1399911098,1429029074,3574951385,3624148548
_wumg,rtehd,_vxck,jpof_,sianl,_yzqb,lnaisdhetr,1180.022801,16.25%,→000.47%,38.26%,←001.06%,58275480549.04,←002.07%,→001.36%,1.71,→001.72%,1.70,1.73,07.95% │ 09.93% │ 12.06% │ 11.24% │ 09.32%,09.01% │ 10.99% │ 12.19% │ 09.40% │ 07.90%,05.89% │ 09.78% │ 15.96% │ 11.44% │ 06.68%,06.62% │ 10.61% │ 14.94% │ 11.56% │ 06.53%,←000.69% │ ←005.70% │ →001.04% │ ←002.28% │ ←003.48%,24.59% │ 63.83% │ 11.59%,→018.38% │ ←006.09% │ ←032.71%,50.51%,49.49%,50.26%,49.74%,29436732063.60,28838748485.44,8682134573,8590875880,6608799722,1399911098,1406531804,3574951385,3624148548
_kumg,rtehc,_wzdv,bfop_,lains,_yxqj,snialchetr,1179.807935,16.07%,→001.67%,38.39%,←000.81%,58617526465.81,←001.54%,→001.90%,1.71,→001.92%,1.69,1.73,07.92% │ 09.69% │ 12.01% │ 11.85% │ 08.91%,08.59% │ 11.69% │ 12.16% │ 09.24% │ 07.93%,06.68% │ 09.74% │ 15.34% │ 12.16% │ 05.89%,06.46% │ 11.11% │ 14.88% │ 11.23% │ 06.53%,→000.19% │ ←004.87% │ →001.29% │ ←001.43% │ ←003.70%,25.54% │ 63.20% │ 11.26%,→035.12% │ ←004.35% │ ←151.85%,50.38%,49.62%,50.20%,49.80%,29532162576.29,29085363889.52,8671251280,8601759173,6631309744,1376537246,1399863873,3553885641,3622704270
_kumg,rtehc,_wzdv,bpof_,lians,_yqxj,snailchetr,1179.074726,16.07%,→001.67%,38.39%,←000.81%,58407198150.25,←002.28%,→001.90%,1.71,→001.92%,1.69,1.73,07.95% │ 09.73% │ 12.05% │ 11.90% │ 08.94%,08.58% │ 11.29% │ 12.14% │ 09.49% │ 07.95%,06.68% │ 09.87% │ 15.93% │ 11.44% │ 05.89%,06.46% │ 11.11% │ 14.88% │ 11.23% │ 06.53%,←000.02% │ ←002.45% │ →000.70% │ ←005.39% │ ←004.29%,25.71% │ 63.10% │ 11.19%,→035.42% │ ←005.45% │ ←160.58%,50.56%,49.44%,50.20%,49.80%,29532162576.29,28875035573.96,8671251280,8601759173,6631309744,1376537246,1399863873,3553885641,3622704270
_kumg,rtehc,_wxdv,bpof_,lians,_yzqj,snailchetr,1178.864217,16.16%,←000.39%,38.26%,←001.06%,58421672854.23,←002.66%,→001.36%,1.71,→001.72%,1.70,1.73,07.94% │ 09.75% │ 12.12% │ 11.89% │ 08.95%,08.57% │ 11.25% │ 12.21% │ 09.37% │ 07.94%,06.68% │ 09.78% │ 15.96% │ 11.44% │ 05.89%,06.46% │ 11.11% │ 14.94% │ 11.23% │ 06.53%,←000.01% │ ←004.00% │ →000.72% │ ←005.77% │ ←004.37%,25.68% │ 63.09% │ 11.23%,→035.31% │ ←005.42% │ ←169.51%,50.66%,49.34%,50.26%,49.74%,29594008036.77,28827664817.46,8682134573,8590875880,6608799722,1398469488,1393064356,3574951385,3624148548
_kumg,rtehc,_wzdv,bpof_,lians,_yxqj,snailchetr,1177.998506,16.07%,→001.67%,38.39%,←000.81%,58406853987.68,←002.28%,→001.90%,1.71,→001.92%,1.69,1.73,07.95% │ 09.73% │ 12.05% │ 11.90% │ 08.94%,08.58% │ 11.29% │ 12.25% │ 09.38% │ 07.95%,06.68% │ 09.78% │ 16.02% │ 11.44% │ 05.89%,06.46% │ 11.11% │ 14.88% │ 11.23% │ 06.53%,←000.02% │ ←003.72% │ →001.67% │ ←005.42% │ ←004.29%,25.71% │ 63.10% │ 11.19%,→035.42% │ ←005.45% │ ←160.69%,50.56%,49.44%,50.20%,49.80%,29532162576.29,28874691411.39,8671251280,8601759173,6631309744,1376537246,1399863873,3553885641,3622704270
_gumw,rtehd,_kxcv,jpof_,sinal,_yqzb,lanisdhetr,1176.517835,16.25%,→000.47%,38.26%,←001.06%,58841186160.43,←000.46%,→001.36%,1.71,→001.72%,1.70,1.73,07.85% │ 09.98% │ 12.03% │ 11.19% │ 09.08%,08.94% │ 10.91% │ 12.34% │ 09.82% │ 07.87%,05.89% │ 10.58% │ 15.15% │ 11.44% │ 06.68%,06.59% │ 10.61% │ 14.94% │ 11.59% │ 06.53%,→000.20% │ ←001.54% │ →002.55% │ ←002.55% │ ←001.47%,24.23% │ 64.18% │ 11.59%,→019.91% │ ←003.90% │ ←033.96%,50.12%,49.88%,50.26%,49.74%,29488536096.43,29352650064.00,8682134573,8590875880,6608799722,1399911098,1406531804,3574951385,3624148548
_wylx,hretc,vgkqu,fmop_,dinas,zbj__,sanidcterh,1171.901737,15.91%,→000.01%,38.31%,→000.37%,59415297715.87,←001.69%,←000.45%,1.71,←000.59%,1.72,1.71,07.47% │ 09.90% │ 12.04% │ 12.10% │ 08.90%,08.79% │ 11.38% │ 12.41% │ 09.54% │ 07.46%,06.45% │ 10.42% │ 15.28% │ 11.81% │ 06.14%,06.30% │ 13.16% │ 14.42% │ 10.27% │ 05.76%,←000.07% │ ←003.78% │ →002.95% │ ←006.39% │ ←001.28%,26.27% │ 61.63% │ 12.10%,→045.24% │ ←004.35% │ ←294.85%,50.42%,49.58%,49.91%,50.09%,29956753028.95,29458544686.92,8620525240,8652485213,6617478753,1373665552,1373822526,3603271552,3587149350
_wylx,hretc,vgkqu,pmof_,dinas,zbj__,sanidcterh,1171.878489,15.91%,→000.01%,38.31%,→000.37%,59320901805.98,←002.02%,←000.45%,1.71,←000.59%,1.72,1.71,07.48% │ 09.92% │ 12.06% │ 12.12% │ 08.91%,08.71% │ 11.31% │ 12.36% │ 09.63% │ 07.48%,06.45% │ 10.46% │ 15.28% │ 11.81% │ 06.10%,06.30% │ 13.16% │ 14.42% │ 10.27% │ 05.76%,→000.01% │ ←002.97% │ →002.43% │ ←007.19% │ ←002.31%,26.23% │ 61.65% │ 12.11%,→044.97% │ ←004.61% │ ←294.78%,50.50%,49.50%,49.91%,50.09%,29956753028.95,29364148777.03,8620525240,8652485213,6617478753,1373665552,1373822526,3603271552,3587149350
_wylx,hretc,vgkqu,pmof_,dinas,jbz__,sanidcterh,1171.762927,15.91%,→000.01%,38.31%,→000.37%,59340380012.99,←001.95%,←000.45%,1.71,←000.59%,1.72,1.71,07.48% │ 09.92% │ 12.06% │ 12.12% │ 08.91%,08.84% │ 11.30% │ 12.26% │ 09.63% │ 07.48%,06.45% │ 10.46% │ 15.18% │ 11.81% │ 06.20%,06.30% │ 13.16% │ 14.42% │ 10.27% │ 05.76%,→000.01% │ ←002.92% │ →001.67% │ ←007.25% │ ←000.80%,26.23% │ 61.63% │ 12.14%,→044.98% │ ←004.61% │ ←290.28%,50.48%,49.52%,49.91%,50.09%,29956753028.95,29383626984.04,8620525240,8652485213,6617478753,1373665552,1373822526,3603271552,3587149350
_wylz,hretc,vgkju,pmof_,danis,xbq__,sinadcterh,1168.451792,15.62%,←000.61%,38.59%,→000.10%,59504094312.31,←001.47%,←000.54%,1.71,←000.45%,1.71,1.70,07.46% │ 09.89% │ 12.10% │ 12.19% │ 08.74%,08.82% │ 11.81% │ 12.32% │ 09.21% │ 07.47%,06.45% │ 09.77% │ 15.15% │ 12.49% │ 06.16%,06.24% │ 13.29% │ 14.42% │ 10.27% │ 05.76%,→000.24% │ ←007.40% │ →001.81% │ ←003.16% │ →000.93%,26.12% │ 61.71% │ 12.17%,→046.02% │ ←003.87% │ ←306.72%,50.37%,49.63%,49.98%,50.02%,29969447050.15,29534647262.16,8632193147,8640817306,6665025756,1353445740,1345305233,3580982397,3561891502
_wylz,hretc,vgkju,pmof_,danis,qbx__,sinadcterh,1168.413060,15.62%,←000.61%,38.59%,→000.10%,59467453065.49,←001.60%,←000.54%,1.71,←000.45%,1.71,1.70,07.46% │ 09.90% │ 12.10% │ 12.20% │ 08.74%,08.66% │ 11.81% │ 12.44% │ 09.21% │ 07.48%,06.45% │ 09.77% │ 15.24% │ 12.49% │ 06.07%,06.24% │ 13.29% │ 14.42% │ 10.27% │ 05.76%,→000.24% │ ←007.46% │ →002.71% │ ←003.25% │ ←000.88%,26.12% │ 61.73% │ 12.14%,→045.98% │ ←003.92% │ ←312.40%,50.40%,49.60%,49.98%,50.02%,29969447050.15,29498006015.34,8632193147,8640817306,6665025756,1353445740,1345305233,3580982397,3561891502
_vylz,hretc,kgwju,pmof_,danis,qbx__,sinadcterh,1168.077903,15.62%,←000.49%,38.59%,→000.10%,59370788341.74,←001.27%,←000.54%,1.71,←000.45%,1.71,1.70,07.07% │ 09.29% │ 12.97% │ 12.23% │ 08.76%,08.68% │ 11.83% │ 12.46% │ 09.22% │ 07.49%,06.45% │ 09.77% │ 15.24% │ 12.49% │ 06.07%,06.24% │ 13.29% │ 15.36% │ 09.66% │ 05.43%,→005.62% │ ←000.70% │ ←004.14% │ ←003.34% │ ←000.89%,25.55% │ 61.79% │ 12.66%,→049.60% │ ←003.77% │ ←333.35%,50.32%,49.68%,49.98%,50.02%,29872782326.40,29498006015.34,8632193147,8640817306,6665025756,1351899230,1345305233,3580982397,3561891502
_vylx,hretc,kgwqu,fmop_,dains,jbz__,sniadcterh,1167.967853,15.90%,→000.13%,38.31%,→000.37%,59153927040.57,←001.93%,←000.45%,1.71,←000.59%,1.72,1.71,07.10% │ 09.32% │ 12.95% │ 12.17% │ 08.94%,08.99% │ 11.81% │ 12.22% │ 09.02% │ 07.49%,06.45% │ 09.64% │ 15.28% │ 12.49% │ 06.24%,06.30% │ 13.16% │ 15.36% │ 09.66% │ 05.43%,→005.21% │ ←003.36% │ ←006.01% │ ←003.03% │ →000.54%,25.82% │ 61.48% │ 12.70%,→048.99% │ ←005.51% │ ←306.51%,50.48%,49.52%,49.91%,50.09%,29859899911.70,29294027128.87,8620525240,8652485213,6617478753,1372039612,1373822526,3603271552,3587149350
_vylq,hretc,kgwju,pmof_,dains,zbx__,sniadcterh,1167.201838,15.87%,←000.69%,38.44%,→000.22%,59120230511.57,←002.08%,←000.21%,1.71,←000.30%,1.71,1.71,07.10% │ 09.33% │ 12.97% │ 12.28% │ 08.85%,08.81% │ 11.92% │ 12.13% │ 09.13% │ 07.50%,06.45% │ 09.68% │ 15.34% │ 12.49% │ 06.10%,06.21% │ 13.29% │ 15.36% │ 09.66% │ 05.43%,→005.32% │ ←002.20% │ ←006.90% │ ←002.97% │ ←000.42%,25.59% │ 61.56% │ 12.85%,→049.78% │ ←005.04% │ ←329.17%,50.51%,49.49%,49.95%,50.05%,29864489071.76,29255741439.81,8627166815,8645843638,6639073196,1374867286,1365502906,3588089662,3580736797
_vylq,hretc,kgwzu,pmof_,dains,xbj__,sniadcterh,1167.195552,15.98%,→000.05%,38.44%,→000.62%,59162753785.42,←001.42%,→000.10%,1.71,←000.37%,1.71,1.71,07.09% │ 09.32% │ 12.97% │ 12.16% │ 08.81%,08.90% │ 11.92% │ 12.22% │ 09.12% │ 07.49%,06.45% │ 09.68% │ 15.38% │ 12.49% │ 06.16%,06.21% │ 13.19% │ 15.36% │ 09.66% │ 05.43%,→005.31% │ ←002.19% │ ←006.12% │ ←002.07% │ →001.05%,25.65% │ 61.51% │ 12.83%,→049.99% │ ←005.08% │ ←302.69%,50.35%,49.65%,49.84%,50.16%,29789272061.07,29373481724.35,8609641947,8663368506,6639251761,1380111178,1380758656,3582574315,3586073579
_fupb,laerd,xzwck,_gnv_,sitoh,jmqy_,hotisdreal,1165.112372,18.35%,←001.78%,37.71%,→001.29%,56795092650.79,→000.58%,→001.04%,1.73,←000.19%,1.73,1.73,05.91% │ 10.58% │ 12.61% │ 11.54% │ 09.20%,09.02% │ 11.84% │ 12.82% │ 10.46% │ 06.00%,04.68% │ 10.34% │ 16.38% │ 12.24% │ 06.68%,06.19% │ 12.00% │ 16.44% │ 10.58% │ 04.46%,→001.52% │ ←001.14% │ →001.62% │ →002.48% │ ←002.01%,22.41% │ 64.00% │ 13.59%,→006.42% │ →004.19% │ ←030.96%,49.85%,50.15%,49.68%,50.32%,28314567282.95,28480525367.84,8580546419,8692464034,6514391428,1599043098,1571040614,3627743447,3665764780
_fupb,laerd,xzwck,_gny_,sitoh,jmqv_,hotisdreal,1165.009476,18.31%,←002.23%,37.71%,→001.29%,56804451757.75,→000.62%,→001.04%,1.73,←000.19%,1.73,1.73,05.91% │ 10.58% │ 12.61% │ 11.54% │ 09.20%,09.02% │ 11.90% │ 12.81% │ 10.42% │ 06.00%,04.68% │ 10.34% │ 16.38% │ 12.24% │ 06.68%,06.19% │ 12.00% │ 16.44% │ 10.58% │ 04.46%,→001.52% │ ←001.56% │ →001.55% │ →003.04% │ ←002.01%,23.14% │ 64.05% │ 12.81%,→012.00% │ →004.37% │ ←050.89%,49.85%,50.15%,49.68%,50.32%,28314567282.95,28489884474.80,8580546419,8692464034,6514391428,1599043098,1564171214,3627743447,3665764780
_fupb,laerd,xzwck,_gnv_,sitoh,qmjy_,hotisdreal,1164.815419,18.35%,←001.78%,37.71%,→001.29%,56755025573.27,→000.44%,→001.04%,1.73,←000.19%,1.73,1.73,05.92% │ 10.59% │ 12.62% │ 11.55% │ 09.21%,08.83% │ 11.84% │ 12.98% │ 10.45% │ 06.01%,04.68% │ 10.34% │ 16.51% │ 12.24% │ 06.55%,06.19% │ 12.00% │ 16.44% │ 10.58% │ 04.46%,→001.52% │ ←001.31% │ →002.77% │ →002.43% │ ←004.29%,22.43% │ 64.02% │ 13.56%,→006.42% │ →004.13% │ ←032.01%,49.89%,50.11%,49.68%,50.32%,28314567282.95,28440458290.32,8580546419,8692464034,6514391428,1599043098,1571040614,3627743447,3665764780
_fupb,daerl,kxwcz,_gnv_,sitoh,jmqy_,hotislread,1164.273025,18.35%,←001.78%,37.71%,→001.29%,56842905513.10,→000.41%,→001.04%,1.73,←000.19%,1.73,1.73,05.97% │ 10.69% │ 12.63% │ 11.47% │ 09.14%,09.01% │ 11.83% │ 12.81% │ 10.46% │ 06.00%,04.68% │ 10.34% │ 16.38% │ 12.24% │ 06.68%,06.02% │ 12.00% │ 16.44% │ 10.65% │ 04.57%,→000.50% │ ←002.24% │ →001.42% │ →003.01% │ ←001.40%,22.38% │ 64.13% │ 13.49%,→006.53% │ →003.61% │ ←029.37%,49.90%,50.10%,49.68%,50.32%,28362380145.26,28480525367.84,8580546419,8692464034,6514391428,1599043098,1571040614,3627743447,3665764780
_fupb,daerl,kxwcz,_gnv_,sitoh,qmjy_,hotislread,1164.190167,18.35%,←001.78%,37.71%,→001.29%,56802838435.58,→000.27%,→001.04%,1.73,←000.19%,1.73,1.73,05.97% │ 10.70% │ 12.64% │ 11.48% │ 09.15%,08.82% │ 11.83% │ 12.97% │ 10.45% │ 06.00%,04.68% │ 10.34% │ 16.51% │ 12.24% │ 06.55%,06.02% │ 12.00% │ 16.44% │ 10.65% │ 04.57%,→000.50% │ ←002.42% │ →002.56% │ →002.97% │ ←003.67%,22.39% │ 64.15% │ 13.45%,→006.53% │ →003.54% │ ←030.41%,49.93%,50.07%,49.68%,50.32%,28362380145.26,28440458290.32,8580546419,8692464034,6514391428,1599043098,1571040614,3627743447,3665764780
_fupb,daerl,kxwcz,_gny_,sitoh,jmqv_,hotislread,1164.117232,18.31%,←002.23%,37.71%,→001.29%,56852264620.06,→000.45%,→001.04%,1.73,←000.19%,1.73,1.73,05.97% │ 10.69% │ 12.63% │ 11.47% │ 09.14%,09.01% │ 11.89% │ 12.80% │ 10.41% │ 06.00%,04.68% │ 10.34% │ 16.38% │ 12.24% │ 06.68%,06.02% │ 12.00% │ 16.44% │ 10.65% │ 04.57%,→000.50% │ ←002.67% │ →001.35% │ →003.58% │ ←001.40%,23.11% │ 64.18% │ 12.71%,→012.10% │ →003.79% │ ←049.06%,49.89%,50.11%,49.68%,50.32%,28362380145.26,28489884474.80,8580546419,8692464034,6514391428,1599043098,1564171214,3627743447,3665764780
_jgfw,hteru,vmkcb,ydop_,linas,__xzq,hterulinas,1158.664800,16.51%,→001.41%,39.02%,←001.15%,58712753973.83,←001.37%,→001.68%,1.69,→001.94%,1.68,1.71,07.76% │ 10.07% │ 12.56% │ 11.08% │ 08.87%,08.73% │ 11.31% │ 12.19% │ 09.63% │ 07.79%,05.76% │ 11.63% │ 14.77% │ 12.04% │ 06.09%,05.97% │ 11.41% │ 15.24% │ 10.54% │ 06.55%,→000.30% │ ←004.54% │ ←002.97% │ →002.07% │ ←001.57%,25.17% │ 62.22% │ 12.62%,→060.14% │ ←000.12% │ ←1982.78%,50.34%,49.66%,50.29%,49.71%,29555899152.88,29156854820.95,8685841642,8587168811,6740213074,1415490281,1435784868,3503927229,3563759352
_xgfw,hteru,vmkcb,ydop_,linas,__jqz,hterulinas,1158.337049,16.64%,→001.02%,38.91%,←000.99%,58761356037.87,←001.10%,→001.43%,1.70,→001.68%,1.68,1.71,07.76% │ 10.09% │ 12.52% │ 11.08% │ 08.82%,08.73% │ 11.30% │ 12.30% │ 09.57% │ 07.84%,05.76% │ 11.59% │ 14.77% │ 12.04% │ 06.09%,05.97% │ 11.41% │ 15.28% │ 10.52% │ 06.58%,→000.99% │ ←005.47% │ ←001.82% │ →001.96% │ ←001.11%,25.18% │ 62.16% │ 12.66%,→060.26% │ →000.05% │ ←1836.74%,50.27%,49.73%,50.25%,49.75%,29540918845.21,29220437192.66,8679200067,8593810386,6721086169,1429944191,1444678261,3517875350,3568938136
_mpxf,lnead,wjgcq,vurb_,hotis,zyk__,sitohdaenl,1157.637186,17.45%,→000.17%,39.20%,←001.40%,57536785945.61,←001.00%,→000.84%,1.69,→001.52%,1.67,1.70,07.70% │ 09.22% │ 12.72% │ 11.53% │ 09.08%,08.70% │ 12.07% │ 12.11% │ 09.01% │ 07.87%,06.45% │ 09.21% │ 16.07% │ 12.04% │ 05.89%,06.11% │ 11.79% │ 16.17% │ 10.32% │ 05.96%,→002.14% │ ←002.34% │ ←005.01% │ →004.47% │ ←004.44%,22.78% │ 64.07% │ 13.15%,→036.57% │ →002.02% │ ←181.00%,50.25%,49.75%,50.35%,49.65%,28911321600.28,28625464345.33,8696407743,8576602710,6771883342,1505947089,1508545343,3503154507,3532861806
_jgfw,hteru,vmkcb,ydop_,linas,__xqz,hterulinas,1157.621769,16.51%,→001.41%,39.02%,←001.15%,58721941665.80,←001.34%,→001.68%,1.69,→001.94%,1.68,1.71,07.76% │ 10.07% │ 12.55% │ 11.08% │ 08.87%,08.73% │ 11.32% │ 12.19% │ 09.58% │ 07.84%,05.76% │ 11.63% │ 14.77% │ 12.04% │ 06.09%,05.97% │ 11.41% │ 15.24% │ 10.52% │ 06.58%,→001.01% │ ←005.07% │ ←002.96% │ →002.12% │ ←001.57%,25.16% │ 62.22% │ 12.62%,→060.14% │ ←000.10% │ ←1959.91%,50.33%,49.67%,50.29%,49.71%,29555899152.88,29166042512.92,8685841642,8587168811,6740213074,1415490281,1435784868,3503927229,3563759352
_mpjy,dneal,gzfcq,vurb_,hotis,xwk__,sitohlaend,1156.301964,17.45%,←001.64%,38.90%,←001.19%,57639131927.13,←000.08%,→001.73%,1.70,→002.02%,1.68,1.71,08.19% │ 09.05% │ 12.29% │ 11.35% │ 09.15%,08.96% │ 11.88% │ 12.14% │ 09.16% │ 07.84%,06.45% │ 09.21% │ 16.07% │ 12.03% │ 05.95%,06.07% │ 11.83% │ 16.30% │ 10.22% │ 05.87%,←004.39% │ →001.23% │ ←001.23% │ →004.48% │ ←002.14%,22.44% │ 64.11% │ 13.45%,→038.75% │ →004.19% │ ←204.85%,50.02%,49.98%,50.30%,49.70%,28830841660.01,28808290267.12,8687693775,8585316678,6718509364,1519183805,1494713581,3513803922,3575586369
_mpjf,lnead,wxgcq,vurb_,hotis,zyk__,sitohdaenl,1155.788478,17.50%,←000.43%,39.20%,←001.40%,57544317428.63,←001.02%,→000.84%,1.69,→001.52%,1.67,1.70,07.70% │ 09.19% │ 12.76% │ 11.53% │ 09.08%,08.69% │ 12.06% │ 12.11% │ 09.01% │ 07.87%,06.45% │ 09.21% │ 16.07% │ 12.04% │ 05.89%,06.11% │ 11.83% │ 16.17% │ 10.28% │ 05.96%,→002.14% │ ←001.98% │ ←005.35% │ →004.44% │ ←004.45%,22.82% │ 64.07% │ 13.11%,→036.26% │ →001.98% │ ←179.80%,50.25%,49.75%,50.35%,49.65%,28918853083.30,28625464345.33,8696407743,8576602710,6771883342,1515053081,1508545343,3503154507,3532861806
_mpjy,dneal,gqfcz,vurb_,hotis,xwk__,sitohlaend,1155.371482,17.45%,←001.64%,38.90%,←001.19%,57662504676.33,←000.16%,→001.73%,1.70,→002.02%,1.68,1.71,08.19% │ 09.01% │ 12.29% │ 11.36% │ 09.19%,08.95% │ 11.88% │ 12.13% │ 09.16% │ 07.84%,06.45% │ 09.21% │ 16.07% │ 12.03% │ 05.95%,06.10% │ 11.83% │ 16.30% │ 10.19% │ 05.87%,←004.39% │ →001.65% │ ←001.34% │ →004.36% │ ←002.69%,22.44% │ 64.11% │ 13.45%,→038.75% │ →004.10% │ ←205.18%,50.04%,49.96%,50.30%,49.70%,28854214409.21,28808290267.12,8687693775,8585316678,6718509364,1519183805,1494713581,3513803922,3575586369
_cmp_,lnead,bzkfy,_urg_,hotis,vwjxq,lneadhotis,1155.293558,17.87%,←001.45%,38.78%,←001.13%,57780945091.38,←000.36%,→002.20%,1.70,→002.32%,1.68,1.72,07.90% │ 09.97% │ 11.70% │ 11.98% │ 08.53%,08.71% │ 12.01% │ 11.35% │ 09.88% │ 07.96%,05.89% │ 10.95% │ 15.32% │ 12.60% │ 05.53%,05.76% │ 12.03% │ 15.55% │ 09.83% │ 06.55%,→000.66% │ ←000.91% │ ←003.08% │ →000.22% │ →002.10%,22.02% │ 64.28% │ 13.70%,→027.72% │ →003.13% │ ←105.93%,50.09%,49.91%,50.28%,49.72%,28941772591.04,28839172500.34,8685199955,8587810498,6697927748,1554030259,1531833844,3515357763,3594614144
_mpzy,dneal,gjfcq,vurb_,hotis,xwk__,sitohlaend,1155.216067,17.45%,←001.61%,38.90%,←001.19%,57643871983.78,←000.09%,→001.73%,1.70,→002.02%,1.68,1.71,08.19% │ 09.17% │ 12.29% │ 11.24% │ 09.15%,08.95% │ 11.88% │ 12.14% │ 09.16% │ 07.84%,06.45% │ 09.21% │ 16.07% │ 12.03% │ 05.95%,06.07% │ 11.73% │ 16.30% │ 10.32% │ 05.87%,←004.39% │ ←000.07% │ ←001.25% │ →005.43% │ ←002.12%,22.33% │ 64.10% │ 13.56%,→039.54% │ →004.19% │ ←208.47%,50.02%,49.98%,50.30%,49.70%,28835581716.66,28808290267.12,8687693775,8585316678,6718509364,1518780035,1494713581,3513803922,3575586369
_mpjf,lnead,wzgcq,vurb_,hotis,xyk__,sitohdaenl,1155.180419,17.36%,→001.31%,39.32%,←001.14%,57556452371.47,←000.58%,→001.40%,1.68,→001.72%,1.67,1.70,07.70% │ 09.10% │ 12.74% │ 11.53% │ 09.08%,08.78% │ 12.05% │ 12.15% │ 09.01% │ 07.87%,06.45% │ 09.21% │ 16.07% │ 12.04% │ 05.95%,06.11% │ 11.83% │ 16.17% │ 10.22% │ 05.96%,→002.13% │ ←000.93% │ ←004.88% │ →004.34% │ ←003.46%,22.77% │ 64.13% │ 13.09%,→036.57% │ →001.99% │ ←170.75%,50.14%,49.86%,50.28%,49.72%,28861550732.59,28694901638.88,8685524450,8587486003,6792330552,1489313122,1509074968,3483120169,3532448934
_cmp_,lnead,bzkfy,_urg_,hotis,vwxjq,lneadhotis,1154.941653,17.87%,←001.45%,38.78%,←001.13%,57789726637.99,←000.33%,→002.20%,1.70,→002.32%,1.68,1.72,07.90% │ 09.97% │ 11.70% │ 11.98% │ 08.53%,08.71% │ 12.01% │ 11.32% │ 09.91% │ 07.96%,05.89% │ 10.95% │ 15.32% │ 12.60% │ 05.53%,05.76% │ 12.03% │ 15.52% │ 09.87% │ 06.55%,→000.66% │ ←000.57% │ ←003.31% │ →000.28% │ →002.10%,22.01% │ 64.29% │ 13.70%,→027.72% │ →003.17% │ ←105.73%,50.08%,49.92%,50.28%,49.72%,28941772591.04,28847954046.95,8685199955,8587810498,6697927748,1554030259,1531833844,3515357763,3594614144
_cmp_,lnead,bzkfy,_urg_,hitos,vwxjq,lneadhitos,1154.858155,17.87%,←001.45%,38.78%,←001.13%,57599907341.79,←000.99%,→002.20%,1.70,→002.32%,1.68,1.72,07.93% │ 10.00% │ 11.74% │ 12.02% │ 08.56%,08.74% │ 12.40% │ 11.29% │ 09.44% │ 07.88%,05.89% │ 10.95% │ 15.32% │ 12.60% │ 05.53%,05.76% │ 12.06% │ 15.52% │ 09.84% │ 06.55%,←000.64% │ ←005.92% │ ←003.99% │ →003.07% │ →002.14%,22.11% │ 64.23% │ 13.67%,→027.86% │ →002.36% │ ←109.53%,50.25%,49.75%,50.28%,49.72%,28941772591.04,28658134750.75,8685199955,8587810498,6697927748,1554030259,1531833844,3515357763,3594614144
_xgmb,hteru,vfkcw,ydop_,lanis,__jzq,hterulanis,1154.839664,16.67%,→000.65%,38.91%,←000.99%,58942470552.85,←001.22%,→001.43%,1.70,→001.68%,1.68,1.71,07.75% │ 09.45% │ 12.62% │ 11.69% │ 08.79%,08.73% │ 11.42% │ 12.49% │ 09.28% │ 07.77%,05.76% │ 11.17% │ 14.77% │ 12.46% │ 06.09%,05.97% │ 12.09% │ 15.28% │ 09.86% │ 06.55%,→000.30% │ ←001.89% │ ←001.06% │ ←002.31% │ ←000.65%,25.85% │ 62.13% │ 12.01%,→057.00% │ ←000.40% │ ←1754.16%,50.30%,49.70%,50.25%,49.75%,29649625492.35,29292845060.50,8679200067,8593810386,6721086169,1435312259,1444678261,3517875350,3568938136
_cmp_,lnead,bqkfy,_urg_,hitos,vwxjz,lneadhitos,1154.739758,17.71%,←001.79%,38.86%,←001.02%,57529609241.54,←000.82%,→002.53%,1.70,→002.46%,1.68,1.72,07.94% │ 09.98% │ 11.71% │ 12.02% │ 08.56%,08.76% │ 12.33% │ 11.30% │ 09.47% │ 07.94%,05.89% │ 10.92% │ 15.32% │ 12.60% │ 05.53%,05.76% │ 12.06% │ 15.52% │ 09.84% │ 06.58%,→000.08% │ ←005.39% │ ←003.60% │ →002.51% │ →002.19%,22.03% │ 64.27% │ 13.70%,→027.25% │ →002.65% │ ←106.09%,50.20%,49.80%,50.25%,49.75%,28882683245.28,28646925996.26,8680173623,8592836830,6712099772,1542881444,1515771619,3502402736,3593397147
_mpxf,lnead,wjgcq,vusb_,hotir,zyk__,ritohdaenl,1154.686416,17.47%,→000.38%,39.20%,←001.40%,57743114583.37,←000.28%,→000.84%,1.69,→001.52%,1.67,1.70,07.67% │ 09.19% │ 12.67% │ 11.49% │ 09.05%,08.68% │ 11.98% │ 12.41% │ 09.04% │ 07.82%,06.53% │ 09.21% │ 15.99% │ 12.04% │ 05.89%,06.11% │ 11.79% │ 16.17% │ 10.32% │ 05.96%,→001.81% │ ←001.63% │ ←002.09% │ →004.15% │ ←004.26%,22.85% │ 64.08% │ 13.07%,→037.24% │ →002.76% │ ←183.94%,50.07%,49.93%,50.35%,49.65%,28911321600.28,28831792983.09,8696407743,8576602710,6771883342,1505947089,1511726294,3503154507,3532861806
_xfmb,hteru,vgkcw,ydop_,lanis,__qjz,hterulanis,1154.168576,16.68%,→000.59%,38.91%,←000.99%,58947706888.89,←001.16%,→001.43%,1.70,→001.68%,1.68,1.71,07.85% │ 09.33% │ 12.64% │ 11.68% │ 08.80%,08.73% │ 11.44% │ 12.33% │ 09.38% │ 07.83%,05.76% │ 11.04% │ 14.90% │ 12.46% │ 06.09%,05.97% │ 12.09% │ 15.15% │ 09.96% │ 06.58%,←000.23% │ →000.60% │ ←002.48% │ ←002.14% │ ←000.70%,25.88% │ 62.18% │ 11.94%,→056.75% │ ←000.45% │ ←1716.84%,50.29%,49.71%,50.25%,49.75%,29643306614.88,29304400274.01,8679200067,8593810386,6721086169,1436220517,1444678261,3517875350,3568938136
_yplc,roenf,__wkj,zbdg_,hitas,vmuxq,roenfhitas,1154.135382,16.32%,→000.06%,39.99%,→000.61%,58210567076.51,→001.30%,←001.04%,1.67,←001.10%,1.67,1.66,08.08% │ 09.79% │ 11.73% │ 11.43% │ 08.65%,08.67% │ 11.75% │ 11.83% │ 10.16% │ 07.93%,06.53% │ 09.26% │ 15.81% │ 12.50% │ 05.74%,05.89% │ 11.81% │ 15.40% │ 10.51% │ 06.55%,←001.89% │ →003.66% │ →000.84% │ →002.68% │ →000.19%,23.35% │ 64.11% │ 12.54%,←075.57% │ →004.55% │ →061.48%,49.67%,50.33%,49.85%,50.15%,28915330917.83,29295236158.68,8610183845,8662826608,6906854194,1408740713,1409616739,3468393205,3432652256
_cmp_,lnead,bqkfy,_urg_,hitos,vwjxz,lneadhitos,1154.119735,17.71%,←001.79%,38.86%,←001.02%,57512733983.26,←000.88%,→002.53%,1.70,→002.46%,1.68,1.72,07.94% │ 09.98% │ 11.71% │ 12.02% │ 08.57%,08.76% │ 12.33% │ 11.33% │ 09.41% │ 07.95%,05.89% │ 10.92% │ 15.32% │ 12.60% │ 05.53%,05.76% │ 12.06% │ 15.55% │ 09.80% │ 06.58%,→000.08% │ ←006.03% │ ←003.36% │ →002.53% │ →002.19%,22.03% │ 64.27% │ 13.70%,→027.25% │ →002.57% │ ←106.29%,50.22%,49.78%,50.25%,49.75%,28882683245.28,28630050737.98,8680173623,8592836830,6712099772,1542881444,1515771619,3502402736,3593397147
_yplc,roenf,__wkj,xbdg_,hitas,vmuzq,roenfhitas,1153.946715,16.32%,→000.15%,39.99%,→000.61%,58223919001.62,→001.34%,←001.04%,1.67,←001.10%,1.67,1.66,08.07% │ 09.78% │ 11.73% │ 11.43% │ 08.65%,08.73% │ 11.75% │ 11.84% │ 10.09% │ 07.92%,06.53% │ 09.26% │ 15.81% │ 12.50% │ 05.74%,05.95% │ 11.81% │ 15.40% │ 10.45% │ 06.55%,←001.89% │ →003.06% │ →000.96% │ →002.71% │ →000.96%,23.42% │ 64.11% │ 12.48%,←074.18% │ →004.59% │ →061.22%,49.66%,50.34%,49.85%,50.15%,28915330917.83,29308588083.79,8610183845,8662826608,6906854194,1408740713,1410790869,3468393205,3432652256
_yplc,roenf,__wkj,vbmg_,hitas,xudqz,roenfhitas,1153.889137,16.17%,←001.73%,39.99%,→000.61%,58155836628.89,→001.11%,←001.04%,1.67,←001.10%,1.67,1.66,08.08% │ 09.80% │ 11.74% │ 11.44% │ 08.66%,08.79% │ 12.17% │ 11.38% │ 10.05% │ 07.88%,06.53% │ 09.26% │ 15.81% │ 12.50% │ 05.74%,05.95% │ 11.99% │ 15.22% │ 10.42% │ 06.58%,←002.52% │ →002.57% │ ←003.14% │ →005.95% │ →001.51%,23.86% │ 63.93% │ 12.22%,←066.18% │ →003.85% │ →060.00%,49.72%,50.28%,49.85%,50.15%,28915330917.83,29240505711.06,8610183845,8662826608,6906854194,1408740713,1384744771,3468393205,3432652256
_cmp_,lnead,bzkfy,_urg_,hotis,vwjqx,lneadhotis,1153.734452,17.87%,←001.45%,38.78%,←001.13%,57786222955.63,←000.34%,→002.20%,1.70,→002.32%,1.68,1.72,07.90% │ 09.97% │ 11.70% │ 11.98% │ 08.53%,08.71% │ 11.98% │ 11.36% │ 09.77% │ 08.09%,05.89% │ 10.95% │ 15.32% │ 12.60% │ 05.53%,05.76% │ 12.03% │ 15.55% │ 09.74% │ 06.64%,→002.33% │ ←002.06% │ ←002.98% │ ←000.00% │ →002.11%,21.99% │ 64.29% │ 13.72%,→027.57% │ →003.17% │ ←104.86%,50.08%,49.92%,50.28%,49.72%,28941772591.04,28844450364.59,8685199955,8587810498,6697927748,1554030259,1531833844,3515357763,3594614144
_xgmb,hteru,vfkcw,ydop_,lanis,__qzj,hterulanis,1153.543173,16.67%,→000.65%,38.91%,←000.99%,58980307614.73,←001.09%,→001.43%,1.70,→001.68%,1.68,1.71,07.75% │ 09.45% │ 12.61% │ 11.68% │ 08.79%,08.73% │ 11.44% │ 12.33% │ 09.27% │ 07.96%,05.76% │ 11.17% │ 14.77% │ 12.46% │ 06.09%,05.97% │ 12.09% │ 15.15% │ 09.86% │ 06.68%,→002.68% │ ←001.86% │ ←002.29% │ ←002.12% │ ←000.65%,25.84% │ 62.12% │ 12.05%,→057.00% │ ←000.32% │ ←1640.68%,50.27%,49.73%,50.25%,49.75%,29649625492.35,29330682122.38,8679200067,8593810386,6721086169,1435312259,1444678261,3517875350,3568938136
_mpjf,lnead,wxgcq,vusb_,hotir,zyk__,ritohdaenl,1153.098663,17.52%,←000.22%,39.20%,←001.40%,57750646066.39,←000.30%,→000.84%,1.69,→001.52%,1.67,1.70,07.67% │ 09.15% │ 12.71% │ 11.49% │ 09.05%,08.68% │ 11.98% │ 12.41% │ 09.04% │ 07.81%,06.53% │ 09.21% │ 15.99% │ 12.04% │ 05.89%,06.11% │ 11.83% │ 16.17% │ 10.28% │ 05.96%,→001.81% │ ←001.27% │ ←002.42% │ →004.12% │ ←004.27%,22.89% │ 64.09% │ 13.03%,→036.94% │ →002.72% │ ←182.72%,50.08%,49.92%,50.35%,49.65%,28918853083.30,28831792983.09,8696407743,8576602710,6771883342,1515053081,1511726294,3503154507,3532861806
_cmdb,rneag,__jqf,xylw_,hitos,vupkz,rneaghitos,1153.094267,18.50%,←001.35%,38.06%,←000.80%,58199654148.81,←001.07%,←001.36%,1.72,←000.40%,1.72,1.72,08.03% │ 09.91% │ 11.21% │ 12.34% │ 08.76%,08.84% │ 11.94% │ 11.36% │ 09.81% │ 07.79%,06.53% │ 10.82% │ 14.80% │ 12.19% │ 05.86%,05.95% │ 12.07% │ 15.21% │ 10.00% │ 06.58%,←003.12% │ ←000.99% │ →001.25% │ ←003.42% │ →000.82%,23.46% │ 63.81% │ 12.72%,←064.82% │ ←000.49% │ →059.32%,50.27%,49.73%,50.20%,49.80%,29254989828.29,28944664320.52,8670958189,8602052264,6573348563,1608433749,1587055055,3641631625,3592919467
_xfmb,hteru,vgkcw,ydop_,lains,__qjz,hterulains,1153.056895,16.68%,→000.59%,38.91%,←000.99%,58696717576.12,←002.03%,→001.43%,1.70,→001.68%,1.68,1.71,07.88% │ 09.37% │ 12.69% │ 11.73% │ 08.83%,08.76% │ 11.63% │ 11.90% │ 09.37% │ 07.83%,05.76% │ 11.04% │ 14.90% │ 12.46% │ 06.09%,05.97% │ 12.09% │ 15.25% │ 09.87% │ 06.58%,←000.59% │ →000.05% │ ←006.65% │ ←000.85% │ ←000.83%,26.10% │ 61.91% │ 11.99%,→057.01% │ ←002.21% │ ←1713.80%,50.50%,49.50%,50.25%,49.75%,29643306614.88,29053410961.24,8679200067,8593810386,6721086169,1436220517,1444678261,3517875350,3568938136
_cmdb,rneag,__zqf,xylw_,hitos,vupkj,rneaghitos,1153.035572,18.47%,←001.23%,38.01%,←000.39%,58261254183.73,←000.37%,←001.05%,1.72,←000.47%,1.73,1.72,08.02% │ 09.90% │ 11.09% │ 12.32% │ 08.75%,08.82% │ 11.96% │ 11.34% │ 09.87% │ 07.91%,06.53% │ 10.82% │ 14.70% │ 12.19% │ 05.86%,05.95% │ 12.07% │ 15.21% │ 10.00% │ 06.68%,←001.40% │ ←000.30% │ →002.20% │ ←003.03% │ →000.79%,23.43% │ 63.80% │ 12.77%,←064.92% │ ←000.29% │ →061.37%,50.09%,49.91%,50.10%,49.90%,29184305343.63,29076948840.10,8653433321,8619577132,6565244066,1605068019,1585638669,3640257809,3602397780
_umdf,rneag,__xzw,qylb_,hitos,vcpkj,rneaghitos,1152.971436,17.48%,←000.39%,38.35%,→001.14%,58340851001.73,→001.78%,←000.15%,1.71,←000.93%,1.72,1.70,08.12% │ 09.65% │ 10.50% │ 12.44% │ 08.83%,08.87% │ 12.57% │ 11.16% │ 10.07% │ 07.79%,06.53% │ 10.27% │ 14.76% │ 12.22% │ 05.93%,05.86% │ 12.62% │ 15.21% │ 09.93% │ 06.68%,←004.28% │ →004.15% │ →005.86% │ →001.00% │ →000.36%,23.16% │ 64.15% │ 12.69%,←072.32% │ →000.80% │ →069.71%,49.55%,50.45%,49.71%,50.29%,28909131787.37,29431719214.36,8586802574,8686207879,6623386584,1512348766,1506511281,3594978086,3589534985
_mpxy,dneal,gjfcq,vusb_,hotir,zwk__,ritohlaend,1152.875807,17.68%,←001.08%,38.78%,←001.45%,57826262256.61,→000.23%,→001.18%,1.70,→001.82%,1.68,1.72,08.16% │ 09.14% │ 12.22% │ 11.31% │ 09.12%,08.86% │ 11.84% │ 12.36% │ 09.19% │ 07.81%,06.53% │ 09.21% │ 15.99% │ 12.03% │ 05.89%,06.07% │ 11.79% │ 16.30% │ 10.32% │ 05.87%,←004.51% │ →000.54% │ →001.16% │ →004.49% │ ←002.89%,22.48% │ 64.08% │ 13.44%,→039.25% │ →004.98% │ ←217.72%,49.94%,50.06%,50.36%,49.64%,28879662098.76,28946600157.85,8698577068,8574433385,6698717216,1534950378,1518573396,3533510729,3575671710
_mgxp,lnead,wjfcq,vusb_,hotir,zyk__,ritohdaenl,1152.004190,17.47%,→000.43%,39.20%,←001.40%,57891818694.20,←000.79%,→000.84%,1.69,→001.52%,1.67,1.70,07.74% │ 09.15% │ 12.64% │ 11.60% │ 09.07%,08.66% │ 11.95% │ 12.38% │ 09.02% │ 07.80%,06.53% │ 09.21% │ 15.99% │ 12.04% │ 05.89%,06.07% │ 11.79% │ 16.21% │ 10.32% │ 05.96%,→000.75% │ ←001.44% │ ←002.09% │ →002.94% │ ←004.79%,23.05% │ 64.17% │ 12.78%,→035.40% │ →001.97% │ ←176.40%,50.20%,49.80%,50.35%,49.65%,29060025711.11,28831792983.09,8696407743,8576602710,6771883342,1505202601,1511726294,3503154507,3532861806
_mpxy,dneal,fjgcq,vusb_,hotir,zwk__,ritohlaend,1151.198765,17.68%,←001.08%,38.78%,←001.45%,57905850051.00,←000.04%,→001.18%,1.70,→001.82%,1.68,1.72,08.09% │ 09.10% │ 12.45% │ 11.27% │ 09.10%,08.85% │ 11.82% │ 12.35% │ 09.17% │ 07.80%,06.53% │ 09.21% │ 15.99% │ 12.03% │ 05.89%,06.07% │ 11.79% │ 16.17% │ 10.32% │ 06.01%,←003.75% │ →000.77% │ ←000.80% │ →004.65% │ ←002.83%,22.44% │ 63.93% │ 13.62%,→039.28% │ →005.15% │ ←223.89%,50.01%,49.99%,50.36%,49.64%,28959249893.15,28946600157.85,8698577068,8574433385,6698717216,1534950378,1518573396,3533510729,3575671710
_cmp_,dneal,yzkfb,_urg_,hotis,vwxjq,dnealhotis,1151.171665,17.87%,←001.45%,38.78%,←001.13%,57980649556.09,←000.99%,→002.20%,1.70,→002.32%,1.68,1.72,07.80% │ 09.94% │ 11.68% │ 12.20% │ 08.63%,08.68% │ 11.98% │ 11.29% │ 09.88% │ 07.93%,05.53% │ 10.95% │ 15.32% │ 12.60% │ 05.89%,05.76% │ 12.03% │ 15.52% │ 09.87% │ 06.55%,→001.65% │ ←000.58% │ ←003.49% │ ←001.90% │ →000.64%,21.94% │ 64.34% │ 13.72%,→027.71% │ →002.36% │ ←107.20%,50.25%,49.75%,50.28%,49.72%,29132695509.14,28847954046.95,8685199955,8587810498,6697927748,1554030259,1531833844,3515357763,3594614144
_yklc,roeng,__fwj,vpmb_,hitas,zudxq,roenghitas,1151.025987,16.40%,←002.11%,39.53%,→000.99%,58506004515.98,→001.09%,←000.05%,1.68,←000.71%,1.68,1.67,08.02% │ 09.66% │ 11.25% │ 12.29% │ 08.51%,08.60% │ 12.82% │ 11.37% │ 09.70% │ 07.78%,06.53% │ 09.26% │ 14.90% │ 13.45% │ 05.61%,05.89% │ 12.51% │ 15.22% │ 10.08% │ 06.55%,←003.10% │ →000.45% │ →001.08% │ →004.16% │ →001.08%,22.83% │ 63.41% │ 13.76%,←050.10% │ →004.75% │ →041.29%,49.72%,50.28%,49.75%,50.25%,29092079350.30,29413925165.68,8593697566,8679312887,6828840720,1431573518,1401989640,3490368628,3488690307
_mpjy,dneal,gxfcq,vusb_,hotir,zwk__,ritohlaend,1150.825187,17.73%,←001.66%,38.78%,←001.45%,57833043606.98,→000.21%,→001.18%,1.70,→001.82%,1.68,1.72,08.16% │ 09.10% │ 12.26% │ 11.31% │ 09.11%,08.86% │ 11.84% │ 12.36% │ 09.19% │ 07.81%,06.53% │ 09.21% │ 15.99% │ 12.03% │ 05.89%,06.07% │ 11.83% │ 16.30% │ 10.28% │ 05.87%,←004.51% │ →000.90% │ →000.83% │ →004.46% │ ←002.90%,22.52% │ 64.08% │ 13.40%,→038.94% │ →004.94% │ ←216.42%,49.95%,50.05%,50.36%,49.64%,28886443449.13,28946600157.85,8698577068,8574433385,6698717216,1543766834,1518573396,3533510729,3575671710
_mpxy,dneal,gjfcq,burw_,hitos,zvk__,sotihlaend,1150.702264,17.59%,←002.10%,38.78%,←001.45%,57695130831.51,←000.22%,→001.18%,1.70,→001.82%,1.68,1.72,08.18% │ 09.16% │ 12.25% │ 11.33% │ 09.14%,09.52% │ 11.70% │ 12.07% │ 08.90% │ 07.75%,06.45% │ 09.25% │ 16.07% │ 11.44% │ 06.43%,06.07% │ 11.79% │ 16.30% │ 10.32% │ 05.87%,←005.57% │ ←002.87% │ ←001.52% │ →003.17% │ →004.08%,23.56% │ 63.61% │ 12.83%,→043.40% │ →003.16% │ ←296.20%,50.06%,49.94%,50.36%,49.64%,28879662098.76,28815468732.75,8698577068,8574433385,6698717216,1534950378,1503365466,3533510729,3575671710
_yklc,roeng,__fwj,vpmb_,hitas,qudxz,roenghitas,1150.690111,16.40%,←002.11%,39.53%,→000.99%,58505543761.57,→001.09%,←000.05%,1.68,←000.71%,1.68,1.67,08.02% │ 09.66% │ 11.25% │ 12.29% │ 08.51%,08.53% │ 12.83% │ 11.37% │ 09.71% │ 07.84%,06.53% │ 09.26% │ 14.90% │ 13.45% │ 05.61%,05.86% │ 12.51% │ 15.22% │ 10.08% │ 06.58%,←002.38% │ →000.47% │ →001.08% │ →004.24% │ →000.29%,22.83% │ 63.41% │ 13.76%,←050.10% │ →004.75% │ →041.29%,49.73%,50.27%,49.75%,50.25%,29092079350.30,29413464411.27,8593697566,8679312887,6828840720,1431573518,1401989640,3490368628,3488690307
_cmp_,lnead,bjkfy,_usg_,hotir,vwxzq,lneadhotir,1150.473871,17.91%,←001.00%,38.83%,←001.55%,57968825006.60,←000.22%,→001.91%,1.70,→002.39%,1.68,1.72,07.88% │ 10.06% │ 11.66% │ 11.96% │ 08.50%,08.67% │ 11.86% │ 11.55% │ 09.89% │ 07.97%,05.89% │ 11.05% │ 15.32% │ 12.60% │ 05.53%,05.76% │ 12.03% │ 15.43% │ 09.77% │ 06.63%,→001.12% │ ←001.73% │ ←000.89% │ ←000.83% │ →001.99%,21.96% │ 64.37% │ 13.67%,→027.83% │ →003.96% │ ←113.97%,50.06%,49.94%,50.38%,49.62%,29016515569.15,28952309437.45,8702724823,8570285630,6707198011,1554665139,1539271907,3516148696,3584552948
_cmp_,dneal,yzkfb,_urg_,hitos,vwxjq,dnealhitos,1150.462762,17.87%,←001.45%,38.78%,←001.13%,57790830259.89,←001.66%,→002.20%,1.70,→002.32%,1.68,1.72,07.82% │ 09.97% │ 11.72% │ 12.24% │ 08.65%,08.71% │ 12.36% │ 11.25% │ 09.41% │ 07.85%,05.53% │ 10.95% │ 15.32% │ 12.60% │ 05.89%,05.76% │ 12.06% │ 15.52% │ 09.84% │ 06.55%,→000.37% │ ←005.92% │ ←004.17% │ →000.95% │ →000.68%,22.04% │ 64.28% │ 13.69%,→027.84% │ →001.55% │ ←111.03%,50.41%,49.59%,50.28%,49.72%,29132695509.14,28658134750.75,8685199955,8587810498,6697927748,1554030259,1531833844,3515357763,3594614144
_cmp_,lnead,bjkfy,_usg_,hotir,vwzxq,lneadhotir,1150.296554,17.91%,←001.00%,38.83%,←001.55%,57969278572.80,←000.22%,→001.91%,1.70,→002.39%,1.68,1.72,07.88% │ 10.06% │ 11.66% │ 11.96% │ 08.50%,08.67% │ 11.86% │ 11.49% │ 09.96% │ 07.97%,05.89% │ 11.05% │ 15.32% │ 12.60% │ 05.53%,05.76% │ 12.03% │ 15.37% │ 09.83% │ 06.63%,→001.12% │ ←001.07% │ ←001.44% │ ←000.84% │ →001.99%,21.96% │ 64.36% │ 13.67%,→027.83% │ →003.94% │ ←113.60%,50.05%,49.95%,50.38%,49.62%,29016515569.15,28952763003.65,8702724823,8570285630,6707198011,1554665139,1539271907,3516148696,3584552948
_yklc,roeng,__fwj,vpmb_,hitas,xudqz,roenghitas,1150.279011,16.40%,←002.11%,39.53%,→000.99%,58521225445.66,→001.15%,←000.05%,1.68,←000.71%,1.68,1.67,08.02% │ 09.66% │ 11.25% │ 12.28% │ 08.50%,08.67% │ 12.81% │ 11.38% │ 09.59% │ 07.83%,06.53% │ 09.26% │ 14.90% │ 13.45% │ 05.61%,05.95% │ 12.51% │ 15.22% │ 09.99% │ 06.58%,←002.38% │ ←000.67% │ →001.16% │ →004.12% │ →001.92%,22.84% │ 63.42% │ 13.75%,←049.87% │ →004.82% │ →041.21%,49.71%,50.29%,49.75%,50.25%,29092079350.30,29429146095.36,8593697566,8679312887,6828840720,1431573518,1401989640,3490368628,3488690307
_cmp_,lnead,wjkbf,_usg_,hotir,vyzxq,lneadhotir,1150.081525,17.33%,←001.44%,39.52%,←001.49%,57875722891.54,←001.16%,→001.59%,1.68,→002.07%,1.66,1.70,07.78% │ 10.13% │ 11.74% │ 11.82% │ 08.83%,08.49% │ 11.89% │ 11.54% │ 09.81% │ 07.97%,05.96% │ 11.05% │ 15.32% │ 12.04% │ 06.01%,05.76% │ 12.04% │ 15.37% │ 09.83% │ 06.63%,→002.44% │ ←003.29% │ ←001.67% │ →000.64% │ ←003.93%,21.97% │ 64.46% │ 13.57%,→028.42% │ →001.46% │ ←105.81%,50.29%,49.71%,50.37%,49.63%,29105234230.00,28770488661.54,8700555498,8572454955,6826692287,1507491534,1486048687,3462628399,3518578969
_cmp_,dneal,yqkfb,_urg_,hotis,vwjxz,dnealhotis,1149.915157,17.71%,←001.79%,38.86%,←001.02%,57901097529.52,←000.86%,→002.53%,1.70,→002.46%,1.68,1.72,07.81% │ 09.91% │ 11.65% │ 12.20% │ 08.64%,08.70% │ 11.89% │ 11.33% │ 09.88% │ 07.99%,05.53% │ 10.92% │ 15.32% │ 12.60% │ 05.89%,05.76% │ 12.03% │ 15.55% │ 09.83% │ 06.58%,→002.31% │ ←000.33% │ ←002.88% │ ←002.63% │ →000.69%,21.86% │ 64.38% │ 13.75%,→027.10% │ →002.62% │ ←104.15%,50.21%,49.79%,50.25%,49.75%,29074099771.50,28826997758.02,8680173623,8592836830,6712099772,1542881444,1515771619,3502402736,3593397147
_cmp_,dneal,yzkfb,_urg_,hotis,vwjqx,dnealhotis,1149.800437,17.87%,←001.45%,38.78%,←001.13%,57977145873.73,←001.00%,→002.20%,1.70,→002.32%,1.68,1.72,07.80% │ 09.94% │ 11.68% │ 12.20% │ 08.63%,08.68% │ 11.94% │ 11.32% │ 09.74% │ 08.07%,05.53% │ 10.95% │ 15.32% │ 12.60% │ 05.89%,05.76% │ 12.03% │ 15.55% │ 09.74% │ 06.64%,→003.31% │ ←002.07% │ ←003.17% │ ←002.19% │ →000.65%,21.92% │ 64.34% │ 13.74%,→027.55% │ →002.37% │ ←106.33%,50.25%,49.75%,50.28%,49.72%,29132695509.14,28844450364.59,8685199955,8587810498,6697927748,1554030259,1531833844,3515357763,3594614144
_cmp_,dneal,yzkfb,_urg_,hitos,vwjxq,dnealhitos,1149.455781,17.87%,←001.45%,38.78%,←001.13%,57773954978.46,←001.72%,→002.20%,1.70,→002.32%,1.68,1.72,07.83% │ 09.97% │ 11.72% │ 12.25% │ 08.66%,08.72% │ 12.37% │ 11.28% │ 09.36% │ 07.86%,05.53% │ 10.95% │ 15.32% │ 12.60% │ 05.89%,05.76% │ 12.06% │ 15.55% │ 09.80% │ 06.55%,→000.37% │ ←006.57% │ ←003.93% │ →000.96% │ →000.68%,22.04% │ 64.27% │ 13.69%,→027.84% │ →001.47% │ ←111.24%,50.43%,49.57%,50.28%,49.72%,29132695509.14,28641259469.32,8685199955,8587810498,6697927748,1554030259,1531833844,3515357763,3594614144
_mpxy,dneal,gjfcz,burw_,hitos,qvk__,sotihlaend,1149.312999,17.76%,←001.88%,38.70%,←001.57%,57784300662.73,←000.49%,→000.85%,1.70,→001.68%,1.69,1.72,08.17% │ 09.14% │ 12.29% │ 11.35% │ 09.18%,09.44% │ 11.78% │ 12.05% │ 08.88% │ 07.74%,06.45% │ 09.25% │ 16.07% │ 11.44% │ 06.40%,06.10% │ 11.79% │ 16.30% │ 10.32% │ 05.87%,←005.58% │ ←003.00% │ ←001.99% │ →003.63% │ →002.81%,23.63% │ 63.57% │ 12.80%,→043.79% │ →002.77% │ ←308.55%,50.12%,49.88%,50.39%,49.61%,28963249174.63,28821051488.10,8703603400,8569407053,6684718646,1547839783,1519288137,3546379029,3576801980
_mpxy,dneal,fjgcq,burw_,hitos,zvk__,sotihlaend,1149.242710,17.59%,←002.10%,38.78%,←001.45%,57774718625.90,←000.50%,→001.18%,1.70,→001.82%,1.68,1.72,08.11% │ 09.12% │ 12.47% │ 11.30% │ 09.12%,09.51% │ 11.69% │ 12.05% │ 08.89% │ 07.74%,06.45% │ 09.25% │ 16.07% │ 11.44% │ 06.43%,06.07% │ 11.79% │ 16.17% │ 10.32% │ 06.01%,←004.80% │ ←002.63% │ ←003.53% │ →003.33% │ →004.13%,23.52% │ 63.46% │ 13.02%,→043.43% │ →003.34% │ ←303.89%,50.12%,49.88%,50.36%,49.64%,28959249893.15,28815468732.75,8698577068,8574433385,6698717216,1534950378,1503365466,3533510729,3575671710
_xpmv,rtehu,qfwcg,ylob_,dinas,__zkj,rtehudinas,1148.940504,16.69%,→000.30%,38.70%,←000.51%,58956416779.50,←001.88%,→001.37%,1.70,→001.32%,1.69,1.71,08.33% │ 09.62% │ 12.68% │ 11.29% │ 08.55%,08.08% │ 11.74% │ 12.10% │ 09.62% │ 07.99%,06.63% │ 11.17% │ 15.81% │ 10.61% │ 05.91%,05.53% │ 11.85% │ 15.18% │ 10.64% │ 06.68%,←004.29% │ →000.06% │ ←004.79% │ →003.85% │ ←005.80%,24.67% │ 62.28% │ 13.05%,→059.60% │ ←004.76% │ ←643.87%,50.47%,49.53%,50.13%,49.87%,29753280597.89,29203136181.61,8658419367,8614591086,6685081346,1439236008,1443605119,3536807322,3586010987
_bfmy,laend,wjvcq,kurp_,hotis,zgx__,laendhotis,1148.869399,17.68%,←000.67%,38.65%,←001.44%,57822979136.31,←001.87%,→002.69%,1.70,→002.88%,1.68,1.73,07.79% │ 10.11% │ 11.67% │ 12.17% │ 08.72%,08.23% │ 12.36% │ 11.54% │ 09.57% │ 07.83%,05.96% │ 10.12% │ 15.23% │ 13.42% │ 05.63%,05.55% │ 12.39% │ 15.52% │ 09.73% │ 06.45%,→000.56% │ ←005.62% │ ←001.09% │ →001.51% │ ←006.00%,24.53% │ 64.29% │ 11.18%,→028.17% │ →001.08% │ ←180.32%,50.46%,49.54%,50.36%,49.64%,29179685445.50,28643293690.81,8698426737,8574583716,6676442554,1531790970,1521586211,3517104085,3614353016
_zgmb,hteru,vfkcw,ydop_,lains,__jxq,hterulains,1148.561763,16.56%,→002.69%,39.05%,←000.74%,58678723852.32,←001.65%,→001.98%,1.69,→001.88%,1.68,1.71,07.79% │ 09.35% │ 12.71% │ 11.73% │ 08.83%,08.76% │ 11.61% │ 12.06% │ 09.38% │ 07.78%,05.76% │ 11.11% │ 14.77% │ 12.46% │ 06.09%,05.97% │ 12.09% │ 15.38% │ 09.83% │ 06.55%,←000.06% │ →000.23% │ ←005.40% │ ←000.99% │ ←000.79%,26.01% │ 61.87% │ 12.12%,→057.92% │ ←002.16% │ ←1585.53%,50.41%,49.59%,50.18%,49.82%,29579593945.87,29099129906.45,8668316774,8604693679,6744320571,1411029438,1450103340,3496447416,3567131668
_xpmv,rtehu,qfwcg,ylob_,dinas,__jkz,rtehudinas,1148.361320,16.69%,→000.30%,38.70%,←000.51%,58935452965.23,←001.96%,→001.37%,1.70,→001.32%,1.69,1.71,08.33% │ 09.62% │ 12.69% │ 11.29% │ 08.55%,08.08% │ 11.75% │ 12.21% │ 09.62% │ 07.85%,06.63% │ 11.17% │ 15.81% │ 10.61% │ 05.91%,05.53% │ 11.85% │ 15.28% │ 10.64% │ 06.58%,←006.15% │ ←000.01% │ ←003.88% │ →003.89% │ ←005.80%,24.68% │ 62.30% │ 13.02%,→059.60% │ ←004.77% │ ←660.48%,50.48%,49.52%,50.13%,49.87%,29753280597.89,29182172367.34,8658419367,8614591086,6685081346,1439236008,1443605119,3536807322,3586010987
_yklg,roenc,__fwj,vpmb_,hitas,zudxq,roenchitas,1148.265556,16.24%,←000.13%,39.53%,→000.99%,58235606784.20,→002.01%,←000.05%,1.68,←000.71%,1.68,1.67,08.07% │ 09.52% │ 11.25% │ 12.33% │ 08.32%,08.64% │ 12.88% │ 11.42% │ 09.75% │ 07.82%,06.53% │ 09.26% │ 14.90% │ 13.45% │ 05.61%,05.89% │ 12.51% │ 15.22% │ 10.08% │ 06.55%,←003.19% │ →002.38% │ →001.50% │ →004.23% │ →003.68%,21.27% │ 64.90% │ 13.83%,←031.95% │ →001.08% │ →041.27%,49.49%,50.51%,49.75%,50.25%,28821681618.52,29413925165.68,8593697566,8679312887,6828840720,1403798761,1401989640,3490368628,3488690307
_xpmv,rtehu,qfwcg,ylob_,danis,__zkj,rtehudanis,1148.000554,16.69%,→000.30%,38.70%,←000.51%,59085232480.55,←001.44%,→001.37%,1.70,→001.32%,1.69,1.71,08.31% │ 09.60% │ 12.66% │ 11.27% │ 08.53%,08.10% │ 11.82% │ 12.31% │ 09.43% │ 07.99%,06.63% │ 11.17% │ 15.81% │ 10.61% │ 05.91%,05.53% │ 12.54% │ 15.18% │ 09.95% │ 06.68%,←004.06% │ ←001.80% │ ←002.78% │ →004.71% │ ←005.35%,24.75% │ 62.23% │ 13.02%,→059.91% │ ←004.48% │ ←645.27%,50.36%,49.64%,50.13%,49.87%,29753280597.89,29331951882.66,8658419367,8614591086,6685081346,1439236008,1443605119,3536807322,3586010987
_cmp_,dneal,yzkfb,_urg_,hitos,vwqjx,dnealhitos,1147.934719,17.87%,←001.45%,38.78%,←001.13%,57799813526.60,←001.62%,→002.20%,1.70,→002.32%,1.68,1.72,07.82% │ 09.97% │ 11.72% │ 12.24% │ 08.65%,08.71% │ 12.34% │ 11.14% │ 09.41% │ 07.99%,05.53% │ 10.95% │ 15.32% │ 12.60% │ 05.89%,05.76% │ 12.06% │ 15.42% │ 09.84% │ 06.64%,→002.07% │ ←005.91% │ ←005.17% │ →000.82% │ →000.69%,22.01% │ 64.28% │ 13.71%,→027.68% │ →001.59% │ ←109.70%,50.40%,49.60%,50.28%,49.72%,29132695509.14,28667118017.46,8685199955,8587810498,6697927748,1554030259,1531833844,3515357763,3594614144
_xpmv,rtehu,zfwcg,ylob_,danis,__qkj,rtehudanis,1147.776065,16.51%,←000.64%,38.86%,←000.63%,59037674379.07,←001.68%,→001.05%,1.70,→001.16%,1.69,1.71,08.36% │ 09.60% │ 12.72% │ 11.28% │ 08.45%,08.10% │ 11.82% │ 12.25% │ 09.42% │ 07.99%,06.66% │ 11.17% │ 15.81% │ 10.61% │ 05.91%,05.53% │ 12.54% │ 15.15% │ 09.95% │ 06.68%,←004.57% │ ←001.95% │ ←003.81% │ →004.55% │ ←004.38%,24.76% │ 62.23% │ 13.01%,→059.88% │ ←004.51% │ ←676.42%,50.42%,49.58%,50.16%,49.84%,29764969082.51,29272705296.56,8663445699,8609564754,6712921696,1430564968,1421441456,3528756162,3566221797
_xpmv,rtehu,qfwcg,ylob_,danis,__jkz,rtehudanis,1147.316954,16.69%,→000.30%,38.70%,←000.51%,59058307148.08,←001.53%,→001.37%,1.70,→001.32%,1.69,1.71,08.31% │ 09.60% │ 12.66% │ 11.27% │ 08.53%,08.10% │ 11.82% │ 12.42% │ 09.43% │ 07.85%,06.63% │ 11.17% │ 15.81% │ 10.61% │ 05.91%,05.53% │ 12.54% │ 15.28% │ 09.95% │ 06.58%,←005.93% │ ←001.77% │ ←001.95% │ →004.64% │ ←005.34%,24.77% │ 62.25% │ 12.98%,→059.92% │ ←004.50% │ ←665.33%,50.38%,49.62%,50.13%,49.87%,29753280597.89,29305026550.19,8658419367,8614591086,6685081346,1439236008,1443605119,3536807322,3586010987
_xpmv,rtehu,zfwcg,ylob_,dinas,__qkj,rtehudinas,1147.293554,16.51%,←000.64%,38.86%,←000.63%,58909658838.71,←002.13%,→001.05%,1.70,→001.16%,1.69,1.71,08.38% │ 09.63% │ 12.75% │ 11.30% │ 08.47%,08.08% │ 11.74% │ 12.05% │ 09.61% │ 07.99%,06.66% │ 11.17% │ 15.81% │ 10.61% │ 05.91%,05.53% │ 11.85% │ 15.15% │ 10.64% │ 06.68%,←004.81% │ ←000.16% │ ←005.81% │ →003.73% │ ←004.83%,24.67% │ 62.28% │ 13.05%,→059.56% │ ←004.80% │ ←673.36%,50.53%,49.47%,50.16%,49.84%,29764969082.51,29144689756.20,8663445699,8609564754,6712921696,1430564968,1421441456,3528756162,3566221797
_jgmw,hteru,kfvcy,bdop_,lains,__zxq,hterulains,1147.285986,16.44%,→001.70%,39.19%,←001.49%,58363742112.01,←000.84%,→002.83%,1.69,→002.95%,1.66,1.71,07.35% │ 09.52% │ 12.60% │ 11.68% │ 09.06%,08.60% │ 11.88% │ 12.11% │ 09.40% │ 07.80%,05.43% │ 11.21% │ 15.10% │ 12.46% │ 06.17%,05.89% │ 12.09% │ 15.28% │ 09.83% │ 06.55%,→005.73% │ ←001.20% │ ←004.04% │ →001.68% │ ←005.39%,25.92% │ 61.85% │ 12.23%,→056.01% │ →001.82% │ ←1907.01%,50.21%,49.79%,50.37%,49.63%,29304538967.99,29059203144.02,8700329683,8572680770,6769096778,1407279928,1431625847,3468799385,3570003492
_xpmv,rtehu,qfwcg,ylab_,dinos,__zkj,rtehudinos,1146.044686,16.57%,←001.11%,38.70%,←000.51%,58943158260.88,←001.93%,→001.37%,1.70,→001.32%,1.69,1.71,08.33% │ 09.62% │ 12.69% │ 11.29% │ 08.55%,08.07% │ 11.42% │ 12.74% │ 09.24% │ 08.05%,06.63% │ 11.17% │ 15.81% │ 10.61% │ 05.91%,05.53% │ 11.85% │ 15.89% │ 09.93% │ 06.68%,←003.42% │ ←004.09% │ →000.41% │ →001.14% │ ←005.99%,24.71% │ 62.22% │ 13.07%,→059.69% │ ←005.05% │ ←633.47%,50.48%,49.52%,50.13%,49.87%,29753280597.89,29189877662.99,8658419367,8614591086,6685081346,1439236008,1423387216,3536807322,3586010987
_xpmv,rtehu,qfwcg,ylob_,dains,__zkj,rtehudains,1146.025140,16.69%,→000.30%,38.70%,←000.51%,58805349686.28,←002.41%,→001.37%,1.70,→001.32%,1.69,1.71,08.35% │ 09.64% │ 12.72% │ 11.32% │ 08.57%,08.19% │ 11.87% │ 11.96% │ 09.38% │ 08.00%,06.63% │ 11.17% │ 15.81% │ 10.61% │ 05.91%,05.53% │ 12.54% │ 15.28% │ 09.86% │ 06.68%,←004.42% │ ←002.80% │ ←006.29% │ →004.67% │ ←004.63%,24.83% │ 62.09% │ 13.08%,→059.83% │ ←005.99% │ ←646.56%,50.60%,49.40%,50.13%,49.87%,29753280597.89,29052069088.39,8658419367,8614591086,6685081346,1439236008,1443605119,3536807322,3586010987
_xpmv,rtehu,qfwcg,ylob_,dains,__jkz,rtehudains,1145.994976,16.69%,→000.30%,38.70%,←000.51%,58780642040.87,←002.50%,→001.37%,1.70,→001.32%,1.69,1.71,08.35% │ 09.65% │ 12.72% │ 11.32% │ 08.57%,08.19% │ 11.87% │ 12.08% │ 09.38% │ 07.86%,06.63% │ 11.17% │ 15.81% │ 10.61% │ 05.91%,05.53% │ 12.54% │ 15.38% │ 09.86% │ 06.58%,←006.30% │ ←002.79% │ ←005.34% │ →004.60% │ ←004.62%,24.84% │ 62.11% │ 13.05%,→059.83% │ ←006.02% │ ←663.69%,50.62%,49.38%,50.13%,49.87%,29753280597.89,29027361442.98,8658419367,8614591086,6685081346,1439236008,1443605119,3536807322,3586010987
_cmp_,lnead,bjkfy,_urg_,sotih,xwqzv,lneadsotih,1145.992892,17.74%,←002.94%,38.83%,←001.55%,57843219240.17,←000.66%,→001.91%,1.70,→002.39%,1.68,1.72,07.89% │ 10.08% │ 11.68% │ 11.99% │ 08.52%,08.98% │ 11.85% │ 11.42% │ 09.84% │ 07.74%,05.89% │ 11.05% │ 15.32% │ 12.60% │ 05.53%,06.64% │ 12.03% │ 15.42% │ 09.77% │ 05.76%,←001.94% │ ←002.52% │ ←002.25% │ ←001.13% │ →005.13%,21.92% │ 64.40% │ 13.68%,→027.31% │ →003.63% │ ←114.67%,50.16%,49.84%,50.38%,49.62%,29016515569.15,28826703671.02,8702724823,8570285630,6707198011,1554665139,1510200774,3516148696,3584552948
_cmp_,lnead,bzkfy,_usg_,hitor,vwxjq,lneadhitor,1145.992218,18.03%,→000.43%,38.78%,←001.13%,57802207307.12,←000.28%,→002.20%,1.70,→002.32%,1.68,1.72,07.90% │ 09.97% │ 11.70% │ 11.98% │ 08.53%,08.70% │ 12.33% │ 11.26% │ 09.53% │ 08.11%,05.89% │ 10.95% │ 15.32% │ 12.60% │ 05.53%,05.76% │ 12.06% │ 15.43% │ 09.84% │ 06.63%,→002.58% │ ←004.58% │ ←003.87% │ →002.84% │ →001.99%,21.86% │ 64.54% │ 13.60%,→026.86% │ →003.96% │ ←110.27%,50.07%,49.93%,50.28%,49.72%,28941772591.04,28860434716.08,8685199955,8587810498,6697927748,1554030259,1560794718,3515357763,3594614144
_xpmw,rtehu,qgfcv,ylab_,dinos,__zkj,rtehudinos,1145.987036,16.58%,←001.17%,38.70%,←000.51%,58809757559.78,←001.47%,→001.37%,1.70,→001.32%,1.69,1.71,08.32% │ 09.57% │ 13.16% │ 11.38% │ 07.94%,08.08% │ 11.45% │ 12.77% │ 09.26% │ 08.07%,06.63% │ 11.04% │ 16.30% │ 10.61% │ 05.55%,05.53% │ 11.85% │ 15.89% │ 09.93% │ 06.68%,←003.06% │ ←003.32% │ ←003.08% │ →000.62% │ →001.81%,25.62% │ 62.24% │ 12.14%,→054.86% │ ←004.68% │ ←571.96%,50.37%,49.63%,50.13%,49.87%,29619879896.79,29189877662.99,8658419367,8614591086,6685081346,1440042832,1423387216,3536807322,3586010987
_zpmv,rtehu,qfwcg,ylob_,dains,__jkx,rtehudains,1145.956998,16.50%,→001.45%,38.91%,←000.26%,58745793348.51,←002.10%,→001.92%,1.70,→001.52%,1.68,1.71,08.36% │ 09.51% │ 12.75% │ 11.32% │ 08.58%,08.20% │ 11.87% │ 12.08% │ 09.39% │ 07.94%,06.63% │ 11.11% │ 15.81% │ 10.61% │ 05.91%,05.53% │ 12.54% │ 15.38% │ 09.86% │ 06.64%,←005.21% │ ←001.33% │ ←005.53% │ →004.60% │ ←004.63%,24.74% │ 62.14% │ 13.12%,→060.45% │ ←006.02% │ ←623.96%,50.52%,49.48%,50.06%,49.94%,29678603147.68,29067190200.83,8647536074,8625474379,6721593136,1415070491,1435819047,3508740694,3577565825
_cmp_,lnead,bzkfy,_usg_,hitor,vwjxq,lneadhitor,1145.835191,18.03%,→000.43%,38.78%,←001.13%,57785062123.01,←000.34%,→002.20%,1.70,→002.32%,1.68,1.72,07.90% │ 09.97% │ 11.70% │ 11.98% │ 08.53%,08.70% │ 12.33% │ 11.29% │ 09.48% │ 08.11%,05.89% │ 10.95% │ 15.32% │ 12.60% │ 05.53%,05.76% │ 12.06% │ 15.47% │ 09.80% │ 06.63%,→002.57% │ ←005.22% │ ←003.63% │ →002.85% │ →001.99%,21.86% │ 64.53% │ 13.60%,→026.86% │ →003.88% │ ←110.48%,50.09%,49.91%,50.28%,49.72%,28941772591.04,28843289531.97,8685199955,8587810498,6697927748,1554030259,1560794718,3515357763,3594614144
_xpmw,rtehu,qgfcv,ylab_,dinos,__jkz,rtehudinos,1145.766435,16.58%,←001.17%,38.70%,←000.51%,58780057270.15,←001.58%,→001.37%,1.70,→001.32%,1.69,1.71,08.32% │ 09.58% │ 13.17% │ 11.38% │ 07.94%,08.09% │ 11.46% │ 12.87% │ 09.25% │ 07.94%,06.63% │ 11.04% │ 16.30% │ 10.61% │ 05.55%,05.53% │ 11.85% │ 15.99% │ 09.93% │ 06.58%,←004.84% │ ←003.55% │ ←002.27% │ →000.66% │ →001.82%,25.63% │ 62.26% │ 12.11%,→054.86% │ ←004.74% │ ←587.39%,50.39%,49.61%,50.13%,49.87%,29619879896.79,29160177373.36,8658419367,8614591086,6685081346,1440042832,1423387216,3536807322,3586010987
_cmp_,lnead,bqkfy,_usg_,hitor,vwjxz,lneadhitor,1145.556531,17.87%,→000.02%,38.86%,←001.02%,57717102667.98,←000.17%,→002.53%,1.70,→002.46%,1.68,1.72,07.91% │ 09.95% │ 11.67% │ 11.98% │ 08.54%,08.71% │ 12.26% │ 11.30% │ 09.50% │ 08.18%,05.89% │ 10.92% │ 15.32% │ 12.60% │ 05.53%,05.76% │ 12.06% │ 15.47% │ 09.80% │ 06.66%,→003.29% │ ←004.69% │ ←003.25% │ →002.30% │ →002.05%,21.78% │ 64.58% │ 13.64%,→026.24% │ →004.17% │ ←106.82%,50.04%,49.96%,50.25%,49.75%,28882683245.28,28834419422.70,8680173623,8592836830,6712099772,1542881444,1543259720,3502402736,3593397147
_cmdb,rneag,__jqf,xylw_,hotis,vupkz,rneaghotis,1145.543465,18.50%,←001.35%,38.06%,←000.80%,58524985112.07,→000.05%,←001.36%,1.72,←000.40%,1.72,1.72,07.99% │ 09.86% │ 11.15% │ 12.28% │ 08.71%,08.78% │ 11.68% │ 11.50% │ 10.20% │ 07.85%,06.53% │ 10.82% │ 14.80% │ 12.19% │ 05.86%,05.95% │ 12.04% │ 15.21% │ 10.02% │ 06.58%,←001.82% │ →003.39% │ →003.01% │ ←005.06% │ →000.78%,23.25% │ 63.89% │ 12.86%,←066.32% │ →000.86% │ →060.22%,49.99%,50.01%,50.20%,49.80%,29254989828.29,29269995283.78,8670958189,8602052264,6573348563,1608433749,1587055055,3641631625,3592919467
_zpmf,rtehu,qgwcv,ylab_,dions,__jkx,rtehudions,1145.142238,16.38%,←000.25%,38.91%,←000.26%,58447753030.72,←002.46%,→001.92%,1.70,→001.52%,1.68,1.71,08.39% │ 09.52% │ 12.71% │ 11.27% │ 08.72%,08.19% │ 11.64% │ 11.95% │ 09.54% │ 08.07%,06.63% │ 10.97% │ 15.81% │ 10.61% │ 06.04%,05.53% │ 11.85% │ 16.06% │ 09.86% │ 06.64%,←003.97% │ →000.22% │ ←006.30% │ →003.15% │ ←006.46%,26.29% │ 62.00% │ 11.70%,→051.30% │ ←006.08% │ ←521.28%,50.61%,49.39%,50.06%,49.94%,29579082428.51,28868670602.21,8647536074,8625474379,6721593136,1416049717,1412478585,3508740694,3577565825
_gwcz,daenl,fjbpv,kysu_,htior,qmx__,daenlhtior,1145.106999,17.95%,←000.41%,39.08%,←001.12%,57786107156.12,←000.53%,→001.43%,1.69,→001.75%,1.68,1.71,07.99% │ 10.67% │ 11.82% │ 11.64% │ 08.02%,08.13% │ 11.79% │ 11.41% │ 10.63% │ 07.90%,06.01% │ 10.55% │ 15.28% │ 12.96% │ 05.47%,05.53% │ 13.10% │ 14.23% │ 10.34% │ 06.53%,←001.10% │ ←000.36% │ ←003.62% │ →001.33% │ →001.45%,22.65% │ 64.17% │ 13.18%,→038.60% │ →001.38% │ ←173.72%,50.13%,49.87%,50.28%,49.72%,28969053753.61,28817053402.51,8684400227,8588610226,6750945002,1553498767,1547095645,3503034627,3553920026
_qpmf,rtehu,zgwcv,ylab_,dions,__jkx,rtehudions,1145.098981,16.38%,←000.27%,38.91%,←000.26%,58442968575.72,←002.44%,→001.92%,1.70,→001.52%,1.68,1.71,08.43% │ 09.49% │ 12.71% │ 11.27% │ 08.70%,08.19% │ 11.64% │ 11.95% │ 09.54% │ 08.07%,06.66% │ 10.95% │ 15.81% │ 10.61% │ 06.04%,05.53% │ 11.85% │ 16.06% │ 09.86% │ 06.64%,←004.48% │ →000.55% │ ←006.35% │ →003.13% │ ←006.14%,26.26% │ 61.99% │ 11.75%,→051.48% │ ←006.02% │ ←523.80%,50.60%,49.40%,50.06%,49.94%,29574297973.51,28868670602.21,8647536074,8625474379,6721593136,1416336435,1412478585,3508740694,3577565825
_wpfb,daenl,gjvcq,kyru_,htios,zmx__,daenlhtios,1144.916856,17.70%,←002.07%,39.16%,←001.00%,57695666494.65,←000.78%,→001.76%,1.69,→001.89%,1.67,1.70,08.10% │ 10.10% │ 11.70% │ 11.52% │ 08.78%,08.19% │ 11.82% │ 11.40% │ 10.53% │ 07.87%,05.87% │ 10.19% │ 15.19% │ 13.00% │ 05.99%,05.55% │ 13.10% │ 14.31% │ 10.34% │ 06.45%,←002.94% │ →004.02% │ ←002.62% │ →002.57% │ ←007.17%,22.83% │ 64.47% │ 12.70%,→034.01% │ →001.31% │ ←152.61%,50.20%,49.80%,50.25%,49.75%,28960558885.00,28735107609.65,8679373895,8593636558,6764001148,1544619586,1513306414,3490637539,3553260968
_zpmv,rtehu,qgwcf,ylab_,dions,__jkx,rtehudions,1144.736675,16.37%,←000.18%,38.91%,←000.26%,58490249138.96,←002.61%,→001.92%,1.70,→001.52%,1.68,1.71,08.40% │ 09.50% │ 12.75% │ 11.26% │ 08.73%,08.19% │ 11.63% │ 11.94% │ 09.53% │ 08.07%,06.63% │ 10.97% │ 15.81% │ 10.61% │ 06.04%,05.53% │ 11.85% │ 16.06% │ 09.86% │ 06.64%,←004.09% │ →000.31% │ ←006.79% │ →003.15% │ ←006.63%,24.71% │ 62.01% │ 13.28%,→060.16% │ ←006.26% │ ←618.80%,50.64%,49.36%,50.06%,49.94%,29621578536.75,28868670602.21,8647536074,8625474379,6721593136,1415070491,1412478585,3508740694,3577565825
_xpmv,rtehu,qgwcf,ylab_,doins,__zkj,rtehudoins,1144.321267,16.57%,←001.11%,38.70%,←000.51%,58649832289.00,←002.56%,→001.37%,1.70,→001.32%,1.69,1.71,08.37% │ 09.62% │ 12.70% │ 11.24% │ 08.71%,08.17% │ 10.92% │ 12.60% │ 09.51% │ 08.17%,06.63% │ 11.04% │ 15.81% │ 10.61% │ 06.04%,05.53% │ 11.83% │ 15.99% │ 09.86% │ 06.68%,←002.49% │ ←001.13% │ ←000.77% │ ←002.92% │ ←006.61%,24.81% │ 61.98% │ 13.21%,→059.64% │ ←005.81% │ ←637.33%,50.63%,49.37%,50.13%,49.87%,29696044015.08,28953788273.92,8658419367,8614591086,6685081346,1439236008,1423387216,3536807322,3586010987
_qpmv,rtehu,zgwcf,ylab_,doins,__xkj,rtehudoins,1144.290812,16.37%,←000.21%,38.91%,←000.26%,58595078261.05,←002.20%,→001.92%,1.70,→001.52%,1.68,1.71,08.42% │ 09.46% │ 12.74% │ 11.24% │ 08.69%,08.17% │ 10.93% │ 12.66% │ 09.52% │ 08.18%,06.66% │ 10.95% │ 15.81% │ 10.61% │ 06.04%,05.53% │ 11.83% │ 16.05% │ 09.86% │ 06.68%,←003.00% │ →000.64% │ ←000.61% │ ←002.88% │ ←006.28%,24.68% │ 62.02% │ 13.31%,→060.42% │ ←005.73% │ ←615.71%,50.55%,49.45%,50.06%,49.94%,29616889529.95,28978188731.10,8647536074,8625474379,6721593136,1415502317,1412478585,3508740694,3577565825
_zpmv,rtehu,qgwcf,ylab_,doins,__xkj,rtehudoins,1144.265089,16.37%,←000.18%,38.91%,←000.26%,58599767267.85,←002.22%,→001.92%,1.70,→001.52%,1.68,1.71,08.38% │ 09.49% │ 12.73% │ 11.24% │ 08.71%,08.17% │ 10.93% │ 12.66% │ 09.52% │ 08.18%,06.63% │ 10.97% │ 15.81% │ 10.61% │ 06.04%,05.53% │ 11.83% │ 16.05% │ 09.86% │ 06.68%,←002.49% │ →000.31% │ ←000.56% │ ←002.87% │ ←006.60%,24.70% │ 62.03% │ 13.26%,→060.25% │ ←005.79% │ ←613.21%,50.55%,49.45%,50.06%,49.94%,29621578536.75,28978188731.10,8647536074,8625474379,6721593136,1415070491,1412478585,3508740694,3577565825
_wpfv,daenl,gjbcq,kyru_,htios,zmx__,daenlhtios,1144.217380,17.68%,←001.76%,39.16%,←001.00%,57542448135.74,←000.25%,→001.76%,1.69,→001.89%,1.67,1.70,08.12% │ 10.09% │ 12.31% │ 11.54% │ 08.01%,08.21% │ 11.85% │ 11.43% │ 10.55% │ 07.89%,05.87% │ 10.19% │ 15.74% │ 13.00% │ 05.44%,05.55% │ 13.10% │ 14.31% │ 10.34% │ 06.45%,←002.93% │ →004.41% │ ←007.67% │ →002.64% │ →002.49%,22.18% │ 64.57% │ 13.25%,→039.21% │ →001.52% │ ←167.05%,50.06%,49.94%,50.25%,49.75%,28807340526.09,28735107609.65,8679373895,8593636558,6764001148,1539997054,1513306414,3490637539,3553260968
_zcgf,lnead,wmxpq,vusb_,hitor,jyk__,lneadhitor,1144.175677,17.61%,→001.92%,39.14%,←000.99%,57725611858.43,←000.25%,→001.14%,1.69,→001.46%,1.68,1.70,07.67% │ 09.21% │ 11.33% │ 12.80% │ 09.05%,08.82% │ 12.33% │ 12.09% │ 08.75% │ 07.94%,05.96% │ 10.22% │ 15.49% │ 12.47% │ 06.11%,05.99% │ 12.07% │ 15.99% │ 09.18% │ 06.53%,→003.38% │ ←005.23% │ →006.28% │ ←003.77% │ ←002.63%,23.66% │ 64.02% │ 12.31%,→030.58% │ →002.65% │ ←149.03%,50.06%,49.94%,50.25%,49.75%,28899371599.97,28826240258.46,8678882875,8594127578,6761192255,1506106849,1535656839,3503073986,3543633414
_fwcz,daenl,gqbpv,kysu_,htior,jmx__,daenlhtior,1143.650434,17.90%,→000.69%,39.11%,←000.59%,57831953075.24,→000.32%,→002.06%,1.69,→001.83%,1.67,1.71,08.08% │ 10.36% │ 11.80% │ 11.66% │ 08.01%,08.32% │ 11.79% │ 11.41% │ 10.67% │ 07.89%,05.87% │ 10.56% │ 15.28% │ 12.96% │ 05.47%,05.66% │ 13.10% │ 14.23% │ 10.34% │ 06.53%,←002.37% │ →002.85% │ ←003.40% │ →001.06% │ →003.69%,22.51% │ 64.19% │ 13.30%,→039.14% │ →001.71% │ ←158.13%,49.92%,50.08%,50.15%,49.85%,28869967191.43,28961985883.81,8661849027,8611161426,6755731883,1540619386,1551279854,3489346107,3562821665
_gpfz,daenl,yjbcv,kwsu_,htior,qmx__,daenlhtior,1142.927069,18.43%,→002.03%,38.46%,←001.17%,57611155136.30,→001.63%,→001.75%,1.71,→002.05%,1.69,1.73,07.66% │ 10.39% │ 12.07% │ 11.48% │ 07.99%,08.34% │ 11.63% │ 11.79% │ 10.71% │ 07.93%,05.53% │ 10.55% │ 15.74% │ 13.00% │ 05.47%,05.53% │ 13.09% │ 14.23% │ 10.34% │ 06.53%,→003.47% │ →003.00% │ ←002.35% │ →001.33% │ →004.14%,21.39% │ 64.33% │ 14.28%,→046.08% │ →005.02% │ ←205.75%,49.59%,50.41%,50.29%,49.71%,28569594265.53,29041560870.77,8686569552,8586440901,6643457822,1575180998,1607876555,3550551376,3613890457
_xpmv,rtehu,qfwcg,ylab_,donis,__jkz,rtehudonis,1142.549634,16.57%,←001.11%,38.70%,←000.51%,59091319823.95,←001.42%,→001.37%,1.70,→001.32%,1.69,1.71,08.31% │ 09.60% │ 12.65% │ 11.26% │ 08.53%,08.05% │ 11.02% │ 13.06% │ 09.52% │ 08.00%,06.63% │ 11.17% │ 15.81% │ 10.61% │ 05.91%,05.53% │ 11.83% │ 15.99% │ 09.95% │ 06.58%,←003.92% │ ←000.78% │ →003.13% │ ←002.25% │ ←005.91%,24.68% │ 62.32% │ 13.00%,→059.76% │ ←004.17% │ ←652.37%,50.35%,49.65%,50.13%,49.87%,29753280597.89,29338039226.06,8658419367,8614591086,6685081346,1439236008,1423387216,3536807322,3586010987
_qmup,daenl,ywvfz,bcrg_,hitos,jkx__,daenlhitos,1142.100493,16.94%,←000.49%,39.49%,←000.94%,58063542739.70,←000.97%,←000.78%,1.68,→000.11%,1.68,1.68,07.59% │ 09.79% │ 11.76% │ 11.43% │ 09.66%,09.85% │ 11.56% │ 11.24% │ 09.62% │ 07.49%,05.53% │ 10.06% │ 15.65% │ 12.45% │ 06.54%,06.53% │ 11.66% │ 15.52% │ 09.61% │ 06.45%,←001.31% │ ←001.81% │ ←004.70% │ →001.18% │ →001.84%,25.24% │ 64.11% │ 10.65%,→037.85% │ →003.04% │ ←448.38%,50.24%,49.76%,50.23%,49.77%,29172009138.72,28891533600.98,8676983603,8596026850,6820602072,1466979250,1459780978,3507260937,3480036646
_qpug,rtehm,zfwcv,ylob_,dains,__jkx,rtehmdains,1142.059778,16.66%,←000.47%,38.91%,←000.26%,58655620991.72,←001.79%,→001.92%,1.70,→001.52%,1.68,1.71,08.40% │ 09.48% │ 12.71% │ 11.80% │ 08.06%,08.21% │ 11.88% │ 12.10% │ 09.40% │ 07.96%,06.66% │ 11.08% │ 15.81% │ 10.79% │ 05.73%,05.53% │ 12.54% │ 15.38% │ 09.86% │ 06.64%,←005.63% │ ←000.79% │ ←005.00% │ →000.71% │ →001.87%,26.67% │ 61.58% │ 11.75%,→049.74% │ ←003.85% │ ←536.34%,50.44%,49.56%,50.06%,49.94%,29588430790.89,29067190200.83,8647536074,8625474379,6721593136,1442510562,1435819047,3508740694,3577565825
_xpmw,rtehu,qgfcv,ylab_,donis,__jkz,rtehudonis,1141.543290,16.58%,←001.17%,38.70%,←000.51%,58957919122.85,←000.96%,→001.37%,1.70,→001.32%,1.69,1.71,08.30% │ 09.55% │ 13.13% │ 11.35% │ 07.92%,08.07% │ 11.04% │ 13.09% │ 09.54% │ 08.01%,06.63% │ 11.04% │ 16.30% │ 10.61% │ 05.55%,05.53% │ 11.83% │ 15.99% │ 09.95% │ 06.58%,←003.56% │ ←000.03% │ ←000.26% │ ←002.78% │ →001.88%,25.59% │ 62.34% │ 12.07%,→054.95% │ ←003.80% │ ←589.28%,50.24%,49.76%,50.13%,49.87%,29619879896.79,29338039226.06,8658419367,8614591086,6685081346,1440042832,1423387216,3536807322,3586010987
_wpfv,daenl,gjbcq,kyru_,htios,xmz__,daenlhtios,1141.457255,17.68%,←001.76%,39.16%,←001.00%,57569272609.67,←000.16%,→001.76%,1.69,→001.89%,1.67,1.70,08.12% │ 10.08% │ 12.30% │ 11.53% │ 08.00%,08.29% │ 11.87% │ 11.37% │ 10.55% │ 07.89%,05.87% │ 10.19% │ 15.74% │ 13.00% │ 05.44%,05.62% │ 13.10% │ 14.24% │ 10.34% │ 06.45%,←002.93% │ →004.40% │ ←008.24% │ →002.82% │ →003.50%,22.17% │ 64.56% │ 13.27%,→039.21% │ →001.59% │ ←165.16%,50.04%,49.96%,50.25%,49.75%,28807340526.09,28761932083.58,8679373895,8593636558,6764001148,1539997054,1513306414,3490637539,3553260968
_umpy,lnead,wjvfq,kbrg_,hoits,zcx__,lneadhoits,1141.429532,17.33%,→000.08%,39.43%,←001.35%,58328213985.50,←000.62%,←001.09%,1.68,→000.17%,1.68,1.68,07.72% │ 10.01% │ 11.82% │ 11.98% │ 08.64%,08.69% │ 12.30% │ 11.62% │ 09.69% │ 07.54%,05.96% │ 10.50% │ 15.65% │ 12.60% │ 05.63%,05.55% │ 12.51% │ 14.31% │ 10.85% │ 06.45%,←002.37% │ ←003.24% │ ←001.70% │ →002.64% │ →000.67%,23.60% │ 65.37% │ 11.03%,→002.46% │ →005.86% │ ←060.95%,50.15%,49.85%,50.34%,49.66%,29253776821.19,29074437164.31,8694508471,8578501982,6810146281,1496062206,1497323442,3517914897,3479838477
_xpmv,rtehu,qgfcw,ylab_,donis,__jkz,rtehudonis,1141.246118,16.57%,←001.11%,38.70%,←000.51%,59005192047.26,←001.12%,→001.37%,1.70,→001.32%,1.69,1.71,08.29% │ 09.54% │ 13.16% │ 11.35% │ 07.93%,08.06% │ 11.03% │ 13.08% │ 09.54% │ 08.01%,06.63% │ 11.04% │ 16.30% │ 10.61% │ 05.55%,05.53% │ 11.83% │ 15.99% │ 09.95% │ 06.58%,←003.58% │ ←000.03% │ ←000.61% │ ←002.92% │ →001.65%,24.72% │ 62.36% │ 12.92%,→059.77% │ ←004.01% │ ←646.15%,50.28%,49.72%,50.13%,49.87%,29667152821.20,29338039226.06,8658419367,8614591086,6685081346,1439236008,1423387216,3536807322,3586010987
_vgfq,doenr,kbycz,pusm_,liath,_wjx_,htailrneod,1141.031047,18.23%,←001.18%,36.36%,←001.26%,58752121834.29,→000.32%,→000.19%,1.77,→001.11%,1.76,1.78,05.77% │ 10.32% │ 12.66% │ 11.78% │ 09.39%,09.34% │ 12.12% │ 12.16% │ 10.53% │ 05.93%,04.68% │ 11.59% │ 14.95% │ 12.06% │ 06.41%,06.76% │ 13.00% │ 15.72% │ 10.26% │ 04.57%,→002.74% │ →002.02% │ ←004.11% │ →002.79% │ ←000.55%,22.93% │ 65.27% │ 11.80%,→060.08% │ ←008.37% │ ←297.85%,49.92%,50.08%,50.31%,49.69%,29328657418.92,29423464415.37,8690455930,8582554523,6279762328,1583436476,1565020262,3760447842,3767689485
_pxwy,sneid,jvcu_,bfom_,lahtr,_gkzq,rthaldiens,1140.919874,15.95%,→000.70%,40.12%,←001.87%,58441311897.81,→000.45%,←000.49%,1.66,→000.90%,1.65,1.67,08.04% │ 09.99% │ 11.91% │ 11.89% │ 08.07%,08.44% │ 11.88% │ 11.59% │ 10.09% │ 08.11%,06.63% │ 11.53% │ 12.99% │ 12.51% │ 05.89%,05.53% │ 12.06% │ 15.49% │ 10.71% │ 06.68%,→000.88% │ →001.04% │ ←002.70% │ ←000.07% │ →004.38%,23.78% │ 63.05% │ 13.17%,→054.14% │ ←009.63% │ ←152.77%,49.89%,50.11%,50.46%,49.54%,29154982388.01,29286329509.80,8716470524,8556539929,6930184674,1372901380,1382528909,3447335234,3430379747
_vgfq,doenr,kbycz,pusm_,liath,_wxj_,htailrneod,1140.855772,18.23%,←001.18%,36.36%,←001.26%,58740620910.56,→000.28%,→000.19%,1.77,→001.11%,1.76,1.78,05.77% │ 10.32% │ 12.66% │ 11.78% │ 09.40%,09.34% │ 12.12% │ 12.12% │ 10.56% │ 05.93%,04.68% │ 11.63% │ 14.91% │ 12.06% │ 06.41%,06.76% │ 13.00% │ 15.72% │ 10.26% │ 04.57%,→002.73% │ →002.30% │ ←004.47% │ →002.77% │ ←000.61%,22.93% │ 65.26% │ 11.81%,→060.07% │ ←008.44% │ ←297.20%,49.93%,50.07%,50.31%,49.69%,29328657418.92,29411963491.64,8690455930,8582554523,6279762328,1583436476,1565020262,3760447842,3767689485
_vgfz,doenr,kbycq,pusm_,liath,_wjx_,htailrneod,1140.700926,18.23%,←001.24%,36.36%,←001.26%,58754658482.65,→000.31%,→000.19%,1.77,→001.11%,1.76,1.78,05.77% │ 10.32% │ 12.67% │ 11.78% │ 09.39%,09.34% │ 12.12% │ 12.16% │ 10.53% │ 05.93%,04.68% │ 11.59% │ 14.95% │ 12.06% │ 06.41%,06.76% │ 13.00% │ 15.72% │ 10.26% │ 04.57%,→002.73% │ →002.01% │ ←004.16% │ →002.79% │ ←000.53%,22.97% │ 65.27% │ 11.76%,→059.84% │ ←008.39% │ ←296.16%,49.92%,50.08%,50.31%,49.69%,29331194067.28,29423464415.37,8690455930,8582554523,6279762328,1584354590,1565020262,3760447842,3767689485
_pxwy,sneid,jvcu_,bfom_,lahtr,_gkqz,rthaldiens,1140.353225,15.95%,→000.70%,40.12%,←001.87%,58452759454.88,→000.49%,←000.49%,1.66,→000.90%,1.65,1.67,08.03% │ 09.99% │ 11.90% │ 11.89% │ 08.06%,08.43% │ 11.89% │ 11.59% │ 10.05% │ 08.16%,06.66% │ 11.50% │ 12.99% │ 12.51% │ 05.89%,05.53% │ 12.06% │ 15.49% │ 10.71% │ 06.68%,→001.52% │ →000.60% │ ←002.68% │ →000.01% │ →004.39%,23.77% │ 63.05% │ 13.18%,→054.15% │ ←009.59% │ ←152.22%,49.88%,50.12%,50.46%,49.54%,29154982388.01,29297777066.87,8716470524,8556539929,6930184674,1372901380,1382528909,3447335234,3430379747
_zcgf,dneal,pmxbq,jury_,hotis,vwk__,dnealhotis,1139.751969,17.72%,←000.76%,38.76%,←000.70%,58187325436.32,←001.29%,→000.33%,1.70,→000.71%,1.69,1.71,08.07% │ 09.06% │ 11.47% │ 12.15% │ 09.56%,08.89% │ 11.87% │ 11.97% │ 09.16% │ 07.79%,05.97% │ 10.22% │ 15.49% │ 11.94% │ 06.55%,05.99% │ 12.03% │ 16.07% │ 09.29% │ 06.45%,←003.60% │ →001.17% │ →004.10% │ ←002.37% │ ←007.59%,22.16% │ 64.14% │ 13.71%,→023.23% │ →001.78% │ ←086.07%,50.32%,49.68%,50.17%,49.83%,29279455525.29,28907869911.03,8666564159,8606446294,6694456935,1535988425,1524453155,3550900797,3562541923
_pxwy,sneid,zvcu_,bfom_,lahtr,_gkjq,rthaldiens,1139.691973,16.15%,→001.60%,40.06%,←001.46%,58465420581.44,→001.15%,←000.18%,1.66,→000.84%,1.66,1.67,07.90% │ 09.98% │ 11.91% │ 11.85% │ 08.07%,08.43% │ 11.89% │ 11.65% │ 10.22% │ 08.10%,06.63% │ 11.63% │ 12.99% │ 12.51% │ 05.89%,05.53% │ 12.06% │ 15.49% │ 10.71% │ 06.58%,→002.51% │ →002.26% │ ←002.27% │ →000.35% │ →004.34%,23.83% │ 63.05% │ 13.12%,→054.30% │ ←009.64% │ ←139.98%,49.71%,50.29%,50.36%,49.64%,29063873880.99,29401546700.45,8698945656,8574064797,6918987433,1383248465,1405766878,3447507790,3441404432
_qmup,daenl,ywvfz,bkrg_,hitos,jcx__,daenlhitos,1138.403272,17.18%,→002.19%,39.49%,←000.94%,57909480691.18,←001.51%,←000.78%,1.68,→000.11%,1.68,1.68,07.61% │ 09.82% │ 11.80% │ 11.46% │ 09.69%,09.90% │ 11.45% │ 11.23% │ 09.53% │ 07.52%,05.53% │ 10.06% │ 15.65% │ 12.45% │ 06.54%,06.53% │ 11.66% │ 15.52% │ 09.61% │ 06.45%,←001.23% │ ←003.01% │ ←005.08% │ ←000.11% │ →002.14%,22.25% │ 64.07% │ 13.68%,→022.75% │ →002.40% │ ←094.38%,50.38%,49.62%,50.23%,49.77%,29172009138.72,28737471552.46,8676983603,8596026850,6820602072,1466979250,1499788626,3507260937,3480036646
_zcgf,lnead,wmqpx,vusb_,hitor,jyk__,lneadhitor,1138.385425,17.61%,→001.92%,39.14%,←000.99%,57760076848.71,←000.37%,→001.14%,1.69,→001.46%,1.68,1.70,07.67% │ 09.20% │ 11.19% │ 12.83% │ 09.21%,08.82% │ 12.33% │ 12.09% │ 08.74% │ 07.93%,05.96% │ 10.22% │ 15.40% │ 12.47% │ 06.20%,05.99% │ 12.07% │ 15.99% │ 09.18% │ 06.53%,→003.38% │ ←005.23% │ →007.39% │ ←004.05% │ ←004.43%,23.65% │ 64.00% │ 12.35%,→030.57% │ →002.61% │ ←150.33%,50.09%,49.91%,50.25%,49.75%,28933836590.25,28826240258.46,8678882875,8594127578,6761192255,1506106849,1535656839,3503073986,3543633414
_xmup,daenl,ywvfz,bkrg_,hitos,qcj__,daenlhitos,1138.218993,17.25%,←000.32%,39.47%,←001.31%,57878217402.03,←002.37%,←001.69%,1.68,←000.25%,1.68,1.68,07.62% │ 09.99% │ 11.82% │ 11.45% │ 09.71%,09.71% │ 11.43% │ 11.24% │ 09.52% │ 07.52%,05.53% │ 10.15% │ 15.65% │ 12.45% │ 06.54%,06.40% │ 11.66% │ 15.55% │ 09.61% │ 06.45%,←001.26% │ ←004.91% │ ←005.20% │ ←000.19% │ ←000.01%,22.41% │ 64.06% │ 13.53%,→021.60% │ →002.05% │ ←101.16%,50.58%,49.42%,50.33%,49.67%,29277359627.39,28600857774.64,8692893228,8580117225,6817693206,1492099180,1487307146,3524395118,3465811331
_kczf,lnead,ypwmx,busg_,hitor,qjv__,lneadhitor,1135.367608,16.80%,←001.72%,39.31%,←002.20%,57732770466.20,←001.03%,→001.41%,1.68,→002.43%,1.66,1.71,08.25% │ 09.44% │ 12.95% │ 10.40% │ 09.22%,09.40% │ 10.56% │ 12.42% │ 09.31% │ 08.05%,05.97% │ 10.38% │ 16.99% │ 11.00% │ 06.20%,06.40% │ 10.60% │ 16.32% │ 09.61% │ 06.53%,←002.46% │ ←001.43% │ ←004.23% │ →001.52% │ →001.95%,23.18% │ 63.90% │ 12.93%,→048.99% │ →003.73% │ ←502.33%,50.26%,49.74%,50.54%,49.46%,29014333350.36,28718437115.84,8730637895,8542372558,6789289260,1463542113,1438863607,3484441245,3534169150
_umgf,dneal,yqvwz,bkrp_,hotis,jcx__,dnealhotis,1134.995517,18.10%,←000.91%,38.71%,←000.56%,58453717257.29,←001.05%,→000.19%,1.70,→000.52%,1.70,1.71,07.68% │ 09.74% │ 11.75% │ 11.73% │ 09.35%,09.74% │ 11.64% │ 11.30% │ 09.51% │ 07.55%,05.53% │ 10.37% │ 15.65% │ 12.01% │ 06.58%,06.53% │ 11.64% │ 15.52% │ 09.73% │ 06.45%,←001.73% │ ←002.49% │ ←004.01% │ ←000.79% │ →003.98%,24.84% │ 64.23% │ 10.93%,→002.75% │ →003.45% │ ←044.72%,50.26%,49.74%,50.14%,49.86%,29380179213.51,29073538043.78,8660497324,8612513129,6686939892,1570184001,1556014836,3557060713,3563899050
_vgfq,doenr,kbycz,pusm_,ltaih,_wjx_,hiatlrneod,1133.986872,18.23%,←001.18%,36.36%,←001.26%,58362131717.48,←001.02%,→000.19%,1.77,→001.11%,1.76,1.78,05.80% │ 10.39% │ 12.75% │ 11.86% │ 09.46%,09.39% │ 11.89% │ 12.29% │ 10.59% │ 05.58%,04.68% │ 10.38% │ 14.95% │ 13.26% │ 06.41%,06.76% │ 13.00% │ 15.72% │ 10.26% │ 04.57%,←003.94% │ →001.96% │ ←003.69% │ →000.21% │ ←000.69%,23.27% │ 64.83% │ 11.91%,→060.52% │ ←011.46% │ ←293.96%,50.25%,49.75%,50.31%,49.69%,29328657418.92,29033474298.56,8690455930,8582554523,6279762328,1583436476,1565020262,3760447842,3767689485
_mufg,dneal,yxvwz,qkrp_,hotis,bcj__,dnealhotis,1133.925781,18.19%,→000.53%,38.77%,←000.93%,58225680982.09,←001.31%,←000.69%,1.70,→000.16%,1.70,1.70,07.70% │ 09.32% │ 12.09% │ 11.58% │ 09.64%,09.57% │ 11.64% │ 11.40% │ 09.48% │ 07.58%,05.53% │ 10.28% │ 15.83% │ 12.15% │ 06.45%,06.40% │ 11.64% │ 15.55% │ 09.73% │ 06.45%,←001.58% │ →001.70% │ ←006.00% │ →000.49% │ ←000.69%,22.46% │ 64.29% │ 13.25%,←016.88% │ →003.39% │ ←000.17%,50.33%,49.67%,50.23%,49.77%,29302589389.94,28923091592.15,8676406949,8596603504,6697107482,1566438563,1574843038,3567656666,3543135507
_vgfq,doenr,kbycz,pusm_,ltaih,_wxj_,hiatlrneod,1133.628519,18.23%,←001.18%,36.36%,←001.26%,58352360938.47,←001.05%,→000.19%,1.77,→001.11%,1.76,1.78,05.81% │ 10.39% │ 12.75% │ 11.86% │ 09.46%,09.39% │ 11.88% │ 12.25% │ 10.63% │ 05.58%,04.68% │ 10.42% │ 14.91% │ 13.26% │ 06.41%,06.76% │ 13.00% │ 15.72% │ 10.26% │ 04.57%,←003.95% │ →002.26% │ ←004.03% │ →000.18% │ ←000.75%,23.26% │ 64.82% │ 11.91%,→060.50% │ ←011.52% │ ←293.32%,50.26%,49.74%,50.31%,49.69%,29328657418.92,29023703519.55,8690455930,8582554523,6279762328,1583436476,1565020262,3760447842,3767689485
_vgfz,doenr,kbycq,pusm_,ltaih,_wjx_,hiatlrneod,1133.612593,18.23%,←001.24%,36.36%,←001.26%,58364668365.84,←001.03%,→000.19%,1.77,→001.11%,1.76,1.78,05.80% │ 10.39% │ 12.75% │ 11.86% │ 09.45%,09.39% │ 11.89% │ 12.29% │ 10.59% │ 05.58%,04.68% │ 10.38% │ 14.95% │ 13.26% │ 06.41%,06.76% │ 13.00% │ 15.72% │ 10.26% │ 04.57%,←003.94% │ →001.95% │ ←003.74% │ →000.21% │ ←000.66%,23.30% │ 64.83% │ 11.86%,→060.28% │ ←011.48% │ ←292.28%,50.26%,49.74%,50.31%,49.69%,29331194067.28,29033474298.56,8690455930,8582554523,6279762328,1584354590,1565020262,3760447842,3767689485
_umpq,lnead,wjvfy,kbrg_,hoits,zcx__,lneadhoits,1132.040506,17.29%,→000.50%,39.43%,←001.35%,58242835988.76,←000.32%,←001.09%,1.68,→000.17%,1.68,1.68,07.73% │ 09.97% │ 11.83% │ 12.00% │ 08.55%,08.71% │ 12.32% │ 11.64% │ 09.70% │ 07.55%,05.96% │ 10.50% │ 15.65% │ 12.60% │ 05.63%,05.55% │ 12.51% │ 14.31% │ 10.85% │ 06.45%,←002.35% │ ←002.77% │ ←001.67% │ →002.60% │ →001.82%,20.82% │ 65.46% │ 13.73%,→026.02% │ →005.90% │ ←124.41%,50.08%,49.92%,50.34%,49.66%,29168398824.45,29074437164.31,8694508471,8578501982,6810146281,1489840010,1497323442,3517914897,3479838477
_bycq,laend,wzvmf,kurp_,hotis,jgx__,laendhotis,1130.708089,18.03%,←001.73%,38.60%,←001.03%,58101683785.61,←001.70%,→002.98%,1.70,→002.82%,1.68,1.73,07.80% │ 10.02% │ 11.49% │ 12.16% │ 08.95%,08.31% │ 12.46% │ 11.49% │ 09.52% │ 07.80%,05.96% │ 10.02% │ 14.75% │ 13.42% │ 06.11%,05.66% │ 12.39% │ 15.52% │ 09.73% │ 06.45%,→000.01% │ ←005.25% │ →000.01% │ →002.40% │ ←007.75%,22.60% │ 64.05% │ 13.36%,→041.91% │ →001.30% │ ←237.65%,50.42%,49.58%,50.26%,49.74%,29295614247.06,28806069538.55,8680901869,8592108584,6666848049,1570259116,1543523903,3516475273,3624576333
_umpy,lnead,vjwfq,kbrg_,hoits,zcx__,lneadhoits,1127.497565,17.33%,→000.08%,39.43%,←001.35%,58120437762.17,→000.10%,←001.09%,1.68,→000.17%,1.68,1.68,06.93% │ 10.02% │ 12.47% │ 11.89% │ 08.67%,08.73% │ 12.35% │ 11.66% │ 09.73% │ 07.56%,05.34% │ 10.50% │ 16.26% │ 12.60% │ 05.63%,05.55% │ 12.51% │ 14.31% │ 10.85% │ 06.45%,→008.40% │ ←002.99% │ ←006.95% │ →003.70% │ →000.67%,23.69% │ 65.48% │ 10.84%,→002.45% │ →006.24% │ ←055.51%,49.98%,50.02%,50.34%,49.66%,29046000597.86,29074437164.31,8694508471,8578501982,6810146281,1496062206,1497323442,3517914897,3479838477
_bymf,laend,wjvcq,kurp_,hotis,zgx__,laendhotis,1125.865371,17.68%,←000.67%,38.65%,←001.44%,57993344323.60,←002.47%,→002.69%,1.70,→002.88%,1.68,1.73,07.78% │ 10.15% │ 11.58% │ 12.10% │ 09.00%,08.20% │ 12.32% │ 11.51% │ 09.54% │ 07.81%,05.96% │ 10.12% │ 14.75% │ 13.42% │ 06.11%,05.55% │ 12.39% │ 15.52% │ 09.73% │ 06.45%,→000.42% │ ←006.30% │ ←000.62% │ →001.83% │ ←009.79%,24.67% │ 64.19% │ 11.13%,→026.65% │ →000.82% │ ←180.00%,50.61%,49.39%,50.36%,49.64%,29350050632.79,28643293690.81,8698426737,8574583716,6676442554,1531790970,1521586211,3517104085,3614353016
_dfmc,rneag,qjv__,kbly_,hotis,xpuwz,rneaghotis,1092.399470,18.87%,←001.30%,37.63%,→001.36%,59255525202.43,→002.18%,→000.02%,1.73,←001.00%,1.74,1.72,07.89% │ 11.25% │ 11.83% │ 10.26% │ 08.21%,08.12% │ 10.67% │ 12.64% │ 11.22% │ 07.90%,06.63% │ 11.54% │ 15.23% │ 10.87% │ 05.38%,05.62% │ 11.33% │ 15.84% │ 10.98% │ 06.58%,→000.03% │ ←000.30% │ →006.39% │ →003.84% │ ←001.04%,25.50% │ 63.76% │ 10.74%,←063.36% │ →000.32% │ →079.82%,49.45%,50.55%,49.66%,50.34%,29301394412.27,29954130790.16,8577198454,8695811999,6500237822,1640521566,1619404367,3653503147,3654158686
