jmupq;rlaed;bvxyz;;khtc_;finso;wg___;104332;112016;160501;1.074;138577;137383.5;1;1276763.42
jmupq;rlaed;bvzyx;;kcth_;finso;wg___;104332;112016;160501;1.074;138287.5;138300;1;1277197.77
jmdyx;alrep;bvquz;;kcth_;gsoni;wf___;104332;112016;160501;1.074;137704.5;137992.5;1;1277221.17
jpumq;raely;vbxdz;;khtc_;fisno;wg___;104332;112016;160501;1.074;138351;138259.5;1;1277221.87
jmrpz;auled;bvxyq;;kcth_;gsnio;wf___;104332;112016;160501;1.074;138347;138409;1;1277239.01
jpumq;raely;vbzdx;;khtc_;finso;wg___;104332;112016;160501;1.074;138964.5;137383.5;1;1277296.43
jmrpq;auled;bvzyx;;kcth_;gsnio;wf___;104332;112016;160501;1.074;138284.5;138409;1;1277305.82
jmrpq;auled;bvxyz;;kcth_;gsnio;wf___;104332;112016;160501;1.074;138357.5;138409;1;1277377.1
xpumq;raely;vbjdz;;khtc_;finso;wg___;104332;112016;160501;1.074;138494.5;137383.5;1;1277379.79
xpumq;raely;vbjdz;;khtc_;fosni;wg___;104332;112016;160501;1.074;138494.5;137414.5;1;1277401.53
jmrpx;auled;bvzyq;;kcth_;gsnoi;wf___;104332;112016;160501;1.074;138469.5;138895.5;1;1277444.18
jpumq;raely;vbxdz;;kcth_;fisno;wg___;104332;112016;160501;1.074;138351;138489;1;1277452.79
jmupq;rlaed;bvxyz;;kcth_;finso;wg___;104332;112016;160501;1.074;138577;138300;1;1277497.5
jpumq;raely;vbxdz;;khtc_;gsoni;wf___;104332;112016;160501;1.074;138351;138583;1;1277551.43
qpumj;raely;vbxdz;;kcth_;gsoni;wf___;104332;112016;160501;1.074;138056;137992.5;1;1277576.79
zpumq;raely;vbxdj;;khtc_;fosni;wg___;104332;112016;160501;1.074;137986.5;137414.5;1;1277635.02
jpdyx;alrem;bvzuq;;khtc_;fosni;wg___;104332;112016;160501;1.074;138545;137414.5;1;1277645.41
jmupz;rlaed;bvxyq;;khtc_;finso;wg___;104332;112016;160501;1.074;139303;137383.5;1;1277667.54
jpumz;raely;vbqdx;;kcth_;gsoni;wf___;104332;112016;160501;1.074;139046;137992.5;1;1277669.91
jmupx;rlaed;bvzyq;;khtc_;finso;wg___;104332;112016;160501;1.074;139590.5;137383.5;1.001;1277687.95
jmrpx;auled;vbzyq;;kcth_;gsoni;wf___;104332;112016;160501;1.074;139391.5;137992.5;1;1277701.57
jmdpx;arley;bvquz;;kcth_;gsnoi;wf___;104332;112016;160501;1.074;136594;138895.5;1.001;1277727.37
zmupq;rlaed;vbjyx;;khtc_;fonsi;wg___;104332;112016;160501;1.074;138482.5;136538.5;1;1277728.46
jmdpx;erlay;bzquv;;kcth_;gsnio;wf___;104332;112016;160501;1.074;137783.5;138409;1;1277758.16
jmrpz;auled;bvxyq;;kcth_;gsnoi;wf___;104332;112016;160501;1.074;138347;138895.5;1;1277765.17
jmdpx;alrey;bzvuq;;kcth_;gsoni;wf___;104332;112016;160501;1.074;138257;137992.5;1;1277771.89
jmupx;rlaed;bvqyz;;khtc_;finso;wg___;104332;112016;160501;1.074;139676.5;137383.5;1.001;1277826.34
qpumz;raely;vbxdj;;kcth_;gsoni;wf___;104332;112016;160501;1.074;137488.5;137992.5;1;1277832.84
jmdpx;alrey;bqvuz;;kcth_;finso;wg___;104332;112016;160501;1.074;138009;138300;1;1277833.36
jmrpz;auled;bvqyx;;kcth_;fsnio;wg___;104332;112016;160501;1.074;138253.5;139049.5;1;1277870.21
jpumz;raely;vbqdx;;kcth_;finso;wg___;104332;112016;160501;1.074;139046;138300;1;1277902.86
jmdyx;alrep;bvquz;;khtc_;gsoni;wf___;104332;112016;160501;1.074;137704.5;138583;1;1277904.51
jplyx;adrem;vbquz;;khtc_;fosni;wg___;104332;112016;160501;1.074;138762.5;137414.5;1;1277935.88
jpumq;raely;bvxdz;;kcth_;fisno;wg___;104332;112016;160501;1.074;138822.5;138489;1;1277936.57
xmdpj;arley;bvquz;;kcth_;gsnio;wf___;104332;112016;160501;1.074;137561.5;138409;1;1277942.75
jmrpz;auled;bvxyq;;kcth_;fsnio;wg___;104332;112016;160501;1.074;138347;139049.5;1;1277944.9
jmdpx;alrey;bqvuz;;kcth_;gsnio;wf___;104332;112016;160501;1.074;138009;138409;1;1277952.47
jmupz;rlaed;bvqyx;;kcth_;finso;wg___;104332;112016;160501;1.074;139099.5;138300;1;1277967.41
jpumz;raely;vbxdq;;khtc_;gsoni;wf___;104332;112016;160501;1.074;138892.5;138583;1;1277970.75
qpumz;raely;vbjdx;;kcth_;gsoni;wf___;104332;112016;160501;1.074;137653.5;137992.5;1;1277979
jmrpx;auled;vbzyq;;kcth_;gsnio;wf___;104332;112016;160501;1.074;139391.5;138409;1;1277984.27
jpumz;raely;vbqdx;;kcth_;gsnio;wf___;104332;112016;160501;1.074;139046;138409;1;1277991.64
jmdpz;alrey;bqvux;;kcth_;gsoni;wf___;104332;112016;160501;1.074;138092.5;137992.5;1;1278026.84
xmrpq;auled;bvjyz;;kcth_;finso;wg___;104332;112016;160501;1.074;138408.5;138300;1;1278044.82
jpumz;raely;vbqdx;;kcth_;fisno;wg___;104332;112016;160501;1.074;139046;138489;1;1278058.85
qmupz;rlaed;bvjyx;;khtc_;finso;wg___;104332;112016;160501;1.074;138272.5;137383.5;1;1278080.52
jpumx;raely;vbqdz;;kcth_;gsoni;wf___;104332;112016;160501;1.074;139667.5;137992.5;1;1278091.46
jpumq;raely;vbzdx;;kcth_;fisno;wg___;104332;112016;160501;1.074;138964.5;138489;1;1278093.88
xpumq;raely;vbjdz;;khtc_;fisno;wg___;104332;112016;160501;1.074;138494.5;138259.5;1;1278096.13
zmupq;rlaed;bvjyx;;khtc_;fisno;wg___;104332;112016;160501;1.074;137598.5;138259.5;1;1278106.74
jmdpx;arley;bzvuq;;kcth_;gsnio;wf___;104332;112016;160501;1.074;138189.5;138409;1;1278117.95
jmupz;rlaed;bvqyx;;kcth_;fisno;wg___;104332;112016;160501;1.074;139099.5;138489;1;1278120.67
xpumq;raely;vbjdz;;kcth_;finso;wg___;104332;112016;160501;1.074;138494.5;138300;1;1278134.31
jmdpz;arley;bqvux;;kcth_;gsnio;wf___;104332;112016;160501;1.074;137735;138409;1;1278145.71
jpumq;raely;vbzdx;;khtc_;ginso;wf___;104332;112016;160501;1.074;138964.5;138549.5;1;1278147.18
zmupq;rlaed;bvjyx;;kcth_;finso;wg___;104332;112016;160501;1.074;137598.5;138300;1;1278154.69
jpumq;realy;vbxdz;;khtc_;fisno;wg___;104332;112016;160501;1.074;139183.5;138259.5;1;1278167.41
jmupx;rlaed;bvzyq;;kcth_;finso;wg___;104332;112016;160501;1.074;139590.5;138300;1;1278168.02
qpumx;raely;vbjdz;;kcth_;gsoni;wf___;104332;112016;160501;1.074;138275;137992.5;1;1278168.21
zpumq;raely;vbxdj;;kcth_;gsoni;wf___;104332;112016;160501;1.074;137986.5;137992.5;1;1278168.75
jmdpx;alrey;bzvuq;;kcth_;gsnio;wf___;104332;112016;160501;1.074;138257;138409;1;1278182.09
qpumj;raely;vbxdz;;khtc_;gsoni;wf___;104332;112016;160501;1.074;138056;138583;1;1278204
jmdpx;arley;bzquv;;kcth_;gsnio;wf___;104332;112016;160501;1.074;138292;138409;1;1278215.83
jpuyz;raeld;vbxmq;;kcth_;gsoni;wf___;104332;112016;160501;1.074;139464;137992.5;1;1278229.6
jpumz;raely;vbxdq;;khtc_;gnosi;wf___;104332;112016;160501;1.074;138892.5;138864;1;1278239.11
zmupq;rlaed;vbjyx;;khtc_;fosni;wg___;104332;112016;160501;1.074;138482.5;137414.5;1;1278241.15
qpumj;raely;vbzdx;;kcth_;gsoni;wf___;104332;112016;160501;1.074;138669.5;137992.5;1;1278251.28
jmupx;rlaed;bvqyz;;khtc_;fisno;wg___;104332;112016;160501;1.074;139676.5;138259.5;1;1278259.45
jmupq;rlaed;bvxyz;;kcth_;fsnio;wg___;104332;112016;160501;1.074;138577;139049.5;1;1278266.47
jmdpx;arley;bqvuz;;kcth_;gsnoi;wf___;104332;112016;160501;1.074;137653.5;138895.5;1;1278270.07
zmdpj;alrey;bvqux;;kcth_;finso;wg___;104332;112016;160501;1.074;137021.5;138300;1;1278274.27
jmdpx;alrey;bzquv;;kcth_;gsnio;wf___;104332;112016;160501;1.074;138359.5;138409;1;1278281.83
jmupx;rlaed;bvqyz;;kcth_;finso;wg___;104332;112016;160501;1.074;139676.5;138300;1;1278284.68
jmrpq;auled;vbzyx;;kcth_;gsnio;wf___;104332;112016;160501;1.074;139206.5;138409;1;1278310.62
xpumq;raely;vbjdz;;kcth_;fisno;wg___;104332;112016;160501;1.074;138494.5;138489;1;1278318.25
jpumq;raely;bvzdx;;kcth_;gsoni;wf___;104332;112016;160501;1.074;139436;137992.5;1;1278318.42
jpumq;raely;vbxdz;;whtc_;fosni;kg___;104332;112016;160501;1.074;138351;137471;1;1278323.75
jpdyx;alrem;bvzuq;;khtc_;fisno;wg___;104332;112016;160501;1.074;138545;138259.5;1;1278328.4
jmdpx;alrey;bzvuq;;khtc_;ginso;wf___;104332;112016;160501;1.074;138257;138549.5;1;1278330.94
jmupq;rlaed;vbzyx;;kcth_;fisno;wg___;104332;112016;160501;1.074;139172;138489;1;1278333.43
jplyz;adrem;vbqux;;khtc_;fosni;wg___;104332;112016;160501;1.074;138744;137414.5;1;1278338.26
jpumx;raely;vbqdz;;kcth_;gsnio;wf___;104332;112016;160501;1.074;139667.5;138409;1;1278342.82
xpumj;raely;vbqdz;;kcth_;gsoni;wf___;104332;112016;160501;1.074;139592;137992.5;1;1278345.12
jpuyq;raeld;vbzmx;;khtc_;fosni;wg___;104332;112016;160501;1.074;139655;137414.5;1.001;1278358.89
jpumq;raely;vxbdz;;kcth_;gsoni;wf___;104332;112016;160501;1.074;139466;137992.5;1;1278360.17
xpumz;raely;vbqdj;;kcth_;gsoni;wf___;104332;112016;160501;1.074;139021;137992.5;1;1278362.51
jmdyx;arlep;vbquz;;khtc_;gsoni;wf___;104332;112016;160501;1.074;138264;138583;1;1278373.61
zmupq;rlaed;bvjyx;;kcth_;fisno;wg___;104332;112016;160501;1.074;137598.5;138489;1;1278384.32
xpumq;raely;vbzdj;;kcth_;gsoni;wf___;104332;112016;160501;1.074;138943;137992.5;1;1278391.54
jmrpz;auled;bvxyq;;khtc_;gsnio;wf___;104332;112016;160501;1.074;138347;139412.5;1;1278393.63
jmrpq;auled;vbxyz;;kcth_;gsnio;wf___;104332;112016;160501;1.074;139279.5;138409;1;1278399.87
jmruq;aldep;bvxyz;;kcth_;gsnio;wf___;104332;112016;160501;1.074;137889;138409;1;1278402.61
jpumq;raely;bxvdz;;kcth_;finso;wg___;104332;112016;160501;1.074;139348;138300;1;1278405.04
xmupq;rlaed;bvjyz;;kcth_;finso;wg___;104332;112016;160501;1.074;138746.5;138300;1;1278407.9
jmupx;rlaed;bvqyz;;kcth_;fisno;wg___;104332;112016;160501;1.074;139676.5;138489;1;1278408.45
xpumq;raely;vbjdz;;khtc_;gsoni;wf___;104332;112016;160501;1.074;138494.5;138583;1;1278413.29
qmupx;rlaed;bvjyz;;khtc_;finso;wg___;104332;112016;160501;1.074;138849.5;137383.5;1;1278414.04
xpdyj;alrem;bvquz;;khtc_;fonsi;wg___;104332;112016;160501;1.074;139106.5;136538.5;1.001;1278423.74
zmrpq;auled;bvjyx;;kcth_;gsnio;wf___;104332;112016;160501;1.074;137778;138409;1;1278430.38
xpumq;raely;vbjdz;;khtc_;gonsi;wf___;104332;112016;160501;1.074;138494.5;138619.5;1;1278450.83
jpumq;laery;vbxdz;;kcth_;gsoni;wf___;104332;112016;160501;1.074;139545.5;137992.5;1;1278471.98
jmdpx;arley;bqvuz;;kcth_;fsnio;wg___;104332;112016;160501;1.074;137653.5;139049.5;1;1278478.9
jpumq;raely;vbxdz;;kcth_;fonsi;wg___;104332;112016;160501;1.074;138351;139385.5;1;1278489.69
jpumz;raely;bvxdq;;khtc_;gsoni;wf___;104332;112016;160501;1.074;139364;138583;1;1278510.7
jpumq;raely;bvzdx;;kcth_;finso;wg___;104332;112016;160501;1.074;139436;138300;1;1278518.74
jmdpx;alrey;bqvuz;;kcth_;gsnoi;wf___;104332;112016;160501;1.074;138009;138895.5;1;1278522.99
jmupq;rlaed;vbxyz;;khtc_;fisno;wg___;104332;112016;160501;1.074;139461.5;138259.5;1;1278524.47
jpumq;raely;bxzdv;;kcth_;gsoni;wf___;104332;112016;160501;1.074;139588.5;137992.5;1;1278533.17
zmrpj;auled;bvxyq;;kcth_;gsnio;wf___;104332;112016;160501;1.074;138830.5;138409;1;1278535.46
qpumz;raely;bjxdv;;kcth_;gsoni;wf___;104332;112016;160501;1.074;138221;137992.5;1;1278538.01
jpumq;raely;bxvdz;;kcth_;fisno;wg___;104332;112016;160501;1.074;139348;138489;1;1278545.62
jpdyx;alrem;bvzuq;;kcth_;fisno;wg___;104332;112016;160501;1.074;138545;138489;1;1278547.42
jpumz;raely;vbqdx;;kcth_;fsnio;wg___;104332;112016;160501;1.074;139046;139049.5;1;1278578
jpuyz;raeld;vbqmx;;kcth_;gsoni;wf___;104332;112016;160501;1.074;139721;137992.5;1;1278597.04
qpumz;raely;bxjdv;;kcth_;gsoni;wf___;104332;112016;160501;1.074;138276.5;137992.5;1;1278597.33
qpumz;realy;bxjdv;;khtc_;finso;wg___;104332;112016;160501;1.074;138672;137383.5;1;1278597.88
jmdpx;arley;bvquz;;khtc_;gsnio;wf___;104332;112016;160501;1.074;136594;139412.5;1.001;1278606.89
xmdpj;alrey;bvquz;;kcth_;gsnoi;wf___;104332;112016;160501;1.074;137626;138895.5;1;1278614.28
jmrpx;eulad;qbzyv;;kcth_;gsoni;wf___;104332;112016;160501;1.074;140025;137992.5;1;1278626.92
jpuyq;raeld;vbzmx;;kcth_;gsoni;wf___;104332;112016;160501;1.074;139655;137992.5;1;1278628.77
jmrpq;auled;bzvyx;;kcth_;gsnio;wf___;104332;112016;160501;1.074;139464;138409;1;1278631.8
xmupq;rlaed;bvjyz;;khtc_;ginso;wf___;104332;112016;160501;1.074;138746.5;138549.5;1;1278635.92
jpumq;laery;vbxdz;;khtc_;fisno;wg___;104332;112016;160501;1.074;139545.5;138259.5;1;1278636.44
jpumq;raely;bvzdx;;kcth_;fisno;wg___;104332;112016;160501;1.074;139436;138489;1;1278654.81
qpumz;raely;vbjdx;;khtc_;gsoni;wf___;104332;112016;160501;1.074;137653.5;138583;1;1278670.59
jmdpx;alrey;vbquz;;kcth_;gsnoi;wf___;104332;112016;160501;1.074;138203.5;138895.5;1;1278676.11
qpumx;raely;vbzdj;;kcth_;gsoni;wf___;104332;112016;160501;1.074;138723.5;137992.5;1;1278677.76
jpumq;raely;vxbdz;;kcth_;fisno;wg___;104332;112016;160501;1.074;139466;138489;1;1278692.51
xpumq;raely;vbjdz;;khtc_;gnosi;wf___;104332;112016;160501;1.074;138494.5;138864;1;1278711.45
jyupq;raeld;vbxmz;;kcth_;gsnoi;wf___;104332;112016;160501;1.074;139197;138895.5;1;1278714.8
jmdpx;alrey;bzvuq;;kcth_;gsnoi;wf___;104332;112016;160501;1.074;138257;138895.5;1;1278720.04
jpumq;raely;bxzdv;;kcth_;finso;wg___;104332;112016;160501;1.074;139588.5;138300;1;1278720.68
zpumj;raely;vbqdx;;kcth_;gsoni;wf___;104332;112016;160501;1.074;139249;137992.5;1;1278725.74
xpumj;raely;vbqdz;;khtc_;gsoni;wf___;104332;112016;160501;1.074;139592;138583;1;1278727.8
jmrpq;auled;bzvyx;;khtc_;ginso;wf___;104332;112016;160501;1.074;139464;138549.5;1;1278735.16
qmrpx;auled;bvjyz;;kcth_;finso;wg___;104332;112016;160501;1.074;138539;138300;1;1278736.64
jmdpz;arley;bxvuq;;kcth_;gsnio;wf___;104332;112016;160501;1.074;138395.5;138409;1;1278745.02
jmdpx;arley;zbvuq;;kcth_;gsnio;wf___;104332;112016;160501;1.074;138805.5;138409;1;1278748.49
zmupq;rlaed;vjbyx;;khtc_;finso;wg___;104332;112016;160501;1.074;138874.5;137383.5;1;1278748.88
jmdpx;arley;bzquv;;kcth_;gsnoi;wf___;104332;112016;160501;1.074;138292;138895.5;1;1278749.2
jmdpz;arley;bqvux;;kcth_;gsnoi;wf___;104332;112016;160501;1.074;137735;138895.5;1;1278752.52
jplyz;adrem;vbqux;;kcth_;gsoni;wf___;104332;112016;160501;1.074;138744;137992.5;1;1278752.84
zpdyx;alrem;bvjuq;;khtc_;fosni;wg___;104332;112016;160501;1.074;138173;137414.5;1;1278757.92
jpumq;raely;vxbdz;;khtc_;gsoni;wf___;104332;112016;160501;1.074;139466;138583;1;1278763.07
xpdyj;alrem;bvquz;;khtc_;finso;wg___;104332;112016;160501;1.074;139106.5;137383.5;1;1278767.34
jmdpz;erlay;bxquv;;kcth_;gsnio;wf___;104332;112016;160501;1.074;138424.5;138409;1;1278774.03
jmupz;rlaed;vbqyx;;khtc_;fosni;wg___;104332;112016;160501;1.074;139984;137414.5;1.001;1278774.31
jplyx;adrem;vbquz;;kcth_;fisno;wg___;104332;112016;160501;1.074;138762.5;138489;1;1278774.47
zmdpx;arley;bvquj;;kcth_;gsnio;wf___;104332;112016;160501;1.074;137008.5;138409;1;1278777.15
qpumj;raely;vbzdx;;khtc_;gsoni;wf___;104332;112016;160501;1.074;138669.5;138583;1;1278781.25
jpamz;ruely;bvxdq;;khtc_;gsoni;wf___;104332;112016;160501;1.074;139585;138583;1;1278784.18
jpumq;laery;vbxdz;;kcth_;fisno;wg___;104332;112016;160501;1.074;139545.5;138489;1;1278793.57
xpumq;raely;vbzdj;;kcth_;fisno;wg___;104332;112016;160501;1.074;138943;138489;1;1278794.24
qpumz;raely;bvxdj;;kcth_;fisno;wg___;104332;112016;160501;1.074;137960;138489;1;1278804.1
jmrpq;auled;vbxyz;;kcth_;gsnoi;wf___;104332;112016;160501;1.074;139279.5;138895.5;1;1278804.8
zpumq;raely;vbxdj;;khtc_;gsoni;wf___;104332;112016;160501;1.074;137986.5;138583;1;1278807.04
xpumq;raely;bvjdz;;kcth_;fisno;wg___;104332;112016;160501;1.074;138970;138489;1;1278824.6
jpumz;raely;bxqdv;;kcth_;fisno;wg___;104332;112016;160501;1.074;139670;138489;1;1278827.46
qpumz;raely;bxvdj;;kcth_;gsoni;wf___;104332;112016;160501;1.074;138486;137992.5;1;1278828.71
jpumq;raely;vbxdz;;kcth_;gisno;wf___;104332;112016;160501;1.074;138351;139644.5;1;1278829.26
qmrpx;auled;bvjyz;;kcth_;gsnio;wf___;104332;112016;160501;1.074;138539;138409;1;1278840.26
jpumq;raely;bzxdv;;kcth_;finso;wg___;104332;112016;160501;1.074;139677.5;138300;1;1278841.41
zmupx;rlaed;bvjyq;;khtc_;fisno;wg___;104332;112016;160501;1.074;138898;138259.5;1;1278846.54
jpumq;raely;bxzdv;;kcth_;fisno;wg___;104332;112016;160501;1.074;139588.5;138489;1;1278848.94
jpumq;raely;bvxdz;;kcth_;fonsi;wg___;104332;112016;160501;1.074;138822.5;139385.5;1;1278860.32
jpumq;laery;vbxdz;;khtc_;gsoni;wf___;104332;112016;160501;1.074;139545.5;138583;1;1278862.11
zmupq;rlaed;bvxyj;;kcth_;finso;wg___;104332;112016;160501;1.074;138377;138300;1;1278867.54
jpumq;realy;bxvdz;;kcth_;gsnio;wf___;104332;112016;160501;1.074;139645.5;138409;1;1278868.84
xpumq;raely;vbzdj;;khtc_;gsoni;wf___;104332;112016;160501;1.074;138943;138583;1;1278878.01
jmrpq;auled;bvxyz;;wcth_;gsnoi;kf___;104332;112016;160501;1.074;138357.5;138116.5;1;1278878.79
zmupx;rlaed;bvjyq;;kcth_;finso;wg___;104332;112016;160501;1.074;138898;138300;1;1278880.32
jpuyq;raeld;vbzmx;;kcth_;gsnio;wf___;104332;112016;160501;1.074;139655;138409;1;1278881.48
jmrpx;auled;vbqyz;;kcth_;ginso;wf___;104332;112016;160501;1.074;139371;139455.5;1;1278882.44
jmrpx;eulad;bzqyv;;kcth_;gsoni;wf___;104332;112016;160501;1.074;140192.5;137992.5;1.001;1278889.63
qmupz;rlaed;bvjyx;;kcth_;finso;wg___;104332;112016;160501;1.074;138272.5;138300;1;1278890.1
jmrpx;auled;vbzyq;;kcth_;ginso;wf___;104332;112016;160501;1.074;139391.5;139455.5;1;1278902.54
xpumq;raely;bvjdz;;khtc_;gsoni;wf___;104332;112016;160501;1.074;138970;138583;1;1278907.7
zmdpx;alrey;bjvuq;;kcth_;gsoni;wf___;104332;112016;160501;1.074;137821.5;137992.5;1;1278910.44
jpumq;realy;bxvdz;;kcth_;fisno;wg___;104332;112016;160501;1.074;139645.5;138489;1;1278923.09
qpumz;raely;vbxdj;;khtc_;gnosi;wf___;104332;112016;160501;1.074;137488.5;138864;1;1278925.94
jmrpx;eulad;bvzyq;;kcth_;gsoni;wf___;104332;112016;160501;1.074;140217.5;137992.5;1.001;1278929.49
jmdpx;alrey;vqbuz;;kcth_;gsnio;wf___;104332;112016;160501;1.074;138967;138409;1;1278930.57
jpumq;raely;bvxdz;;kcth_;ginso;wf___;104332;112016;160501;1.074;138822.5;139455.5;1;1278941.43
zpumq;raely;vbjdx;;khtc_;gsoni;wf___;104332;112016;160501;1.074;138151.5;138583;1;1278949.2
qmupz;rlaed;vbjyx;;khtc_;fonsi;wg___;104332;112016;160501;1.074;139157;136538.5;1.001;1278952.72
qmupz;rleay;bvxdj;;khtc_;finso;wg___;104332;112016;160501;1.074;138931;137383.5;1;1278956.42
jyupz;raeld;vbqmx;;kcth_;gsoni;wf___;104332;112016;160501;1.074;139963.5;137992.5;1;1278960.04
qpumz;raely;vxbdj;;kcth_;gsoni;wf___;104332;112016;160501;1.074;138603.5;137992.5;1;1278963.65
jmdyx;alrep;vbquz;;kcth_;gsoni;wf___;104332;112016;160501;1.074;139247.5;137992.5;1;1278964.52
jpumq;raely;bzxdv;;kcth_;fisno;wg___;104332;112016;160501;1.074;139677.5;138489;1;1278965.1
xmdpj;arley;bvzuq;;kcth_;gsnoi;wf___;104332;112016;160501;1.074;138113.5;138895.5;1;1278966.25
jpumq;realy;bxzdv;;kcth_;gsoni;wf___;104332;112016;160501;1.074;139886;137992.5;1;1278970.1
jpumq;raely;vbxdz;;wcth_;fisno;kg___;104332;112016;160501;1.074;138351;138229;1;1278978.99
jpumq;raely;bvzdx;;kcth_;gsnoi;wf___;104332;112016;160501;1.074;139436;138895.5;1;1278980.48
xmupq;rlaed;bvzyj;;kcth_;finso;wg___;104332;112016;160501;1.074;139235.5;138300;1;1278987.28
jpumq;raely;vxbdz;;khtc_;gnosi;wf___;104332;112016;160501;1.074;139466;138864;1;1278988.32
jprmq;auled;bvxyz;;kcth_;gsoni;wf___;104332;112016;160501;1.074;139900.5;137992.5;1;1278992.01
zmdpx;alrey;bjquv;;kcth_;gsoni;wf___;104332;112016;160501;1.074;137920.5;137992.5;1;1279006.2
jpumq;raely;bzvdx;;khtc_;finso;wg___;104332;112016;160501;1.074;140050.5;137383.5;1.001;1279007.17
xpumq;raely;bvzdj;;kcth_;gsoni;wf___;104332;112016;160501;1.074;139418.5;137992.5;1;1279018.83
xmdyj;alrep;bvquz;;kcth_;finso;wg___;104332;112016;160501;1.074;138813.5;138300;1;1279024.01
jmdpx;arley;qbvuz;;kcth_;fsnio;wg___;104332;112016;160501;1.074;138409;139049.5;1;1279026.28
zpduq;ralem;vbjyx;;kcth_;gsoni;wf___;104332;112016;160501;1.074;137331;137992.5;1;1279030.6
jmdpx;arley;vqbuz;;kcth_;gsnoi;wf___;104332;112016;160501;1.074;138611.5;138895.5;1;1279030.74
xpumj;raely;vbzdq;;kcth_;gsoni;wf___;104332;112016;160501;1.074;140052;137992.5;1;1279031.17
jmdpq;alrey;bzvux;;kcth_;gsoni;wf___;104332;112016;160501;1.074;138870;137992.5;1;1279034.18
jpdyx;arlem;bqvuz;;kcth_;gsoni;wf___;104332;112016;160501;1.074;139299.5;137992.5;1;1279034.42
zpumq;raely;bxjdv;;kcth_;gsoni;wf___;104332;112016;160501;1.074;138774.5;137992.5;1;1279038.89
zmupx;rlaed;bvjyq;;kcth_;fisno;wg___;104332;112016;160501;1.074;138898;138489;1;1279043.81
qmupx;rlaed;bvjyz;;khtc_;fisno;wg___;104332;112016;160501;1.074;138849.5;138259.5;1;1279045.58
xmrpj;eulad;qbzyv;;kcth_;gsoni;wf___;104332;112016;160501;1.074;140062;137992.5;1;1279046.72
jplyx;adrem;bvquz;;kcth_;fsoni;wg___;104332;112016;160501;1.074;138382.5;139088;1;1279049.98
jpumq;raely;vbzdx;;kcth_;ginso;wf___;104332;112016;160501;1.074;138964.5;139455.5;1;1279062.18
jpumq;raely;vbxdz;;whtc_;fisno;kg___;104332;112016;160501;1.074;138351;138316;1;1279064.16
qpumj;realy;bxzdv;;khtc_;finso;wg___;104332;112016;160501;1.074;139530.5;137383.5;1;1279066.06
qmupj;rlaed;bvzyx;;kcth_;finso;wg___;104332;112016;160501;1.074;139146.5;138300;1;1279070.08
jpumz;raely;vbxdq;;wcth_;gsoni;kf___;104332;112016;160501;1.074;138892.5;137728.5;1;1279072.93
jmdpx;alrey;bqzuv;;kcth_;gsnoi;wf___;104332;112016;160501;1.074;138663.5;138895.5;1;1279079.16
qmupx;rlaed;bvjyz;;kcth_;finso;wg___;104332;112016;160501;1.074;138849.5;138300;1;1279079.88
jpumq;laery;vbxdz;;khtc_;gnosi;wf___;104332;112016;160501;1.074;139545.5;138864;1;1279081.36
jmdpx;erlay;bqvuz;;kcth_;gsnoi;wf___;104332;112016;160501;1.074;138666;138895.5;1;1279081.51
jpumq;raely;bvxdz;;kcth_;fosni;wg___;104332;112016;160501;1.074;138822.5;139574.5;1;1279082.31
jpumx;raely;vbzdq;;khtc_;gsoni;wf___;104332;112016;160501;1.074;140127.5;138583;1;1279083.13
jmrpx;auled;bvzyq;;wcth_;fsnio;kg___;104332;112016;160501;1.074;138469.5;138761;1;1279083.59
jmdpx;arley;vbzuq;;kcth_;ginso;wf___;104332;112016;160501;1.074;137704;139455.5;1;1279086.16
qpumz;raely;bxjdv;;kcth_;fisno;wg___;104332;112016;160501;1.074;138276.5;138489;1;1279089.04
qpumz;raely;vjbdx;;kcth_;gsoni;wf___;104332;112016;160501;1.074;138713;137992.5;1;1279092.74
zmdpj;arley;bvqux;;kcth_;gsnoi;wf___;104332;112016;160501;1.074;136955.5;138895.5;1;1279094.25
xpumz;raely;vbqdj;;khtc_;gnosi;wf___;104332;112016;160501;1.074;139021;138864;1;1279095.27
jmdpx;arley;bqvuz;;wcth_;gsnoi;kf___;104332;112016;160501;1.074;137653.5;138116.5;1;1279098.69
jmdpx;arley;bqvuz;;wcth_;gsnio;kf___;104332;112016;160501;1.074;137653.5;138116.5;1;1279098.69
qmrux;adlep;bvjyz;;kcth_;gsnio;wf___;104332;112016;160501;1.074;137117.5;138409;1;1279101.39
xpumz;raely;vbjdq;;khtc_;gnosi;wf___;104332;112016;160501;1.074;139032.5;138864;1;1279107.27
zmdpx;erlay;bjquv;;kcth_;gsnio;wf___;104332;112016;160501;1.074;137500.5;138409;1;1279113.67
jpumz;raely;bxvdq;;kcth_;fisno;wg___;104332;112016;160501;1.074;139890;138489;1;1279123.23
jmdpx;erlay;bzquv;;kcth_;ginso;wf___;104332;112016;160501;1.074;137783.5;139455.5;1;1279128.56
jmrpx;eulad;bvqyz;;kcth_;gsoni;wf___;104332;112016;160501;1.074;140341;137992.5;1.001;1279128.85
qmupx;rlaed;bvzyj;;khtc_;finso;wg___;104332;112016;160501;1.074;139338.5;137383.5;1;1279129.73
xmupz;rlaed;bvjyq;;khtc_;fisno;wg___;104332;112016;160501;1.074;139469;138259.5;1;1279131.23
jpumq;realy;bxzdv;;kcth_;finso;wg___;104332;112016;160501;1.074;139886;138300;1;1279132.56
jpumq;raely;xbvdz;;kcth_;finso;wg___;104332;112016;160501;1.074;139886.5;138300;1;1279133.27
jmrpx;eulad;bqzyv;;kcth_;gsoni;wf___;104332;112016;160501;1.074;140346;137992.5;1.001;1279137.01
zpumq;raely;bvxdj;;kcth_;fisno;wg___;104332;112016;160501;1.074;138458.5;138489;1;1279137.37
xpumz;raely;vbjdq;;kcth_;gsnoi;wf___;104332;112016;160501;1.074;139032.5;138895.5;1;1279137.49
jpuyz;raeld;bvxmq;;kcth_;gsnio;wf___;104332;112016;160501;1.074;139935.5;138409;1;1279138.07
xpumq;raely;vbzdj;;khtc_;gnosi;wf___;104332;112016;160501;1.074;138943;138864;1;1279142.58
jpumz;laery;vbxdq;;kcth_;gsoni;wf___;104332;112016;160501;1.074;140087;137992.5;1;1279150.98
zpumx;raely;vbqdj;;kcth_;gsoni;wf___;104332;112016;160501;1.074;139299.5;137992.5;1;1279155.94
zmrpj;auled;bvxyq;;kcth_;fsnio;wg___;104332;112016;160501;1.074;138830.5;139049.5;1;1279158.62
xmupz;rlaed;bvjyq;;kcth_;finso;wg___;104332;112016;160501;1.074;139469;138300;1;1279158.75
zpumj;raely;vbqdx;;khtc_;gsoni;wf___;104332;112016;160501;1.074;139249;138583;1;1279163.33
jpumq;raely;bvxdz;;kcth_;gisno;wf___;104332;112016;160501;1.074;138822.5;139644.5;1;1279166.94
zpumx;raely;vbjdq;;kcth_;gsoni;wf___;104332;112016;160501;1.074;139311;137992.5;1;1279171.5
jyupz;raeld;vbxmq;;kcth_;gsnoi;wf___;104332;112016;160501;1.074;139706.5;138895.5;1;1279171.71
jmupz;rlaed;bvxyq;;kcth_;fonsi;wg___;104332;112016;160501;1.074;139303;139385.5;1;1279171.9
jplyz;adrem;vbqux;;kcth_;fisno;wg___;104332;112016;160501;1.074;138744;138489;1;1279182.17
jpumz;raely;bxvdq;;khtc_;gsoni;wf___;104332;112016;160501;1.074;139890;138583;1;1279183
jmdpz;arley;bqxuv;;khtc_;ginso;wf___;104332;112016;160501;1.074;138691.5;138549.5;1;1279184.19
jpumq;realy;vbzdx;;khtc_;gsoni;wf___;104332;112016;160501;1.074;139797;138583;1;1279186.53
jmrpq;eulad;bvzyx;;kcth_;gsoni;wf___;104332;112016;160501;1.074;140032.5;137992.5;1;1279194.02
xmrpq;auled;bvzyj;;kcth_;gsnio;wf___;104332;112016;160501;1.074;139337.5;138409;1;1279196.37
qpumx;raely;vbzdj;;khtc_;gsoni;wf___;104332;112016;160501;1.074;138723.5;138583;1;1279199.13
jmdpx;arley;vqbuz;;kcth_;fsnio;wg___;104332;112016;160501;1.074;138611.5;139049.5;1;1279199.54
xmdpj;alrey;bqvuz;;kcth_;finso;wg___;104332;112016;160501;1.074;138970;138300;1;1279205.29
qpumj;raely;bvzdx;;kcth_;fisno;wg___;104332;112016;160501;1.074;139141;138489;1;1279214.45
xpumq;raely;bjvdz;;khtc_;fisno;wg___;104332;112016;160501;1.074;139439.5;138259.5;1;1279220.07
jpumz;raely;vbqdx;;kcth_;gisno;wf___;104332;112016;160501;1.074;139046;139644.5;1;1279220.4
jplyx;darem;vbquz;;khtc_;fosni;wg___;104332;112016;160501;1.074;139629.5;137414.5;1.001;1279221.23
zudpq;ralem;vbjyx;;kcth_;gsoni;wf___;104332;112016;160501;1.074;137557;137992.5;1;1279222.89
jmdpx;alrey;vzbuq;;kcth_;gsnio;wf___;104332;112016;160501;1.074;139215;138409;1;1279223.75
zpumq;realy;bxjdv;;kcth_;gsoni;wf___;104332;112016;160501;1.074;138925.5;137992.5;1;1279224.69
jpuyq;raeld;vbzmx;;kcth_;gsnoi;wf___;104332;112016;160501;1.074;139655;138895.5;1;1279237.24
zpumj;raely;vbxdq;;khtc_;gnosi;wf___;104332;112016;160501;1.074;139095.5;138864;1;1279238.86
qpumj;realy;vbzdx;;kcth_;gsoni;wf___;104332;112016;160501;1.074;139441.5;137992.5;1;1279243.76
jpumq;realy;bxzdv;;kcth_;fisno;wg___;104332;112016;160501;1.074;139886;138489;1;1279245.51
jpumq;raely;xbvdz;;kcth_;fisno;wg___;104332;112016;160501;1.074;139886.5;138489;1;1279246.2
jmdpx;alrey;qvzub;;kcth_;gsnio;wf___;104332;112016;160501;1.074;139236;138409;1;1279249.33
qpumz;raely;bvxdj;;khtc_;gnosi;wf___;104332;112016;160501;1.074;137960;138864;1;1279251.34
jpumx;raely;vbqdz;;kcth_;gnosi;wf___;104332;112016;160501;1.074;139667.5;139533.5;1;1279258.36
jprmz;auled;bvqyx;;khtc_;gnosi;wf___;104332;112016;160501;1.074;139797;138864;1;1279258.98
jmrpx;adley;bqvuz;;kcth_;finso;wg___;104332;112016;160501;1.074;139311.5;138300;1;1279261.34
jmupz;rlaed;bvqyx;;kcth_;gisno;wf___;104332;112016;160501;1.074;139099.5;139644.5;1;1279265.77
zpumj;raely;vbxdq;;kcth_;gsnoi;wf___;104332;112016;160501;1.074;139095.5;138895.5;1;1279268.55
jmdpx;erlay;bzvuq;;khtc_;ginso;wf___;104332;112016;160501;1.074;139158.5;138549.5;1;1279270.43
jpumq;laery;vbxdz;;kcth_;fsoni;wg___;104332;112016;160501;1.074;139545.5;139088;1;1279271.43
qpumx;raely;bvzdj;;kcth_;gsoni;wf___;104332;112016;160501;1.074;139195;137992.5;1;1279271.75
jpduq;ralem;bvzyx;;khtc_;ginso;wf___;104332;112016;160501;1.074;138662;138549.5;1;1279281.44
jmlyx;ardep;bvquz;;kcth_;gsoni;wf___;104332;112016;160501;1.074;139480;137992.5;1;1279282.7
jpumz;raely;bxqdv;;kcth_;fsoni;wg___;104332;112016;160501;1.074;139670;139088;1;1279285.3
qpumz;raely;bxvdj;;kcth_;fisno;wg___;104332;112016;160501;1.074;138486;138489;1;1279292.5
xmupz;rlaed;bvjyq;;kcth_;fisno;wg___;104332;112016;160501;1.074;139469;138489;1;1279293.1
jpumq;laery;bvxdz;;khtc_;gnosi;wf___;104332;112016;160501;1.074;139722;138864;1;1279293.92
xmdpj;alrey;bqvuz;;kcth_;gsnio;wf___;104332;112016;160501;1.074;138970;138409;1;1279296.28
zpuyj;raeld;vbxmq;;kcth_;gsoni;wf___;104332;112016;160501;1.074;139659;137992.5;1;1279296.75
zpumq;raely;bxvdj;;kcth_;gsoni;wf___;104332;112016;160501;1.074;138984;137992.5;1;1279298.32
jmdyx;alrep;bzvuq;;kcth_;gsnio;wf___;104332;112016;160501;1.074;139276;138409;1;1279298.38
qmupz;rlaed;vbjyx;;khtc_;fosni;wg___;104332;112016;160501;1.074;139157;137414.5;1;1279300.22
qmupx;rlaed;bvjyz;;khtc_;ginso;wf___;104332;112016;160501;1.074;138849.5;138549.5;1;1279301
jpumz;raely;bvxdq;;kcth_;ginso;wf___;104332;112016;160501;1.074;139364;139455.5;1;1279303.1
zpumq;raely;bvjdx;;kcth_;fisno;wg___;104332;112016;160501;1.074;138623.5;138489;1;1279304.66
xpumj;raely;bvqdz;;kcth_;fisno;wg___;104332;112016;160501;1.074;140067.5;138489;1;1279306.02
jmrpx;adley;vbzuq;;khtc_;ginso;wf___;104332;112016;160501;1.074;139190;138549.5;1;1279307.18
qpumz;realy;bxjdv;;kcth_;finso;wg___;104332;112016;160501;1.074;138672;138300;1;1279308.01
jpumq;arely;bvxdz;;khtc_;fisno;wg___;104332;112016;160501;1.074;140024;138259.5;1;1279310.28
zmdpx;arley;bjvuq;;kcth_;gsnio;wf___;104332;112016;160501;1.074;137751.5;138409;1;1279311.29
zmupq;rlaed;vbxyj;;khtc_;finso;wg___;104332;112016;160501;1.074;139261;137383.5;1;1279311.84
jmupq;arled;bvxyz;;kcth_;gsnio;wf___;104332;112016;160501;1.074;139968.5;138409;1;1279312.45
jmdpx;arley;bzvuq;;khtc_;gsnio;wf___;104332;112016;160501;1.074;138189.5;139412.5;1;1279315.36
jmdpx;arley;zbquv;;kcth_;gsnoi;wf___;104332;112016;160501;1.074;138908;138895.5;1;1279316.52
qpuyz;raeld;bxjmv;;kcth_;gsoni;wf___;104332;112016;160501;1.074;138897;137992.5;1;1279316.92
jpuyq;laerd;vbxmz;;kcth_;gsoni;wf___;104332;112016;160501;1.074;140111.5;137992.5;1;1279317.16
xpumq;raely;vbjdz;;kcth_;fonsi;wg___;104332;112016;160501;1.074;138494.5;139385.5;1;1279320.64
jmrpz;eulad;bxqyv;;kcth_;gsoni;wf___;104332;112016;160501;1.074;140196;137992.5;1.001;1279322.92
jmdpx;alrey;bzvuq;;kcth_;fonsi;wg___;104332;112016;160501;1.074;138257;139385.5;1;1279325.93
xpumz;raely;bvqdj;;kcth_;fisno;wg___;104332;112016;160501;1.074;139496.5;138489;1;1279327.89
qpumz;raely;vbxdj;;wcth_;gsoni;kf___;104332;112016;160501;1.074;137488.5;137728.5;1;1279329.05
qpumj;realy;bxvdz;;kcth_;gsnio;wf___;104332;112016;160501;1.074;139290;138409;1;1279330.4
jmdyx;arlep;bqvuz;;kcth_;fsnio;wg___;104332;112016;160501;1.074;138758;139049.5;1;1279331.79
jpluq;radem;vbzyx;;khtc_;gsoni;wf___;104332;112016;160501;1.074;138682;138583;1;1279334.56
jmrpx;adleu;vbzyq;;kcth_;gsoni;wf___;104332;112016;160501;1.074;139517.5;137992.5;1;1279335.38
jpumz;raely;bqxdv;;kcth_;fsoni;wg___;104332;112016;160501;1.074;139714;139088;1;1279336.33
qpumz;raely;vbjdx;;kcth_;fsoni;wg___;104332;112016;160501;1.074;137653.5;139088;1;1279336.78
jpumz;raely;vqbdx;;kcth_;gsoni;wf___;104332;112016;160501;1.074;140205;137992.5;1.001;1279337.26
xpdyj;alrem;bvquz;;khtc_;fisno;wg___;104332;112016;160501;1.074;139106.5;138259.5;1;1279337.27
jpuyq;raeld;bvzmx;;kcth_;gsoni;wf___;104332;112016;160501;1.074;140126.5;137992.5;1;1279340.73
jpumq;raely;xbzdv;;kcth_;gsoni;wf___;104332;112016;160501;1.074;140127;137992.5;1;1279341.52
jmrpx;adley;bqvuz;;kcth_;gsnio;wf___;104332;112016;160501;1.074;139311.5;138409;1;1279342.27
jpumz;raely;vxbdq;;khtc_;gsoni;wf___;104332;112016;160501;1.074;140007.5;138583;1;1279343.26
jmdpx;elray;bzvuq;;khtc_;ginso;wf___;104332;112016;160501;1.074;139226;138549.5;1;1279349.5
jmrpx;auled;bzvyq;;kcth_;gisno;wf___;104332;112016;160501;1.074;139653;139644.5;1;1279352.51
jpumz;raely;bqvdx;;kcth_;gsnio;wf___;104332;112016;160501;1.074;140087.5;138409;1;1279355.13
xpumq;raely;bvzdj;;kcth_;fisno;wg___;104332;112016;160501;1.074;139418.5;138489;1;1279357.5
jmdpx;alrey;bzvuq;;khtc_;gsnio;wf___;104332;112016;160501;1.074;138257;139412.5;1;1279361.19
jpuyq;raeld;vbzmx;;kcth_;fsnio;wg___;104332;112016;160501;1.074;139655;139049.5;1;1279363.27
jmdpz;arley;bxquv;;kcth_;gsnoi;wf___;104332;112016;160501;1.074;138508.5;138895.5;1;1279364.47
jpdyx;alrem;vbquz;;kcth_;gsoni;wf___;104332;112016;160501;1.074;139540.5;137992.5;1;1279367.88
xpumq;raely;vbzdj;;kcth_;fsoni;wg___;104332;112016;160501;1.074;138943;139088;1;1279368.54
xpdyj;alrem;bvquz;;kcth_;finso;wg___;104332;112016;160501;1.074;139106.5;138300;1;1279368.76
zmdpx;alrey;bjvuq;;kcth_;gsnio;wf___;104332;112016;160501;1.074;137821.5;138409;1;1279369.49
jpumq;raely;bzvdx;;kcth_;finso;wg___;104332;112016;160501;1.074;140050.5;138300;1;1279370.48
jpumz;raely;bxvdq;;khtc_;gnosi;wf___;104332;112016;160501;1.074;139890;138864;1;1279376.16
jmdpx;alrey;vqbuz;;kcth_;gsnoi;wf___;104332;112016;160501;1.074;138967;138895.5;1;1279376.18
xpumq;raely;bjvdz;;kcth_;fisno;wg___;104332;112016;160501;1.074;139439.5;138489;1;1279383.77
jpumq;raely;bxvdz;;khtc_;gisno;wf___;104332;112016;160501;1.074;139348;139425.5;1;1279384.54
jmdpx;arley;bzquv;;khtc_;gsnio;wf___;104332;112016;160501;1.074;138292;139412.5;1;1279385.45
qpumz;raely;bxvdj;;khtc_;gsoni;wf___;104332;112016;160501;1.074;138486;138583;1;1279387.76
jmrpq;adleu;bvxyz;;kcth_;gsnio;wf___;104332;112016;160501;1.074;138882.5;138409;1;1279389.7
jpumq;laery;vbzdx;;kcth_;gsoni;wf___;104332;112016;160501;1.074;140160;137992.5;1;1279393.59
xpumq;laery;vbjdz;;kcth_;gsoni;wf___;104332;112016;160501;1.074;139683;137992.5;1;1279394.1
jpuyq;raeld;vbzmx;;kcth_;fsoni;wg___;104332;112016;160501;1.074;139655;139088;1;1279395.77
zmdpj;alrey;bqvux;;kcth_;finso;wg___;104332;112016;160501;1.074;138365.5;138300;1;1279396.32
jmupq;arled;bvxyz;;khtc_;ginso;wf___;104332;112016;160501;1.074;139968.5;138549.5;1;1279396.57
zmrpq;auled;bvxyj;;kcth_;gsnio;wf___;104332;112016;160501;1.074;138780;138409;1;1279397.13
xmdpj;arley;bqvuz;;kcth_;gsnoi;wf___;104332;112016;160501;1.074;138616.5;138895.5;1;1279397.62
jmrpz;auled;bvxyq;;wcth_;fsnio;kg___;104332;112016;160501;1.074;138347;138761;1;1279400.16
jmdyx;alrep;vbquz;;khtc_;gsoni;wf___;104332;112016;160501;1.074;139247.5;138583;1;1279402.33
zpumx;realy;vbjdq;;kcth_;gsoni;wf___;104332;112016;160501;1.074;139479.5;137992.5;1;1279403.53
jmdyx;alrep;bvquz;;khtc_;fsoni;wg___;104332;112016;160501;1.074;137704.5;139668;1;1279405.42
xpumq;raely;vbjdz;;kcth_;ginso;wf___;104332;112016;160501;1.074;138494.5;139455.5;1;1279407.94
zmupq;arled;vbjyx;;khtc_;fonsi;wg___;104332;112016;160501;1.074;139490;136538.5;1.001;1279412.26
jpumx;raely;vbzdq;;kcth_;fsoni;wg___;104332;112016;160501;1.074;140127.5;139088;1;1279413.4
jmdpx;alrey;bzvuq;;kcth_;ginso;wf___;104332;112016;160501;1.074;138257;139455.5;1;1279417.74
qpduz;ralem;bvjyx;;kcth_;gsoni;wf___;104332;112016;160501;1.074;137632.5;137992.5;1;1279418.01
xpdyz;alrem;bvjuq;;khtc_;finso;wg___;104332;112016;160501;1.074;139014;137383.5;1;1279422.77
xpumq;raely;vbjdz;;wcth_;gsoni;kf___;104332;112016;160501;1.074;138494.5;137728.5;1;1279423.64
jplyx;ardem;vbquz;;khtc_;fosni;wg___;104332;112016;160501;1.074;139755.5;137414.5;1.001;1279425
jmdyx;alrep;bzquv;;kcth_;gsnio;wf___;104332;112016;160501;1.074;139378.5;138409;1;1279426.03
jmdyx;arlep;bzquv;;kcth_;gsnio;wf___;104332;112016;160501;1.074;139379;138409;1;1279426.66
jmdpx;alrey;bqvuz;;wcth_;gsnoi;kf___;104332;112016;160501;1.074;138009;138116.5;1;1279426.8
jmdpx;alrey;bqvuz;;wcth_;gsnio;kf___;104332;112016;160501;1.074;138009;138116.5;1;1279426.8
xpumq;raely;bvzdj;;khtc_;gsoni;wf___;104332;112016;160501;1.074;139418.5;138583;1;1279429.25
jpumz;laery;bvxdq;;kcth_;gsoni;wf___;104332;112016;160501;1.074;140263.5;137992.5;1.001;1279431
qpluz;radem;vbjyx;;kcth_;gsoni;wf___;104332;112016;160501;1.074;137647;137992.5;1;1279431.12
jmdpx;elray;bqvuz;;kcth_;gsnoi;wf___;104332;112016;160501;1.074;139021.5;138895.5;1;1279432.11
jmdpx;alrey;bzquv;;khtc_;gsnio;wf___;104332;112016;160501;1.074;138359.5;139412.5;1;1279433.19
xpdyz;alrem;bvjuq;;khtc_;fosni;wg___;104332;112016;160501;1.074;139014;137414.5;1;1279440.06
jmdpz;arley;bxvuq;;kcth_;fsnio;wg___;104332;112016;160501;1.074;138395.5;139049.5;1;1279442.64
jpuyz;raeld;bvqmx;;kcth_;finso;wg___;104332;112016;160501;1.074;140192.5;138300;1;1279453.89
xpumj;realy;vbqdz;;kcth_;gsoni;wf___;104332;112016;160501;1.074;140318.5;137992.5;1.001;1279454.68
xpumq;raely;bjvdz;;khtc_;gsoni;wf___;104332;112016;160501;1.074;139439.5;138583;1;1279454.98
jpuyz;raeld;bvxmq;;kcth_;gsnoi;wf___;104332;112016;160501;1.074;139935.5;138895.5;1;1279456.94
jmdyx;alrep;bqvuz;;kcth_;gsnoi;wf___;104332;112016;160501;1.074;139045.5;138895.5;1;1279456.98
xpumq;raely;vbjdz;;khtc_;gosni;wf___;104332;112016;160501;1.074;138494.5;139495.5;1;1279458.41
zpluq;radem;vbjyx;;kcth_;gsoni;wf___;104332;112016;160501;1.074;137815.5;137992.5;1;1279459.97
jmlyx;adrep;bvquz;;kcth_;gsoni;wf___;104332;112016;160501;1.074;139607.5;137992.5;1;1279463.36
jpdyx;arlem;bqvuz;;khtc_;gsoni;wf___;104332;112016;160501;1.074;139299.5;138583;1;1279463.9
zpumq;raely;bxjdv;;kcth_;fisno;wg___;104332;112016;160501;1.074;138774.5;138489;1;1279464.13
jpumz;raely;vqbdx;;kcth_;finso;wg___;104332;112016;160501;1.074;140205;138300;1;1279472.74
jpumq;raely;bzvdx;;kcth_;fisno;wg___;104332;112016;160501;1.074;140050.5;138489;1;1279474.95
zmdpx;arley;bvquj;;kcth_;gsnoi;wf___;104332;112016;160501;1.074;137008.5;138895.5;1;1279481.64
jmrpx;edlay;vbquz;;kcth_;finso;wg___;104332;112016;160501;1.074;139482;138300;1;1279481.88
qmruz;adlep;bjvyx;;kcth_;finso;wg___;104332;112016;160501;1.074;137261;138300;1;1279483.1
jpumq;raely;xbzdv;;kcth_;finso;wg___;104332;112016;160501;1.074;140127;138300;1;1279483.59
qpumz;raely;vbjdx;;wcth_;gsoni;kf___;104332;112016;160501;1.074;137653.5;137728.5;1;1279487.01
zmrpq;auled;bjvyx;;khtc_;ginso;wf___;104332;112016;160501;1.074;138743.5;138549.5;1;1279487.77
jmdpx;alrey;bzquv;;kcth_;ginso;wf___;104332;112016;160501;1.074;138359.5;139455.5;1;1279488.54
jmrpx;eulad;zbqyv;;kcth_;gsoni;wf___;104332;112016;160501;1.074;140566;137992.5;1.001;1279502.61
qpumz;raely;vxbdj;;khtc_;gsoni;wf___;104332;112016;160501;1.074;138603.5;138583;1;1279504.06
jmrpq;eulad;bvzyx;;khtc_;gsoni;wf___;104332;112016;160501;1.074;140032.5;138583;1;1279505.61
xpumq;realy;vbzdj;;khtc_;gsoni;wf___;104332;112016;160501;1.074;139483;138583;1;1279508.67
jpuyz;raeld;bvqmx;;kcth_;gsnio;wf___;104332;112016;160501;1.074;140192.5;138409;1;1279508.69
jprmx;auled;bvqyz;;kcth_;gnosi;wf___;104332;112016;160501;1.074;139903;139533.5;1;1279509.44
jpumq;laery;bvzdx;;khtc_;finso;wg___;104332;112016;160501;1.074;140336.5;137383.5;1.001;1279510.92
jprmz;auled;bvxyq;;kcth_;fsnio;wg___;104332;112016;160501;1.074;139890.5;139049.5;1;1279516.1
xpdyj;alrem;bvquz;;kcth_;fisno;wg___;104332;112016;160501;1.074;139106.5;138489;1;1279521.62
jmrpq;auled;vxbyz;;kcth_;gsnio;wf___;104332;112016;160501;1.074;140115.5;138409;1;1279523.58
zpdyx;alrem;bvjuq;;khtc_;fisno;wg___;104332;112016;160501;1.074;138173;138259.5;1;1279526
jmrpq;auled;bzvyx;;kcth_;ginso;wf___;104332;112016;160501;1.074;139464;139455.5;1;1279529.76
jpumz;raely;xbqdv;;kcth_;gsnio;wf___;104332;112016;160501;1.074;140208.5;138409;1;1279532.35
xmrpj;eulad;qbzyv;;khtc_;gnosi;wf___;104332;112016;160501;1.074;140062;138864;1;1279533.67
qpumj;raely;bvxdz;;kcth_;fonsi;wg___;104332;112016;160501;1.074;138527.5;139385.5;1;1279538.91
jpuyq;raeld;bvzmx;;kcth_;gsnio;wf___;104332;112016;160501;1.074;140126.5;138409;1;1279539.62
xpumj;raely;vbzdq;;kcth_;gsnoi;wf___;104332;112016;160501;1.074;140052;138895.5;1;1279542.13
jyupq;raeld;vbzmx;;kcth_;gsnoi;wf___;104332;112016;160501;1.074;139902.5;138895.5;1;1279542.74
jmrux;adlep;bqvyz;;kcth_;gsnio;wf___;104332;112016;160501;1.074;139473.5;138409;1;1279546.85
jpdyz;alrem;vbqux;;khtc_;fosni;wg___;104332;112016;160501;1.074;139568;137414.5;1;1279551.05
judpq;ralem;bvzyx;;khtc_;gsoni;wf___;104332;112016;160501;1.074;138888;138583;1;1279551.65
xpumq;raely;bjzdv;;kcth_;finso;wg___;104332;112016;160501;1.074;139668;138300;1;1279553.07
jmrpx;alued;bvqyz;;kcth_;ginso;wf___;104332;112016;160501;1.074;140003.5;139455.5;1;1279553.51
jmrpx;adleu;bvzyq;;kcth_;gsnoi;wf___;104332;112016;160501;1.074;139137.5;138895.5;1;1279553.77
xpumq;raely;vbjdz;;kcth_;fosni;wg___;104332;112016;160501;1.074;138494.5;139574.5;1;1279559.34
zmupq;rlaed;vbjyx;;whtc_;fonsi;kg___;104332;112016;160501;1.074;138482.5;136635.5;1;1279561.87
zmupx;rlaed;bvqyj;;khtc_;fisno;wg___;104332;112016;160501;1.074;139473;138259.5;1;1279564.1
zpdyx;alrem;bvjuq;;kcth_;finso;wg___;104332;112016;160501;1.074;138173;138300;1;1279567.66
jmrpx;auled;vbzyq;;wcth_;gsnio;kf___;104332;112016;160501;1.074;139391.5;138116.5;1;1279567.78
jpumq;raely;bvxdz;;whtc_;fisno;kg___;104332;112016;160501;1.074;138822.5;138316;1;1279569.82
qplux;radem;vbjyz;;kcth_;gsoni;wf___;104332;112016;160501;1.074;138223.5;137992.5;1;1279571.17
qpumj;laery;vbxdz;;kcth_;gsoni;wf___;104332;112016;160501;1.074;139675;137992.5;1;1279575.53
jmrpx;alued;bvzyq;;kcth_;ginso;wf___;104332;112016;160501;1.074;140024;139455.5;1;1279577.03
qpumz;laery;vbxdj;;kcth_;gsoni;wf___;104332;112016;160501;1.074;139107.5;137992.5;1;1279584.55
zmupx;rlaed;bvjyq;;kcth_;fsnio;wg___;104332;112016;160501;1.074;138898;139049.5;1;1279585.04
xmdyj;alrep;bvquz;;kcth_;gsnoi;wf___;104332;112016;160501;1.074;138813.5;138895.5;1;1279585.14
xpumq;raely;bzjdv;;kcth_;gsoni;wf___;104332;112016;160501;1.074;139813;137992.5;1;1279585.44
zmdpj;arley;bvxuq;;kcth_;gsnoi;wf___;104332;112016;160501;1.074;137799;138895.5;1;1279586.76
jpdyz;larem;vbqux;;kcth_;gsoni;wf___;104332;112016;160501;1.074;139392;137992.5;1;1279588.15
zmupx;rlaed;bvqyj;;kcth_;finso;wg___;104332;112016;160501;1.074;139473;138300;1;1279591.56
xmupz;rlaed;bvqyj;;khtc_;finso;wg___;104332;112016;160501;1.074;140044;137383.5;1.001;1279593.17
jmrpx;auled;bqvyz;;kcth_;gisno;wf___;104332;112016;160501;1.074;139886.5;139644.5;1;1279593.69
xpumq;raely;vjbdz;;khtc_;gsoni;wf___;104332;112016;160501;1.074;139553.5;138583;1;1279596.74
jpdyz;alrem;bvqux;;kcth_;fonsi;wg___;104332;112016;160501;1.074;138025;139385.5;1;1279599.58
qmupz;rleay;bvxdj;;kcth_;finso;wg___;104332;112016;160501;1.074;138931;138300;1;1279601.77
xmupq;rlaed;bvjyz;;kcth_;ginso;wf___;104332;112016;160501;1.074;138746.5;139455.5;1;1279603.57
jmdpx;arley;bzvuq;;wcth_;gsnio;kf___;104332;112016;160501;1.074;138189.5;138116.5;1;1279606.46
jmupq;rlead;bvzyx;;kcth_;finso;wg___;104332;112016;160501;1.074;140210.5;138300;1;1279608.85
zmupq;rlaed;vxbyj;;khtc_;finso;wg___;104332;112016;160501;1.074;139456;137383.5;1;1279611.26
zpumj;raely;vbqdx;;kcth_;fsoni;wg___;104332;112016;160501;1.074;139249;139088;1;1279612.68
jpumz;raely;bxqdv;;kcth_;ginso;wf___;104332;112016;160501;1.074;139670;139455.5;1;1279614.05
jpumq;raely;bxvdz;;kcth_;gisno;wf___;104332;112016;160501;1.074;139348;139644.5;1;1279614.34
qpumz;raely;vjbdx;;khtc_;gsoni;wf___;104332;112016;160501;1.074;138713;138583;1;1279615.75
jpumz;realy;bxqdv;;khtc_;fisno;wg___;104332;112016;160501;1.074;140312.5;138259.5;1;1279618.41
jpluq;radem;vbzyx;;khtc_;gnosi;wf___;104332;112016;160501;1.074;138682;138864;1;1279618.66
xpdyj;alrem;bvzuq;;khtc_;fosni;wg___;104332;112016;160501;1.074;139654;137414.5;1.001;1279622.96
xmupj;rlaed;bvzyq;;kcth_;finso;wg___;104332;112016;160501;1.074;140346.5;138300;1;1279623.77
jmrpq;auled;zbvyx;;kcth_;gsnio;wf___;104332;112016;160501;1.074;140184;138409;1;1279623.94
qmruz;adlep;bjvyx;;kcth_;gsnio;wf___;104332;112016;160501;1.074;137261;138409;1;1279624.48
jpumq;raely;bxzdv;;khtc_;gisno;wf___;104332;112016;160501;1.074;139588.5;139425.5;1;1279627.75
xmdpj;arley;bzquv;;kcth_;gsnio;wf___;104332;112016;160501;1.074;139255.5;138409;1;1279635.47
jpumz;realy;bxqdv;;kcth_;finso;wg___;104332;112016;160501;1.074;140312.5;138300;1;1279636.59
jmdpx;alrey;vzbuq;;kcth_;gsnoi;wf___;104332;112016;160501;1.074;139215;138895.5;1;1279637.04
jpuyz;raelm;vbqdx;;kcth_;gsoni;wf___;104332;112016;160501;1.074;140391;137992.5;1.001;1279638.49
jmdpx;elray;bzvuq;;kcth_;gsnoi;wf___;104332;112016;160501;1.074;139226;138895.5;1;1279648.99
jmupq;arled;vbzyx;;kcth_;gsoni;wf___;104332;112016;160501;1.074;140321;137992.5;1.001;1279651.85
jpumz;laery;vbxdq;;kcth_;gsnoi;wf___;104332;112016;160501;1.074;140087;138895.5;1;1279653.29
jpumx;raely;bvqdz;;kcth_;fonsi;wg___;104332;112016;160501;1.074;140139;139385.5;1;1279654.29
xmdpj;arley;bqzuv;;kcth_;gsnio;wf___;104332;112016;160501;1.074;139271;138409;1;1279654.51
jpumz;raely;bqxdv;;kcth_;ginso;wf___;104332;112016;160501;1.074;139714;139455.5;1;1279660.79
jpdyx;alrem;bvzuq;;khtc_;gosni;wf___;104332;112016;160501;1.074;138545;139495.5;1;1279673.95
jpumq;realy;bxvdz;;khtc_;gsnio;wf___;104332;112016;160501;1.074;139645.5;139412.5;1;1279675.4
jmdpx;alrey;bzvuq;;wcth_;gsnoi;kf___;104332;112016;160501;1.074;138257;138116.5;1;1279675.9
jmdpx;alrey;bzvuq;;wcth_;gsnio;kf___;104332;112016;160501;1.074;138257;138116.5;1;1279675.9
zmupq;rlaed;bvxyj;;kcth_;fsnio;wg___;104332;112016;160501;1.074;138377;139049.5;1;1279676.69
xplyj;adrem;bvquz;;kcth_;gsoni;wf___;104332;112016;160501;1.074;139503.5;137992.5;1;1279678.01
jpumx;realy;bqvdz;;kcth_;gsnio;wf___;104332;112016;160501;1.074;140583.5;138409;1;1279678.75
xpumj;raely;vbzdq;;kcth_;fsoni;wg___;104332;112016;160501;1.074;140052;139088;1;1279680.18
jpumq;raely;bzxdv;;kcth_;fonsi;wg___;104332;112016;160501;1.074;139677.5;139385.5;1;1279684.48
zpumj;raely;bvqdx;;kcth_;fisno;wg___;104332;112016;160501;1.074;139721;138489;1;1279684.75
jprmq;auled;bvxyz;;kcth_;fsoni;wg___;104332;112016;160501;1.074;139900.5;139088;1;1279686.08
jpuyq;raeld;vxbmz;;kcth_;fsnio;wg___;104332;112016;160501;1.074;139925.5;139049.5;1;1279686.82
zmupq;rlaed;bvjyx;;wcth_;finso;kg___;104332;112016;160501;1.074;137598.5;138080.5;1;1279686.9
jyupq;raeld;vbzmx;;kcth_;fsoni;wg___;104332;112016;160501;1.074;139902.5;139088;1;1279688.51
jmrpx;adley;vbquz;;kcth_;ginso;wf___;104332;112016;160501;1.074;138637.5;139455.5;1;1279695.09
jpumx;raely;vbzdq;;kcth_;ginso;wf___;104332;112016;160501;1.074;140127.5;139455.5;1;1279697.43
jmdyx;alrep;bvzuq;;khtc_;fsoni;wg___;104332;112016;160501;1.074;138251.5;139668;1;1279701.09
jpumz;raely;vbqdx;;khtc_;fsnio;wg___;104332;112016;160501;1.074;139046;140042.5;1;1279702.43
jmdyx;alrep;bzvuq;;kcth_;gsnoi;wf___;104332;112016;160501;1.074;139276;138895.5;1;1279703.71
jpluq;radem;bvzyx;;kcth_;gsnio;wf___;104332;112016;160501;1.074;139153.5;138409;1;1279704.8
qpumx;raely;bvzdj;;khtc_;gsoni;wf___;104332;112016;160501;1.074;139195;138583;1;1279717.91
jmrpq;aldeu;bvxyz;;kcth_;gsnio;wf___;104332;112016;160501;1.074;139165.5;138409;1;1279719.2
qmupz;rlaed;bvjyx;;kcth_;fsnio;wg___;104332;112016;160501;1.074;138272.5;139049.5;1;1279720.31
qpumx;raely;vbjdz;;wcth_;gsoni;kf___;104332;112016;160501;1.074;138275;137728.5;1;1279720.55
jmrpq;auled;bzvyx;;kcth_;gisno;wf___;104332;112016;160501;1.074;139464;139644.5;1;1279723.04
jmdyx;arlep;qbvuz;;khtc_;gsoni;wf___;104332;112016;160501;1.074;139513.5;138583;1;1279724.87
zmupx;rlaed;bvqyj;;kcth_;fisno;wg___;104332;112016;160501;1.074;139473;138489;1;1279725.69
jpumz;realy;bxqdv;;kcth_;fisno;wg___;104332;112016;160501;1.074;140312.5;138489;1;1279727.51
jpumz;raely;bxqdv;;kcth_;fosni;wg___;104332;112016;160501;1.074;139670;139574.5;1;1279728.2
qmruz;adlep;bjvyx;;kcth_;fisno;wg___;104332;112016;160501;1.074;137261;138489;1;1279730.31
jpumq;laery;vbxdz;;kcth_;fosni;wg___;104332;112016;160501;1.074;139545.5;139574.5;1;1279730.36
jpumq;laery;bvxdz;;kcth_;fonsi;wg___;104332;112016;160501;1.074;139722;139385.5;1;1279732.67
xpumq;raely;vbzdj;;khtc_;gisno;wf___;104332;112016;160501;1.074;138943;139425.5;1;1279734.11
qpumj;raely;vbzdx;;kcth_;ginso;wf___;104332;112016;160501;1.074;138669.5;139455.5;1;1279734.97
jmdpq;erlay;vbzux;;whtf_;consi;kg___;104332;112016;160501;1.074;139022.5;139003;1;1281880.55
jpdmz;erlay;vbqux;;khtf_;cosni;wg___;104332;112016;160501;1.074;139666.5;140424.5;1;1282107.02
qmdpj;arley;vzxub;;kcth_;gsoni;wf___;104332;112016;160501;1.074;140759.5;137992.5;1.001;1282768.05
qmdpj;raley;vbxuz;;kcth_;gsoni;wf___;104332;112016;160501;1.074;140924.5;137992.5;1.001;1283059.68
zpdyx;rlaem;vbjuq;;whtc_;fonsi;kg___;104332;112016;160501;1.074;140065;136635.5;1.001;1283193.5
zmdpx;alrey;jbvuq;;whtc_;gsoni;kf___;104332;112016;160501;1.074;139564.5;138635.5;1;1283194.47
zpdmx;erlay;vbjuq;;whtc_;gsoni;kf___;104332;112016;160501;1.074;139574;138635.5;1;1283206.34
xudpj;ralem;vbzyq;;whtc_;fosni;kg___;104332;112016;160501;1.074;140785;137471;1.001;1283407.09
qmupz;arely;vbxdj;;khtc_;gnsio;wf___;104332;112016;160501;1.074;140763;140569.5;1;1283654.86
qmupx;rlead;jvbyz;;khtf_;consi;wg___;104332;112016;160501;1.074;141675;139465.5;1.001;1283674.39
jpdmz;eaurv;qyblx;;kcsh_;gnoit;wf___;104332;112016;160501;1.074;141913;141556;1;1283736.83
jpdmz;eaurv;yqblx;;kcsh_;gnoit;wf___;104332;112016;160501;1.074;141940;141556;1;1283766.39
jpdmq;erlay;vbzux;;whtf_;consi;kg___;104332;112016;160501;1.074;140607;139003;1;1283806.76
jpdmx;eaurv;zyblq;;kcsh_;gnoit;wf___;104332;112016;160501;1.074;142548.5;141556;1;1284054.73
jpdmz;eaurv;xyblq;;kcsh_;gnoit;wf___;104332;112016;160501;1.074;142220;141556;1;1284084
zpumq;ealrv;yjbdx;;whtc_;finso;kg___;104332;112016;160501;1.074;139497;137480.5;1;1284131.67
jyupx;realm;bqvdz;;wcth_;fsoni;kg___;104332;112016;160501;1.074;142125.5;138828;1.001;1284241.88
zpulq;adery;vbxmj;;kcth_;gonsi;wf___;104332;112016;160501;1.074;143163;141456;1;1284326.14
qydpj;ralem;vbzux;;khtc_;gnosi;wf___;104332;112016;160501;1.074;141533;138864;1.001;1284330.61
judyq;ralem;bxvpz;;khtc_;fonsi;wg___;104332;112016;160501;1.074;141868.5;136538.5;1.003;1284371.83
jpdmx;eaurv;zyblq;;khsc_;gnoit;wf___;104332;112016;160501;1.074;142548.5;141986.5;1;1284399.24
zmdpx;alrey;jqvub;;whtc_;gnosi;kf___;104332;112016;160501;1.074;140359;138957;1;1284456.68
zprmx;ealuv;yjbdq;;khtc_;finso;wg___;104332;112016;160501;1.074;141042.5;137383.5;1.001;1284504.44
jpumq;ealrv;yzbdx;;whtf_;consi;kg___;104332;112016;160501;1.074;140290;139003;1;1284535.68
jpuyx;realm;bqvdz;;wcth_;fsnoi;kg___;104332;112016;160501;1.074;142263.5;139216;1.001;1284550.57
zpumq;ealrv;yjbdx;;whtc_;fisno;kg___;104332;112016;160501;1.074;139497;138316;1;1284602.27
zpumq;adery;vbxlj;;kcth_;gonsi;wf___;104332;112016;160501;1.074;143354.5;141456;1;1284606.28
jpdmx;erlav;yzbuq;;khtf_;cosni;wg___;104332;112016;160501;1.074;140024.5;140424.5;1;1284608.47
jvdpx;erlam;bzyuq;;whtc_;fosni;kg___;104332;112016;160501;1.074;140221.5;137471;1.001;1284645.04
jmdpx;erlav;yzbuq;;whtf_;cosni;kg___;104332;112016;160501;1.074;138554.5;139921.5;1;1284651.28
qmdpj;arleu;vzxyb;;kcth_;gsoni;wf___;104332;112016;160501;1.074;141764;137992.5;1.001;1284657.22
zprmx;ealuy;vjbdq;;khtc_;finso;wg___;104332;112016;160501;1.074;142330;137383.5;1.003;1284665.88
qdepx;rluam;vjbyz;;khtc_;gnsio;wf___;104332;112016;160501;1.074;141977.5;140569.5;1;1284694.7
jmdpx;erlav;zybuq;;whtf_;cosni;kg___;104332;112016;160501;1.074;138716;139921.5;1;1284756.76
jpdmx;earlv;yzbuq;;whtc_;fosni;kg___;104332;112016;160501;1.074;140286.5;137471;1.001;1284759.2
jmadx;erulv;ybzpq;;khtc_;fsoni;wg___;104332;112016;160501;1.074;141810;139668;1;1284762.44
jpdmq;eaurv;xyblz;;kcsh_;gnoit;wf___;104332;112016;160501;1.074;142680;141556;1;1284777.23
jmdyx;erlap;vbzuq;;kfth_;csoni;wg___;104332;112016;160501;1.074;140457;142345;1;1284779.02
jpdmq;erlay;vbzux;;kfth_;consi;wg___;104332;112016;160501;1.074;140607;141896;1;1284787.15
jpdyq;rlaem;vbxuz;;whtc_;fonsi;kg___;104332;112016;160501;1.074;141318;136635.5;1.002;1284815.77
jyupq;realm;bxvdz;;whtc_;fnosi;kg___;104332;112016;160501;1.074;140984.5;141507;1;1284923.8
zpumj;adery;vbxlq;;kcth_;gnosi;wf___;104332;112016;160501;1.074;144168.5;139533.5;1.002;1284944.07
zpumj;adery;vbxlq;;kcth_;gonsi;wf___;104332;112016;160501;1.074;144168.5;141456;1.001;1284984.19
jpdmq;eaurv;zyblx;;kcsh_;gnoit;wf___;104332;112016;160501;1.074;142851;141556;1;1285001.28
zpumj;edarv;ybxlq;;kcth_;gnosi;wf___;104332;112016;160501;1.074;142923;139533.5;1.001;1285011.6
qmupj;rlead;xvbyz;;kfth_;csnoi;wg___;104332;112016;160501;1.074;141067.5;142240;1;1285012.76
zydpj;ralem;bvqux;;whtc_;gnosi;kf___;104332;112016;160501;1.074;141028;138957;1;1285072.52
qmdpj;arley;vzxub;;kgth_;csoni;wf___;104332;112016;160501;1.074;140759.5;141309.5;1;1285093.99
qmdpz;alrey;bvxuj;;kcsh_;gtoni;wf___;104332;112016;160501;1.074;138749;141540.5;1.001;1285104.1
jpdmq;eaurv;xyblz;;khsc_;gnoit;wf___;104332;112016;160501;1.074;142680;141986.5;1;1285107.06
jpumx;eadrv;bzylq;;kfth_;csoni;wg___;104332;112016;160501;1.074;142914;142345;1;1285124.07
xydpj;ralem;vbzuq;;whtc_;fosni;kg___;104332;112016;160501;1.074;141645;137471;1.002;1285141
jpumq;elarv;yzbdx;;khtc_;gsino;wf___;104332;112016;160501;1.074;140580;141281;1;1285160.66
xydpj;ralem;vbzuq;;whtc_;gonsi;kf___;104332;112016;160501;1.074;141645;138712.5;1.001;1285166.74
qydpj;ralem;bvzux;;khtc_;gnosi;wf___;104332;112016;160501;1.074;142004.5;138864;1.001;1285166.88
qmrpz;eldau;jvbyx;;khtc_;gsoni;wf___;104332;112016;160501;1.074;141605.5;138583;1.001;1285184.93
qudbj;larem;vyxpz;;wcth_;fsoni;kg___;104332;112016;160501;1.074;139300;138828;1;1285187.71
jpdmq;erlav;ybzux;;whtf_;consi;kg___;104332;112016;160501;1.074;139657;139003;1;1285197.4
jmdpx;erlav;zyqub;;whtf_;cosni;kg___;104332;112016;160501;1.074;139338;139921.5;1;1285229.82
jpdmq;erlay;vbzux;;kfth_;cosni;wg___;104332;112016;160501;1.074;140607;142241;1;1285263.26
jpumx;eadrv;yzblq;;kfth_;csoni;wg___;104332;112016;160501;1.074;143048;142345;1;1285279.69
zpumj;adery;vbxlq;;kcth_;gniso;wf___;104332;112016;160501;1.074;144168.5;142231.5;1;1285292.24
jpumq;ealrd;yzbvx;;khtc_;fsnoi;wg___;104332;112016;160501;1.074;140539.5;141453.5;1;1285337.46
julyq;radeb;mxvpz;;khtc_;fonsi;wg___;104332;112016;160501;1.074;140089;136538.5;1.001;1285357.77
qpdmj;eaurv;xyblz;;kcsh_;gnoit;wf___;104332;112016;160501;1.074;142440;141556;1;1285393
jpdmq;erlay;vbzux;;kfth_;csoni;wg___;104332;112016;160501;1.074;140607;142345;1;1285412.86
qudpj;ralem;xvbyz;;kgth_;csoni;wf___;104332;112016;160501;1.074;141133.5;141309.5;1;1285432.75
xydpj;ralem;vbzuq;;whtc_;gosni;kf___;104332;112016;160501;1.074;141645;139548;1;1285435.14
zmdpx;raley;jbvuq;;whtc_;gsoni;kf___;104332;112016;160501;1.074;141112;138635.5;1.001;1285446.34
qpumj;aderb;vyxlz;;kcth_;gnosi;wf___;104332;112016;160501;1.074;143216.5;139533.5;1.001;1285466.19
qmupx;rlead;jvbyz;;kfth_;consi;wg___;104332;112016;160501;1.074;141675;141896;1;1285467.26
judyq;raleb;mxvpz;;khtc_;fonsi;wg___;104332;112016;160501;1.074;140159.5;136538.5;1.001;1285497.9
qpdyx;rlaem;vbjuz;;whtc_;fonsi;kg___;104332;112016;160501;1.074;141054;136635.5;1.002;1285504.44
qudpj;ralem;xbzyv;;kgth_;csoni;wf___;104332;112016;160501;1.074;141266.5;141309.5;1;1285561.99
qmdpj;arley;vzxub;;kcth_;gions;wf___;104332;112016;160501;1.074;140759.5;141711.5;1;1285574.34
jydpx;ralem;vbzuq;;whtc_;fnosi;kg___;104332;112016;160501;1.074;140681.5;141507;1;1285576.77
zpumx;ealrv;yjbdq;;whtc_;finso;kg___;104332;112016;160501;1.074;140670.5;137480.5;1.001;1285579.81
jvdpx;erlam;yzbuq;;whtc_;fosni;kg___;104332;112016;160501;1.074;140742;137471;1.001;1285591.48
zmdpx;alrev;jbyuq;;whtc_;gsoni;kf___;104332;112016;160501;1.074;139405;138635.5;1;1285624.46
jyupq;realm;bxvdz;;whtc_;fiosn;kg___;104332;112016;160501;1.074;140984.5;142121;1;1285669.56
xmdpz;alrey;bjvuq;;whtc_;fnosi;kg___;104332;112016;160501;1.074;138509.5;141507;1.001;1285670.82
zpumj;adery;vbxlq;;kcth_;gsoni;wf___;104332;112016;160501;1.074;144168.5;137992.5;1.004;1285696.75
jbduz;lraem;vyqpx;;khtc_;finso;wg___;104332;112016;160501;1.074;141656;137383.5;1.002;1285717.27
xyupz;raelm;vbqdj;;whtg_;cnsoi;kf___;104332;112016;160501;1.074;140695.5;141855;1;1285718.86
qpluj;edram;xzbyv;;kfth_;cinso;wg___;104332;112016;160501;1.074;140797.5;141804.5;1;1285719.27
jpdmx;eaurv;yzblq;;wfth_;csoni;kg___;104332;112016;160501;1.074;142492;141515;1;1285740.3
qmdyz;erlap;xbvuj;;khtf_;cosni;wg___;104332;112016;160501;1.074;141414;140424.5;1;1285741.66
jmdpx;alrey;bzvuq;;kgsh_;ctoni;wf___;104332;112016;160501;1.074;138257;142983.5;1.002;1285748.32
jpdmx;alrey;bzvuq;;kgsh_;ctoni;wf___;104332;112016;160501;1.074;140454;142983.5;1.001;1285783.75
qpumz;areld;vbjyx;;kfth_;cisno;wg___;104332;112016;160501;1.074;141216.5;142149.5;1;1285795.74
qulpj;radem;xzbyv;;kcth_;gsoni;wf___;104332;112016;160501;1.074;142309.5;137992.5;1.002;1285797.22
jpdmz;eaurv;xyblq;;wfth_;csoni;kg___;104332;112016;160501;1.074;142220;141515;1;1285837.07
qmupx;rlead;jvbyz;;kfth_;csnoi;wg___;104332;112016;160501;1.074;141675;142240;1;1285845.9
jyupx;realm;bqvdz;;wcth_;fnosi;kg___;104332;112016;160501;1.074;142125.5;141870.5;1;1285846.06
jpdyx;erlam;vbzuq;;wfth_;csoni;kg___;104332;112016;160501;1.074;140999;141515;1;1285848.19
xmrpz;aldeu;vjqyb;;kgth_;csoni;wf___;104332;112016;160501;1.074;141842;141309.5;1;1285853.02
jpdmz;earlv;yxbuq;;khtc_;fsoni;wg___;104332;112016;160501;1.074;141286.5;139668;1;1285865.71
jpdmx;erlav;yzbuq;;whtf_;cosni;kg___;104332;112016;160501;1.074;140024.5;139921.5;1;1285872.64
qmrpj;adley;vzxub;;kcth_;fsoni;wg___;104332;112016;160501;1.074;142377;139088;1.001;1285886.41
qpdmx;eaurv;zyblj;;kcsh_;gnoit;wf___;104332;112016;160501;1.074;142566;141556;1;1285911.91
jpumq;eadrv;yzblx;;wfth_;csoni;kg___;104332;112016;160501;1.074;142191;141515;1;1285930.68
jpdmz;erlay;vbqux;;khtf_;csoni;wg___;104332;112016;160501;1.074;139666.5;142939.5;1.001;1285956.6
jpumq;elarv;yzbdx;;khtc_;fsino;wg___;104332;112016;160501;1.074;140580;141911;1;1285957.24
qudpj;ralem;xzbyv;;kcth_;gsoni;wf___;104332;112016;160501;1.074;142389;137992.5;1.002;1285970.07
jpdmx;earlv;yzbuq;;whtc_;fsoni;kg___;104332;112016;160501;1.074;140286.5;139724.5;1;1285977.86
jvdmx;erlap;ybquz;;whtf_;cosni;kg___;104332;112016;160501;1.074;140131;139921.5;1;1285983.52
jbduz;lraem;vyqpx;;khtc_;fonsi;wg___;104332;112016;160501;1.074;141656;136538.5;1.003;1285990.38
zpumx;adery;vbjlq;;kcth_;gsoni;wf___;104332;112016;160501;1.074;144150.5;137992.5;1.004;1286012.63
xmupz;raely;vbqdj;;whtg_;cnsoi;kf___;104332;112016;160501;1.074;141104.5;141855;1;1286026
qpdmj;arley;vbzux;;wgth_;csoni;kf___;104332;112016;160501;1.074;140777.5;140471.5;1;1286033.71
qdepj;rluam;vxbyz;;khtc_;gnsio;wf___;104332;112016;160501;1.074;143104.5;140569.5;1.001;1286037.42
xpumz;areld;vbjyq;;kfth_;cisno;wg___;104332;112016;160501;1.074;142653;142149.5;1;1286041.77
zmdpx;alrey;bjvuq;;whtc_;fnosi;kg___;104332;112016;160501;1.074;137821.5;141507;1.001;1286043.08
jpdmx;earlv;zybuq;;whtc_;fsoni;kg___;104332;112016;160501;1.074;140343;139724.5;1;1286043.15
xydpj;ralem;bvzuq;;whtc_;gonsi;kf___;104332;112016;160501;1.074;142120.5;138712.5;1.001;1286044.77
jpdmx;elrav;bqzuy;;wcth_;fsoni;kg___;104332;112016;160501;1.074;140784;138828;1;1286047.53
jdupz;ralem;vbqyx;;kgth_;cisno;wf___;104332;112016;160501;1.074;141599;143510;1;1286059.73
jyupx;realm;bqzdv;;wcth_;fnosi;kg___;104332;112016;160501;1.074;142329.5;141870.5;1;1286068.67
jmdux;erlav;bzypq;;whtf_;cosni;kg___;104332;112016;160501;1.074;140211.5;139921.5;1;1286069.3
qudbj;larem;vyxpz;;whtc_;fsoni;kg___;104332;112016;160501;1.074;139300;139724.5;1;1286078.39
jvdpx;erlam;bzyuq;;whtf_;cosni;kg___;104332;112016;160501;1.074;140221.5;139921.5;1;1286080.07
jpdmq;erlay;vbzux;;wfth_;csoni;kg___;104332;112016;160501;1.074;140607;141515;1;1286084.25
zmdpx;erlav;yjbuq;;whtf_;cosni;kg___;104332;112016;160501;1.074;138325;139921.5;1;1286093.75
qudpj;ralem;xzbyv;;kcth_;fsnoi;wg___;104332;112016;160501;1.074;142389;139991;1.001;1286119.85
xmdpq;erlav;yzjub;;khtf_;cosni;wg___;104332;112016;160501;1.074;140276.5;140424.5;1;1286122.11
jmedq;rulap;bxvyz;;kfoc_;htsin;wg___;104332;112016;160501;1.074;143443;141673.5;1;1286127.83
qudbz;larem;vyxpj;;wcth_;fsoni;kg___;104332;112016;160501;1.074;139433.5;138828;1;1286130.18
jpdmq;eaurv;yzblx;;wgth_;csoni;kf___;104332;112016;160501;1.074;142794.5;140471.5;1.001;1286134.88
jpdmq;erlay;vbzux;;whtg_;cnosi;kf___;104332;112016;160501;1.074;140607;141564.5;1;1286145.77
zmapj;rledy;vbxuq;;whtc_;gnosi;kf___;104332;112016;160501;1.074;141683;138957;1.001;1286145.8
jpdmx;eaurv;yzblq;;whtg_;csnoi;kf___;104332;112016;160501;1.074;142492;142027.5;1;1286157.76
jpdmq;eaurv;xyblz;;kcsh_;giont;wf___;104332;112016;160501;1.074;142680;143082;1;1286161.67
zmdpx;alrey;bvjuq;;whtc_;fnosi;kg___;104332;112016;160501;1.074;136872.5;141507;1.002;1286197.89
zmrpx;aldey;bvquj;;whtc_;fnosi;kg___;104332;112016;160501;1.074;138944.5;141507;1.001;1286204.81
jdepv;alurm;bzqyx;;khtc_;gnsio;wf___;104332;112016;160501;1.074;141804.5;140569.5;1;1286206.01
zmdpx;elray;bjvuq;;whtc_;fnosi;kg___;104332;112016;160501;1.074;138949;141507;1.001;1286206.19
xpumz;areld;vbjyq;;kfth_;csoni;wg___;104332;112016;160501;1.074;142653;142345;1;1286217.04
jyupz;realm;bxvdq;;whtc_;fiosn;kg___;104332;112016;160501;1.074;141834.5;142121;1;1286235.25
xmdyj;erlap;vzbuq;;kfth_;csoni;wg___;104332;112016;160501;1.074;142009.5;142345;1;1286244.11
zmupj;raeld;vbqyx;;khtc_;gnsio;wf___;104332;112016;160501;1.074;143379;140569.5;1.001;1286247.13
qpuyj;rlead;xvbmz;;kfth_;csnoi;wg___;104332;112016;160501;1.074;142498.5;142240;1;1286274.75
jpuyx;learm;bqvdz;;wcth_;fsnoi;kg___;104332;112016;160501;1.074;143167.5;139216;1.002;1286292.85
jpamx;edurv;qyblz;;kcsh_;gnoit;wf___;104332;112016;160501;1.074;144100;141556;1.001;1286310.1
jpdmq;erlay;vbzux;;khtf_;csoni;wg___;104332;112016;160501;1.074;140607;142939.5;1.001;1286322.13
qmupx;rlead;jvbyz;;wfth_;csnoi;kg___;104332;112016;160501;1.074;141675;140895;1;1286325.59
qudpj;realm;bxvyz;;khtc_;fnosi;wg___;104332;112016;160501;1.074;141912;141410;1;1286340.17
jpumq;ealry;vxbdz;;whtc_;fions;kg___;104332;112016;160501;1.074;142285;141608;1;1286348.8
qmdpx;raley;jvbuz;;kcth_;gsnoi;wf___;104332;112016;160501;1.074;142444;138895.5;1.001;1286363.44
jpdmq;erlay;vzbux;;kfth_;csoni;wg___;104332;112016;160501;1.074;141929;142345;1;1286364.35
zbduj;larem;vqypx;;khtf_;cosni;wg___;104332;112016;160501;1.074;140930;140424.5;1;1286375.59
xylpj;radem;vbzuq;;khtc_;fosni;wg___;104332;112016;160501;1.074;142956.5;137414.5;1.003;1286410.76
zmdpj;raley;xbvuq;;whtc_;fonsi;kg___;104332;112016;160501;1.074;141716.5;136635.5;1.003;1286412.1
qmdpx;arley;vzjub;;kfth_;csoni;wg___;104332;112016;160501;1.074;139997;142345;1.001;1286413.11
qmdpj;arley;vzxub;;kfth_;csoni;wg___;104332;112016;160501;1.074;140759.5;142345;1;1286416.55
zmrpx;adleu;jvqby;;khtc_;fsoni;wg___;104332;112016;160501;1.074;141121.5;139668;1;1286418.05
qmduj;raley;vzxpb;;khtc_;gsoni;wf___;104332;112016;160501;1.074;142658;138583;1.002;1286445.62
qydpj;ralem;bvzux;;khtc_;fnosi;wg___;104332;112016;160501;1.074;142004.5;141410;1;1286445.72
zmdpx;alrey;jbvuq;;whtc_;fnosi;kg___;104332;112016;160501;1.074;139564.5;141507;1;1286448.88
zpudq;ealrv;yjbmx;;whtc_;fisno;kg___;104332;112016;160501;1.074;140741;138316;1.001;1286449.13
zplyj;adrem;xvbuq;;whtc_;gnsoi;kf___;104332;112016;160501;1.074;140873.5;141063;1;1286458.16
jpumx;eadrv;yzblq;;wfth_;csoni;kg___;104332;112016;160501;1.074;143048;141515;1;1286475.58
zmrpx;aldeu;qvjby;;khtc_;fsoni;wg___;104332;112016;160501;1.074;141165.5;139668;1;1286479.18
judyx;ralem;vbzpq;;khtg_;cnosi;wf___;104332;112016;160501;1.074;142852.5;142041;1;1286490.47
jyupq;realm;bxvdz;;wcth_;fiosn;kg___;104332;112016;160501;1.074;140984.5;142721;1;1286492.66
xpumq;ealry;vjbdz;;whtc_;fions;kg___;104332;112016;160501;1.074;141772;141608;1;1286504.95
jmdpx;erlav;zybuq;;wfth_;consi;kg___;104332;112016;160501;1.074;138716;141106.5;1.001;1286511.2
jpdmx;elrav;yqzub;;wcth_;fsoni;kg___;104332;112016;160501;1.074;141085;138828;1.001;1286517.78
jpamz;edurv;qyblx;;kcsh_;gnoit;wf___;104332;112016;160501;1.074;143969;141556;1.001;1286523.51
qudpj;ralem;vzxyb;;khtg_;cnosi;wf___;104332;112016;160501;1.074;141468.5;142041;1;1286537.39
qpumj;rlead;xvbyz;;kfth_;csnoi;wg___;104332;112016;160501;1.074;142739.5;142240;1;1286538.98
jpdmx;eaurv;yzblq;;whtf_;csoni;kg___;104332;112016;160501;1.074;142492;142436.5;1;1286539.64
qudpj;relam;xbvyz;;whtc_;fonsi;kg___;104332;112016;160501;1.074;141667.5;136635.5;1.003;1286551.24
qulpz;radey;jvbmx;;kcth_;ginso;wf___;104332;112016;160501;1.074;142281;139455.5;1.001;1286566.99
qpumj;rleay;xvbdz;;kfth_;csnoi;wg___;104332;112016;160501;1.074;142764.5;142240;1;1286567.24
qudpj;ralem;vxzyb;;khtg_;cnosi;wf___;104332;112016;160501;1.074;141511.5;142041;1;1286574.27
qmdpx;erlay;vzjub;;kfth_;csoni;wg___;104332;112016;160501;1.074;140390;142345;1;1286581.7
jmdpq;raley;vzxub;;kcth_;gsnoi;wf___;104332;112016;160501;1.074;143178.5;138895.5;1.002;1286582.03
xylpj;darem;vbquz;;whtc_;fsoni;kg___;104332;112016;160501;1.074;142319.5;139724.5;1.001;1286592.65
jpdmq;erlav;yzbux;;whtf_;consi;kg___;104332;112016;160501;1.074;140718;139003;1;1286593.02
jbdux;larem;vyqpz;;khtf_;consi;wg___;104332;112016;160501;1.074;142306;139465.5;1.001;1286608.09
zmdpx;alrey;qbvuj;;whtc_;fnosi;kg___;104332;112016;160501;1.074;139873;141507;1;1286610.27
jvdmx;eaurp;zyblq;;kcsh_;gnoit;wf___;104332;112016;160501;1.074;144283;141556;1.001;1286616.92
jmapz;rueld;xvbyq;;kfth_;csnio;wg___;104332;112016;160501;1.074;143540;142443;1;1286618.09
qudbj;larem;xyvpz;;whtc_;fonsi;kg___;104332;112016;160501;1.074;140692;136635.5;1.002;1286619.59
qmdyz;erlap;xvbuj;;khtc_;fsoni;wg___;104332;112016;160501;1.074;142283.5;139668;1.001;1286628.45
qudpj;larem;vxbyz;;khtg_;cnosi;wf___;104332;112016;160501;1.074;141574.5;142041;1;1286629.19
qmdpx;alrey;bzvuj;;whtc_;fnosi;kg___;104332;112016;160501;1.074;139415;141507;1;1286635.77
qmdux;larey;vbjpz;;khtf_;consi;wg___;104332;112016;160501;1.074;142565.5;139465.5;1.001;1286648.51
jmdpq;raleu;vzxyb;;kcth_;gsnoi;wf___;104332;112016;160501;1.074;143218.5;138895.5;1.002;1286667.84
jvdpx;erlam;yzbuq;;whtf_;cosni;kg___;104332;112016;160501;1.074;140742;139921.5;1;1286677.23
jpdmq;eaurv;yzblx;;wfth_;csoni;kg___;104332;112016;160501;1.074;142794.5;141515;1;1286685.82
xpdmz;larey;bvquj;;kgth_;csoni;wf___;104332;112016;160501;1.074;142530;141309.5;1;1286696.43
jpdmx;eaury;qzblv;;whtf_;csnoi;kg___;104332;112016;160501;1.074;144443.5;143033.5;1;1286712.25
xyupj;realm;bqzdv;;wcth_;fnosi;kg___;104332;112016;160501;1.074;142577;141870.5;1;1286715.31
jdlyz;arpem;bqvux;;khtf_;consi;wg___;104332;112016;160501;1.074;139085.5;139465.5;1;1286716.96
qpdmj;erlay;vbzux;;wfth_;csoni;kg___;104332;112016;160501;1.074;140207;141515;1;1286718.41
qpumj;rlead;xvbyz;;kfth_;csnio;wg___;104332;112016;160501;1.074;142739.5;142443;1;1286721.4
judpq;ralem;bzxyv;;khtg_;csoni;wf___;104332;112016;160501;1.074;140344;143231;1.001;1286730.86
qydpz;ralem;bvjux;;khtc_;fnosi;wg___;104332;112016;160501;1.074;141550;141410;1;1286738.02
qpumx;aelrd;vzbyj;;kfth_;csoni;wg___;104332;112016;160501;1.074;142501;142345;1;1286739.09
zmdpx;larey;jbvuq;;whtc_;gnosi;kf___;104332;112016;160501;1.074;141821.5;138957;1.001;1286749.96
qdlpj;aruem;xvbyz;;kgth_;csoni;wf___;104332;112016;160501;1.074;143373;141309.5;1;1286758.67
jvdmx;eaurp;zyblq;;khsc_;gnoit;wf___;104332;112016;160501;1.074;144283;141986.5;1.001;1286766.21
zmapj;rldey;bvxuq;;whtc_;fnosi;kg___;104332;112016;160501;1.074;140685;141507;1;1286796.85
judpz;ralem;bqxyv;;khtg_;csoni;wf___;104332;112016;160501;1.074;140961;143231;1.001;1286799.39
qpumx;aelrd;vzbyj;;whtf_;consi;kg___;104332;112016;160501;1.074;142501;139003;1.001;1286807.46
zpumj;aderb;vyxlq;;kcth_;gnosi;wf___;104332;112016;160501;1.074;143988.5;139533.5;1.002;1286810.76
zmrpx;aldeu;jvqby;;khtc_;fsoni;wg___;104332;112016;160501;1.074;141411;139668;1;1286829.64
jpdmq;erlav;zybux;;whtf_;consi;kg___;104332;112016;160501;1.074;140879.5;139003;1;1286831.77
qudpj;ralem;xzbyv;;kgth_;csoni;wf___;104332;112016;160501;1.074;142389;141309.5;1;1286834.42
jpdmx;ealry;vqzub;;khtf_;csoni;wg___;104332;112016;160501;1.074;142351.5;142939.5;1;1286847.91
julpq;radem;vzxyb;;khtf_;csoni;wg___;104332;112016;160501;1.074;141631;142939.5;1;1286858.37
jmdpq;erlay;vbzux;;whtf_;csoni;kg___;104332;112016;160501;1.074;139022.5;142436.5;1.001;1286863.3
qudpj;rlaem;bxzyv;;kgth_;csoni;wf___;104332;112016;160501;1.074;142415;141309.5;1;1286867.74
jvdpx;arlem;yzbuq;;whtc_;fosni;kg___;104332;112016;160501;1.074;141389;137471;1.002;1286870.77
jvdmq;eaurp;xyblz;;kcsh_;gnoit;wf___;104332;112016;160501;1.074;144111.5;141556;1.001;1286884.74
qmdpx;alrey;vbzuj;;whtc_;fnosi;kg___;104332;112016;160501;1.074;139913.5;141507;1;1286888.97
zmdpx;alrey;jqvub;;whtc_;fnosi;kg___;104332;112016;160501;1.074;140359;141507;1;1286917.4
zpumj;adery;vbxlq;;kcth_;fniso;wg___;104332;112016;160501;1.074;144168.5;144333;1;1286920.6
jplmq;eaurv;xybdz;;kcsh_;gnoit;wf___;104332;112016;160501;1.074;142097.5;141556;1;1286926.91
jydpx;elram;vbquz;;whtf_;cosni;kg___;104332;112016;160501;1.074;142698;139921.5;1.001;1286931.53
qmdyz;erlap;xvbuj;;khtf_;cosni;wg___;104332;112016;160501;1.074;142283.5;140424.5;1;1286934.35
jpdyq;erlam;vbzux;;wfth_;csoni;kg___;104332;112016;160501;1.074;141589;141515;1;1286959.7
jprmx;edlav;yzbuq;;whtf_;cosni;kg___;104332;112016;160501;1.074;140969.5;139921.5;1;1286960.62
jpdmx;ealry;bvzuq;;whtg_;cnosi;kf___;104332;112016;160501;1.074;142066.5;141564.5;1;1286963.12
xmedq;rulap;bzvyj;;kfoc_;htsin;wg___;104332;112016;160501;1.074;143520;141673.5;1;1286965.27
judpz;ralem;vqxyb;;khtg_;csnoi;wf___;104332;112016;160501;1.074;141744.5;143059.5;1;1286965.97
zpdmx;ealry;bvjuq;;khtg_;cnosi;wf___;104332;112016;160501;1.074;141829;142041;1;1286968.25
qudpj;relam;bxvyz;;whtc_;fnosi;kg___;104332;112016;160501;1.074;140594;141507;1;1286982.03
jmdpx;erlav;yzbuq;;wfth_;cosni;kg___;104332;112016;160501;1.074;138554.5;141411;1.001;1286983.39
jpdmz;eaurv;yxblq;;wfth_;csoni;kg___;104332;112016;160501;1.074;143105.5;141515;1;1286983.76
zmdpx;lraey;jvqub;;kgth_;csoni;wf___;104332;112016;160501;1.074;142422.5;141309.5;1;1286984.15
jmdyz;erlap;xvbuq;;khtf_;csoni;wg___;104332;112016;160501;1.074;142010;142939.5;1;1287000.26
zpdmx;erlay;vjqub;;wfth_;csnoi;kg___;104332;112016;160501;1.074;141220.5;140895;1;1287008.49
jpdyq;rlaem;bxvuz;;whtc_;fnosi;kg___;104332;112016;160501;1.074;141646.5;141507;1;1287011
zmdux;larey;vbjpq;;khtf_;consi;wg___;104332;112016;160501;1.074;142897.5;139465.5;1.001;1287011.41
zmdpx;rlaey;jbvuq;;whtc_;gsoni;kf___;104332;112016;160501;1.074;141993.5;138635.5;1.001;1287015.77
zydpx;ralem;vbjuq;;whtc_;fnosi;kg___;104332;112016;160501;1.074;140499.5;141507;1;1287018.09
jmdpx;erlav;zybuq;;wfth_;cosni;kg___;104332;112016;160501;1.074;138716;141411;1.001;1287022.74
jpdmx;ealry;vzqub;;khtf_;csoni;wg___;104332;112016;160501;1.074;142558;142939.5;1;1287028.93
zpuyj;learm;vqbdx;;khtg_;cnsoi;wf___;104332;112016;160501;1.074;142871;142887;1;1287030.28
jmlyz;arped;bqvux;;khtf_;consi;wg___;104332;112016;160501;1.074;139426.5;139465.5;1;1287038.95
qudpj;realm;bxvyz;;whtc_;fsoni;kg___;104332;112016;160501;1.074;141912;139724.5;1;1287039.45
qmupx;lread;jvbyz;;kfth_;consi;wg___;104332;112016;160501;1.074;143083;141896;1;1287049.09
zdupj;ralem;vbqyx;;kgth_;cisno;wf___;104332;112016;160501;1.074;141974;143510;1;1287057.44
jpdmx;ealrv;yzbuq;;whtc_;gsnoi;kf___;104332;112016;160501;1.074;141064;139906;1;1287071.56
zydpj;ralem;bvqux;;whtc_;fnosi;kg___;104332;112016;160501;1.074;141028;141507;1;1287081.69
jmapz;rledy;vxbuq;;whtc_;fnosi;kg___;104332;112016;160501;1.074;141834;141507;1;1287082
zydpx;ralev;mbjuq;;whtc_;fonsi;kg___;104332;112016;160501;1.074;139297;136635.5;1.001;1287082.59
quapj;rdelm;bvxyz;;kfth_;csnio;wg___;104332;112016;160501;1.074;141577;142443;1;1287102.05
xylpj;darem;vbzuq;;wcth_;fsnoi;kg___;104332;112016;160501;1.074;142658;139216;1.001;1287106.7
qplyj;adrem;bxvuz;;whtc_;fnosi;kg___;104332;112016;160501;1.074;140758;141507;1;1287110.38
xpamz;edurv;qyblj;;kcsh_;gnoit;wf___;104332;112016;160501;1.074;143884;141556;1.001;1287111.67
jpdmq;erlay;vzxub;;kgth_;csoni;wf___;104332;112016;160501;1.074;143255;141309.5;1;1287120.42
qudpj;ralem;xzvyb;;khtc_;gnosi;wf___;104332;112016;160501;1.074;142997;138864;1.002;1287121.05
qmupx;rlead;jvbyz;;kfth_;gsnoi;wc___;104332;112016;160501;1.074;141675;143245.5;1;1287126.71
qpdmj;arley;vbzux;;wfth_;csoni;kg___;104332;112016;160501;1.074;140777.5;141515;1;1287135.64
qmdpx;alrey;jbvuz;;whtc_;fnosi;kg___;104332;112016;160501;1.074;140310;141507;1;1287139.06
zpdmx;erlay;vbjuq;;wfth_;gsoni;kc___;104332;112016;160501;1.074;139574;141946.5;1.001;1287142.91
qudpj;ralem;xzbyv;;kcth_;gions;wf___;104332;112016;160501;1.074;142389;141711.5;1;1287145.09
jpumq;erald;yzbvx;;whtf_;cisno;kg___;104332;112016;160501;1.074;141327.5;140766.5;1;1287157.39
zmapj;rledy;xvbuq;;whtc_;gisno;kf___;104332;112016;160501;1.074;142196.5;139478;1.001;1287168.33
jblux;darem;vyqpz;;khtf_;consi;wg___;104332;112016;160501;1.074;142623;139465.5;1.001;1287176.51
xylpj;darem;vbzuq;;whtc_;fsoni;kg___;104332;112016;160501;1.074;142658;139724.5;1.001;1287177.74
qudpj;ralem;xzbyv;;kcth_;gsoin;wf___;104332;112016;160501;1.074;142389;141766;1;1287190.46
xmedq;rulap;zbvyj;;kgnc_;htsio;wf___;104332;112016;160501;1.074;143844;140859;1.001;1287192.29
qpdmj;erlay;bvzux;;khtf_;csoni;wg___;104332;112016;160501;1.074;140484;142939.5;1.001;1287195.03
judpz;ralem;vqxyb;;khtg_;csoni;wf___;104332;112016;160501;1.074;141744.5;143231;1;1287199.04
judyq;ralem;vzxpb;;khtg_;cnosi;wf___;104332;112016;160501;1.074;142987.5;142041;1;1287211.05
jmdpq;raley;vzxub;;kcth_;gions;wf___;104332;112016;160501;1.074;143178.5;141711.5;1;1287234.05
qdepz;rluam;vxbyj;;khtc_;gisno;wf___;104332;112016;160501;1.074;143403;139425.5;1.002;1287236.09
julyq;radeb;mxzpv;;khtc_;fonsi;wg___;104332;112016;160501;1.074;140983.5;136538.5;1.002;1287237.34
jmdpx;arlev;zybuq;;wfth_;cosni;kg___;104332;112016;160501;1.074;139337.5;141411;1;1287243.49
zpumj;adery;vbxlq;;kcth_;wsoni;gf___;104332;112016;160501;1.074;144168.5;140402.5;1.001;1287244.77
julpq;radem;vzxyb;;khtg_;csoni;wf___;104332;112016;160501;1.074;141631;143231;1;1287258.69
jyupz;learm;bxvdq;;whtc_;fiosn;kg___;104332;112016;160501;1.074;142810;142121;1;1287260.75
zmdpx;rlaey;jvqub;;kgth_;csoni;wf___;104332;112016;160501;1.074;142636.5;141309.5;1;1287265.48
jpdmq;ealry;vbzux;;khtf_;csoni;wg___;104332;112016;160501;1.074;142189.5;142939.5;1;1287268.87
zpdmq;eaurv;bjylx;;whtc_;fions;kg___;104332;112016;160501;1.074;141931;141608;1;1287297.89
jvdmx;eaurp;bzylq;;whtf_;cosni;kg___;104332;112016;160501;1.074;143796.5;139921.5;1.002;1287298.84
jpdmq;eaurv;yzblx;;wgth_;cosni;kf___;104332;112016;160501;1.074;142794.5;142308.5;1;1287299.03
jdupz;ralem;vbqyx;;khtg_;cnsio;wf___;104332;112016;160501;1.074;141599;144295;1.001;1287308.81
zmrpx;aldey;jvqub;;whtc_;fnosi;kg___;104332;112016;160501;1.074;140882.5;141507;1;1287319.34
jpdmq;erlay;vbzux;;whtf_;csoni;kg___;104332;112016;160501;1.074;140607;142436.5;1;1287334.16
qdepz;rluam;vxbyj;;khtc_;gnsio;wf___;104332;112016;160501;1.074;143403;140569.5;1.001;1287334.86
qpdmj;eraly;vbzux;;whtf_;cisno;kg___;104332;112016;160501;1.074;141695.5;140766.5;1;1287346.62
jmdpx;alrey;bkvuq;;zgsh_;ctoni;wf___;104760;110771;161318;1.057;138980;140338;1;1287360.5
zbduj;larem;yqvpx;;khtf_;cosni;wg___;104332;112016;160501;1.074;141736;140424.5;1;1287372.78
judyq;relab;mxvpz;;khtc_;fonsi;wg___;104332;112016;160501;1.074;141045.5;136538.5;1.002;1287375.79
jyupz;realm;xbvdq;;whtc_;fiosn;kg___;104332;112016;160501;1.074;142908;142121;1;1287377.2
jpdmq;eraly;vbzux;;whtf_;cisno;kg___;104332;112016;160501;1.074;142408.5;140766.5;1;1287380.19
qpdmj;erlay;vbxuz;;wfth_;csoni;kg___;104332;112016;160501;1.074;141069;141515;1;1287382.24
jpdmq;ealry;xzbuv;;khtf_;csoni;wg___;104332;112016;160501;1.074;142330.5;142939.5;1;1287385.39
zmdpq;erlav;yxjub;;khtf_;cosni;wg___;104332;112016;160501;1.074;140685;140424.5;1;1287391.61
zpumj;aderb;vxylq;;kcth_;gnosi;wf___;104332;112016;160501;1.074;144251.5;139533.5;1.002;1287391.93
xyupq;relam;bjvdz;;khtc_;fosin;wg___;104332;112016;160501;1.074;143493;142429.5;1;1287400.78
qmrpz;eldau;jvxyb;;khtc_;gsoni;wf___;104332;112016;160501;1.074;142736.5;138583;1.002;1287401.66
qprmj;edlay;vbzux;;wfth_;csoni;kg___;104332;112016;160501;1.074;141091;141515;1;1287401.75
judyq;raleb;mxzpv;;khtc_;fonsi;wg___;104332;112016;160501;1.074;141059.5;136538.5;1.002;1287407.21
jdrpq;ualem;vbzyx;;khtf_;gsoni;wc___;104332;112016;160501;1.074;142650.5;143941.5;1;1287413.09
qldpj;aruem;zvbyx;;kgth_;csoni;wf___;104332;112016;160501;1.074;145343.5;141309.5;1.002;1287417.48
jdupz;ralem;vxqyb;;kcth_;gosni;wf___;104332;112016;160501;1.074;144353;141645;1.001;1287420.59
qudpj;rlaem;xbvyz;;kgth_;csoni;wf___;104332;112016;160501;1.074;142837.5;141309.5;1;1287433.71
juapz;rledm;bvxyq;;kfth_;csoni;wg___;104332;112016;160501;1.074;143081;142345;1;1287435.33
jdepq;rluam;vxzyb;;khtc_;gniso;wf___;104332;112016;160501;1.074;144305;141562;1.001;1287442.92
zmdpx;rlaey;jbvuq;;whtc_;fonsi;kg___;104332;112016;160501;1.074;141993.5;136635.5;1.003;1287449.55
qpduj;ralem;xzvyb;;khtg_;cnosi;wf___;104332;112016;160501;1.074;142413;142041;1;1287457.41
qpdmj;erlay;vzxub;;kgth_;csoni;wf___;104332;112016;160501;1.074;142855;141309.5;1;1287458.14
jpdmz;eaurv;qyxlb;;kcsh_;gnoit;wf___;104332;112016;160501;1.074;144523;141556;1.001;1287460.22
qmrpj;adley;vzxub;;kcth_;fnosi;wg___;104332;112016;160501;1.074;142377;142090;1;1287463.26
qmdpz;rlaey;jvbux;;kgth_;csoni;wf___;104332;112016;160501;1.074;142261.5;141309.5;1;1287463.35
qulpj;redam;bxvyz;;whtc_;fnosi;kg___;104332;112016;160501;1.074;141175;141507;1;1287468.74
xpdmj;eaurv;yzblq;;whtf_;csoni;kg___;104332;112016;160501;1.074;143019;142436.5;1;1287471.56
qbdux;larem;vyjpz;;khtf_;consi;wg___;104332;112016;160501;1.074;141730.5;139465.5;1.001;1287480.13
qpdmj;arley;vzxub;;kgth_;csoni;wf___;104332;112016;160501;1.074;142873;141309.5;1;1287483.36
jpumz;elard;qvbyx;;whtf_;csoni;kg___;104332;112016;160501;1.074;142766;142436.5;1;1287485.53
jbduq;rlaem;xvypz;;wcth_;fsoni;kg___;104332;112016;160501;1.074;141558;138828;1.001;1287493.09
qudpj;larem;vxzyb;;khtg_;cnosi;wf___;104332;112016;160501;1.074;142445.5;142041;1;1287493.13
xmdpz;larey;bvquj;;kgsh_;ctoni;wf___;104332;112016;160501;1.074;141599;142983.5;1;1287493.6
zmrpx;aldey;vqjub;;whtc_;fnosi;kg___;104332;112016;160501;1.074;141084.5;141507;1;1287493.84
jpumq;elarv;yzbdx;;khtc_;foins;wg___;104332;112016;160501;1.074;140580;142949.5;1.001;1287496.17
judpq;raley;vzbmx;;kgth_;csnoi;wf___;104332;112016;160501;1.074;141952;143264.5;1;1287504.83
jpuyq;alerd;zvbmx;;kgnc_;htsoi;wf___;104332;112016;160501;1.074;143874.5;142923.5;1;1287522.24
qpduj;larem;xbzyv;;kgth_;csoni;wf___;104332;112016;160501;1.074;142907;141309.5;1;1287531.22
jpdmx;early;bvzuq;;whtg_;csoni;kf___;104332;112016;160501;1.074;141289;142714;1;1287564.62
zpumx;ealrv;yjqdb;;whtc_;finso;kg___;104332;112016;160501;1.074;141663.5;137480.5;1.002;1287568.08
qudbj;larem;xyvpz;;whtc_;fsoni;kg___;104332;112016;160501;1.074;140692;139724.5;1;1287569.95
jpamz;edurv;qyblx;;kcsh_;gtoin;wf___;104332;112016;160501;1.074;143969;143293.5;1;1287571.22
xylpj;darem;vbquz;;whtc_;fnosi;kg___;104332;112016;160501;1.074;142319.5;141507;1;1287573.39
qudpj;ralem;xvzyb;;khtg_;cnosi;wf___;104332;112016;160501;1.074;142521.5;142041;1;1287577.72
qmapj;rdelu;bvxyz;;kfth_;csnio;wg___;104332;112016;160501;1.074;142148;142443;1;1287587.84
jmdpx;erlab;yzvuq;;whtf_;cosni;kg___;104332;112016;160501;1.074;141697.5;139921.5;1;1287590.93
xpdmz;lraey;bvquj;;kgth_;csoni;wf___;104332;112016;160501;1.074;143178.5;141309.5;1;1287603.26
jpdmx;erlav;yzbuq;;wfth_;cosni;kg___;104332;112016;160501;1.074;140024.5;141411;1;1287613.17
jpuyq;areld;xvbmz;;kgnc_;htsoi;wf___;104332;112016;160501;1.074;143960;142923.5;1;1287629.17
xmdpv;alrey;bzquj;;kcsh_;gtoni;wf___;104332;112016;160501;1.074;139933;141540.5;1;1287629.21
jmrpx;edlav;yzbuq;;wfth_;cosni;kg___;104332;112016;160501;1.074;140054.5;141411;1;1287632.27
judbq;larem;zyvpx;;whtc_;fsnoi;kg___;104332;112016;160501;1.074;140492;140995;1;1287632.51
qudbj;larem;zyvpx;;whtc_;fsoni;kg___;104332;112016;160501;1.074;140750.5;139724.5;1;1287643.84
zplyj;edram;xvbuq;;whtc_;fsnoi;kg___;104332;112016;160501;1.074;142009;140995;1;1287654.18
qvduj;ralem;byzpx;;khtc_;fnosi;wg___;104332;112016;160501;1.074;140534;141410;1;1287655.3
qudyj;ralem;vzbpx;;khtg_;cnosi;wf___;104332;112016;160501;1.074;142591.5;142041;1;1287656.93
qpdyj;ralem;bxvuz;;whtc_;fnosi;kg___;104332;112016;160501;1.074;141388;141507;1;1287669.32
xylpj;darem;vbzuq;;whtc_;fsnoi;kg___;104332;112016;160501;1.074;142658;140995;1;1287673.12
judyz;rlaep;bvxmq;;khtg_;cnosi;wf___;104332;112016;160501;1.074;143445;142041;1;1287678.05
qmdpx;alrey;zbvuj;;whtc_;fnosi;kg___;104332;112016;160501;1.074;141015;141507;1;1287688.1
qudpj;leram;vxzyb;;khtg_;cnosi;wf___;104332;112016;160501;1.074;142623.5;142041;1;1287693.56
jpumz;elard;vqbyx;;whtg_;csoni;kf___;104332;112016;160501;1.074;142714;142714;1;1287697.25
qpluj;rdeam;xvbyz;;kfth_;csnio;wg___;104332;112016;160501;1.074;142268;142443;1;1287700.65
zpuyq;relam;bvxdj;;khtc_;giosn;wf___;104332;112016;160501;1.074;143347;141906.5;1;1287708.55
zmapj;rledy;vbxuq;;whtc_;fnosi;kg___;104332;112016;160501;1.074;141683;141507;1;1287710.98
qpamz;rdelu;xvbyj;;kfth_;csnio;wg___;104332;112016;160501;1.074;141335;142443;1;1287711.75
qpumx;ealrd;vzbyj;;whtf_;csoni;kg___;104332;112016;160501;1.074;141484;142436.5;1;1287713.96
zmdpj;rlaey;xbvuq;;whtf_;consi;kg___;104332;112016;160501;1.074;142537;139003;1.001;1287718.48
xylpj;radem;vbzuq;;whtc_;fsoni;kg___;104332;112016;160501;1.074;142956.5;139724.5;1.001;1287718.79
judpq;relam;vzxyb;;khtg_;csoni;wf___;104332;112016;160501;1.074;142338.5;143231;1;1287739
xmapz;rueld;bvjyq;;kcoh_;gnsit;wf___;104332;112016;160501;1.074;141693.5;144099;1.001;1287741.14
qldpj;aruem;xvbyz;;kgth_;csoni;wf___;104332;112016;160501;1.074;145501.5;141309.5;1.002;1287742.8
qudpj;ralem;bzxyv;;khtg_;csoni;wf___;104332;112016;160501;1.074;140685;143231;1.001;1287744.41
zmdpj;raley;xbvuq;;whtc_;fnosi;kg___;104332;112016;160501;1.074;141716.5;141507;1;1287746.15
zpdlq;eaurv;xybmj;;kcsh_;gnoit;wf___;104332;112016;160501;1.074;143663.5;141556;1;1287748.74
jpumz;elard;qvbyx;;whtg_;csoni;kf___;104332;112016;160501;1.074;142766;142714;1;1287749.59
zlupj;radem;vbqyx;;kgth_;cisno;wf___;104332;112016;160501;1.074;145386;143510;1;1287751.64
jvdmx;erlap;yzbuq;;whtf_;cosni;kg___;104332;112016;160501;1.074;141557;139921.5;1;1287755.49
jpumx;ealrv;byzdq;;whtf_;csoni;kg___;104332;112016;160501;1.074;140192.5;142436.5;1.001;1287755.62
judbq;ralem;zvxpy;;khtg_;cnosi;wf___;104332;112016;160501;1.074;141322.5;142041;1;1287755.82
qprmx;edlay;vbzuj;;wfth_;csoni;kg___;104332;112016;160501;1.074;141090.5;141515;1;1287763.56
jpdvx;euarm;bzylq;;khtg_;csnoi;wf___;104332;112016;160501;1.074;144589;143059.5;1;1287766.8
jblyz;ardem;pqvux;;khtf_;cinso;wg___;104332;112016;160501;1.074;140010;140310.5;1;1287770.36
qylpj;radem;vbzux;;whtc_;fsoni;kg___;104332;112016;160501;1.074;142362;139724.5;1.001;1287775.74
qvdpj;arlem;byzux;;khtc_;fnosi;wg___;104332;112016;160501;1.074;140690.5;141410;1;1287779.1
judpq;rlaem;xbvyz;;whtc_;fnosi;kg___;104332;112016;160501;1.074;142334;141507;1;1287783.96
xmapz;rueld;bjqyv;;kcsh_;fiont;wg___;104332;112016;160501;1.074;143243;143335.5;1;1287786.57
qydpj;ralem;vbzux;;whtc_;fnosi;kg___;104332;112016;160501;1.074;141533;141507;1;1287812.59
qpduj;ralem;vzxyb;;khtg_;csoni;wf___;104332;112016;160501;1.074;140884.5;143231;1.001;1287815.15
qpumx;aelrd;vzbyj;;wfth_;csoni;kg___;104332;112016;160501;1.074;142501;141515;1;1287817.77
jpdmx;ealry;bvzuq;;whtf_;csoni;kg___;104332;112016;160501;1.074;142066.5;142436.5;1;1287820.22
qpluj;rdeam;xbvyz;;kfth_;csnio;wg___;104332;112016;160501;1.074;142395.5;142443;1;1287824.54
judbx;larem;yvqpz;;kfth_;consi;wg___;104332;112016;160501;1.074;142152.5;141896;1;1287827.42
zmrpx;aldey;jbvuq;;whtc_;fnosi;kg___;104332;112016;160501;1.074;141442;141507;1;1287828.79
jmdpq;erlay;vbzux;;whtf_;gonsi;kc___;104332;112016;160501;1.074;139022.5;142926;1.002;1287829.32
qpuyj;lream;zvxdb;;khtg_;cnosi;wf___;104332;112016;160501;1.074;143846.5;142041;1;1287831.2
zpdvx;erlam;yjbuq;;whtf_;cosni;kg___;104332;112016;160501;1.074;140382;139921.5;1;1287836.15
jbdpx;alrem;vyquz;;khtf_;consi;wg___;104332;112016;160501;1.074;142979.5;139465.5;1.001;1287847.57
qylpj;radem;vbzux;;whtc_;fosni;kg___;104332;112016;160501;1.074;142362;137471;1.003;1287853.56
qpumx;aelrd;vzbyj;;whtg_;cnosi;kf___;104332;112016;160501;1.074;142501;141564.5;1;1287854.96
xpdmq;larey;bvzuj;;kgth_;csoni;wf___;104332;112016;160501;1.074;143262;141309.5;1;1287855.71
judyq;ralem;bzxpv;;khtg_;csoni;wf___;104332;112016;160501;1.074;142491;143231;1;1287859.71
jydpx;ralem;vzqub;;khtg_;csoni;wf___;104332;112016;160501;1.074;143123.5;143231;1;1287868.95
qmdpj;raley;bvzux;;khtg_;csoni;wf___;104332;112016;160501;1.074;141020.5;143231;1;1287869.66
zpdmj;eaurv;yxblq;;wfth_;csoni;kg___;104332;112016;160501;1.074;143175.5;141515;1;1287872.98
jpdmx;ealry;qzbuv;;whtf_;csnoi;kg___;104332;112016;160501;1.074;141016.5;143033.5;1;1287876.38
qpuyj;rleam;bvxdz;;khtg_;fnosi;wc___;104332;112016;160501;1.074;140591.5;144129.5;1.001;1287876.84
qudpj;realm;bxzyv;;whtc_;fonsi;kg___;104332;112016;160501;1.074;142208.5;136635.5;1.003;1287880.28
jdluz;arpem;bqvyx;;khtf_;consi;wg___;104332;112016;160501;1.074;140201.5;139465.5;1;1287885.48
jpdmq;ealru;yzbvx;;khtc_;fsnoi;wg___;104332;112016;160501;1.074;141730.5;141453.5;1;1287887.63
jmdpq;raley;vzxub;;kcth_;ginos;wf___;104332;112016;160501;1.074;143178.5;142614.5;1;1287901.53
jpdyq;rlaem;vbxuz;;wcth_;fonis;kg___;104332;112016;160501;1.074;141318;142539.5;1;1287904.9
zmapj;rledy;vxbuq;;whtc_;fnosi;kg___;104332;112016;160501;1.074;141878;141507;1;1287919.71
zudyq;ralem;vjxpb;;khtg_;cnosi;wf___;104332;112016;160501;1.074;142229;142041;1;1287922.26
jpdmx;earlv;yzbuq;;wfth_;csoni;kg___;104332;112016;160501;1.074;140286.5;141515;1;1287924.24
zpdlx;eaurv;qybmj;;kcsh_;gnoit;wf___;104332;112016;160501;1.074;144123.5;141556;1.001;1287929.56
jpdmx;eaurv;zyblq;;kcsh_;gonit;wf___;104332;112016;160501;1.074;142548.5;144874;1.001;1287931.49
zmdpx;larey;bqvuj;;kgsh_;ctoni;wf___;104332;112016;160501;1.074;141625.5;142983.5;1;1287938.27
xmrpz;adleu;jvqyb;;khtg_;csoni;wf___;104332;112016;160501;1.074;141773.5;143231;1;1287941.65
jmuvq;arled;byzpx;;kfth_;cosni;wg___;104332;112016;160501;1.074;142462.5;142241;1;1287945.5
zmupj;raled;vbqyx;;khtg_;cnsio;wf___;104332;112016;160501;1.074;140771.5;144295;1.001;1287949.52
qudpj;relam;xbvyz;;whtc_;fnosi;kg___;104332;112016;160501;1.074;141667.5;141507;1;1287950.31
jurpq;dalem;bzxyv;;khtg_;csoni;wf___;104332;112016;160501;1.074;142605.5;143231;1;1287954.3
julpq;rdaem;xbvyz;;whtc_;fnosi;kg___;104332;112016;160501;1.074;142473;141507;1;1287955.02
qpdmj;elrav;yzbux;;khtc_;fions;wg___;104332;112016;160501;1.074;140700.5;141551.5;1;1287957.47
qydpj;ralem;vzbux;;whtc_;gsoni;kf___;104332;112016;160501;1.074;142527.5;138635.5;1.002;1287960.87
juapz;rledm;bvxyq;;khtf_;csoni;wg___;104332;112016;160501;1.074;143081;142939.5;1;1287963.52
zvdpx;erlam;yjbuq;;whtf_;cosni;kg___;104332;112016;160501;1.074;140511.5;139921.5;1;1287983.55
jpamq;ruled;bvzyx;;kgnc_;fosit;wh___;104332;112016;160501;1.074;144369;142632.5;1;1287993.4
zvdmx;eaurp;bjylq;;whtf_;cosni;kg___;104332;112016;160501;1.074;143346;139921.5;1.001;1287998
zmdpj;rlaey;xbvuq;;whtc_;finso;kg___;104332;112016;160501;1.074;142537;137480.5;1.003;1288005.12
zpdyj;lraem;vbxuq;;whtf_;csoni;kg___;104332;112016;160501;1.074;140630.5;142436.5;1;1288008.63
xmdpz;larey;bqvuj;;kgsh_;ctoni;wf___;104332;112016;160501;1.074;142313.5;142983.5;1;1288019.09
jpdmq;eaurv;xyblz;;khoc_;gnsit;wf___;104332;112016;160501;1.074;142680;144529.5;1;1288021.38
jprmx;eaduv;bzylq;;whtf_;csoni;kg___;104332;112016;160501;1.074;143758.5;142436.5;1;1288027.6
qmauz;rdlep;vbjyx;;kfth_;csnio;wg___;104332;112016;160501;1.074;141748.5;142443;1;1288028.83
qudpj;relam;xzbyv;;kgth_;csoni;wf___;104332;112016;160501;1.074;143249;141309.5;1;1288029.26
zplyj;edram;bvxuq;;whtc_;fsnoi;kg___;104332;112016;160501;1.074;142299.5;140995;1;1288031.96
qpdmj;alrey;vzxub;;kgth_;csoni;wf___;104332;112016;160501;1.074;143255.5;141309.5;1;1288039.01
zylpj;adrem;qvbux;;whtc_;gosni;kf___;104332;112016;160501;1.074;142684;139548;1.001;1288048
jbdpz;alrem;vyqux;;khtf_;consi;wg___;104332;112016;160501;1.074;142861;139465.5;1.001;1288048.78
jmapz;rueld;bqxyv;;kcsh_;fiont;wg___;104332;112016;160501;1.074;144150.5;143335.5;1;1288051.78
jyupq;realm;bxvdz;;khtc_;fison;wg___;104332;112016;160501;1.074;140984.5;144685.5;1.001;1288051.83
xpumq;ealrv;yjbdz;;whtc_;fions;kg___;104332;112016;160501;1.074;140557.5;141608;1;1288056.37
xylpj;adrem;zvbuq;;khtc_;fsnoi;wg___;104332;112016;160501;1.074;143936;141453.5;1.001;1288057.46
zpumj;aderb;vyxlq;;kfth_;gsoni;wc___;104332;112016;160501;1.074;143988.5;143350.5;1;1288063.28
qmapz;rdleu;vbjyx;;kfth_;csnio;wg___;104332;112016;160501;1.074;141792;142443;1;1288064.8
xulbj;darem;vqypz;;khtf_;consi;wg___;104332;112016;160501;1.074;142907;139465.5;1.001;1288071.06
jylpq;aerum;zxbdv;;khtc_;fsnio;wg___;104332;112016;160501;1.074;144646.5;140042.5;1.002;1288074.59
qbduj;larem;zyvpx;;whtc_;fosni;kg___;104332;112016;160501;1.074;141436;137471;1.002;1288074.73
qudpj;ralem;vzxyb;;khtg_;csoni;wf___;104332;112016;160501;1.074;141468.5;143231;1;1288084.93
jpdvx;eaurm;yzblq;;whtf_;csoni;kg___;104332;112016;160501;1.074;143802;142436.5;1;1288085.95
zpdmj;eralv;yqbux;;whtf_;consi;kg___;104332;112016;160501;1.074;141271.5;139003;1.001;1288102.59
jmlyz;arped;bqxuv;;khtf_;consi;wg___;104332;112016;160501;1.074;140381.5;139465.5;1;1288104.87
qudpj;ralem;vxzyb;;khtg_;csoni;wf___;104332;112016;160501;1.074;141511.5;143231;1;1288108.45
zdrpq;aluem;vxbyj;;khtc_;gnsio;wf___;104332;112016;160501;1.074;143903;140569.5;1.001;1288108.59
qmdpj;raley;vbxuz;;kcth_;gsoni;fw___;104332;112016;160501;1.074;140924.5;140824;1;1288108.81
jyupq;reald;bxvmz;;khtc_;fison;wg___;104332;112016;160501;1.074;140274.5;144685.5;1.002;1288110.13
jmupz;raeld;vbqyx;;khtg_;cnsio;wf___;104332;112016;160501;1.074;143189.5;144295;1;1288120.53
zpamq;rdelu;xvbyj;;kfth_;csnio;wg___;104332;112016;160501;1.074;142006;142443;1;1288121.15
xmrpz;aldeu;jvqyb;;khtg_;csoni;wf___;104332;112016;160501;1.074;142046;143231;1;1288121.26
zpdyj;rlaem;vbxuq;;whtf_;csoni;kg___;104332;112016;160501;1.074;140836;142436.5;1;1288122.09
jmapz;rdelu;xvbyq;;kfth_;csnio;wg___;104332;112016;160501;1.074;143578.5;142443;1;1288125.68
qpumj;ealrd;vzxyb;;whtf_;consi;kg___;104332;112016;160501;1.074;143326;139003;1.002;1288128.08
xmrpz;aldey;jbvuq;;whtc_;fnosi;kg___;104332;112016;160501;1.074;142123;141507;1;1288130.57
jpdmx;erlav;bzyuq;;khtf_;csoni;wg___;104332;112016;160501;1.074;139338.5;142939.5;1.001;1288133.72
jpdmx;ealry;bvzuq;;whtg_;csoni;kf___;104332;112016;160501;1.074;142066.5;142714;1;1288133.76
jvdpx;erlam;yzbuq;;wfth_;cosni;kg___;104332;112016;160501;1.074;140742;141411;1;1288136.46
qudpj;ralem;xzvyb;;khtg_;cnosi;wf___;104332;112016;160501;1.074;142997;142041;1;1288140.44
qulpj;rdaem;xvbyz;;kfth_;csnio;wg___;104332;112016;160501;1.074;142704.5;142443;1;1288141.93
jpdmx;erlav;ybzuq;;khtf_;csoni;wg___;104332;112016;160501;1.074;138963.5;142939.5;1.002;1288145.38
zmdpj;raley;xbquv;;whtc_;fnosi;kg___;104332;112016;160501;1.074;142080.5;141507;1;1288146.81
zmapj;rldey;xvbuq;;whtc_;fnosi;kg___;104332;112016;160501;1.074;142082.5;141507;1;1288149.11
jvdpx;elram;yzbuq;;wfth_;cosni;kg___;104332;112016;160501;1.074;140759;141411;1;1288150.52
jpdmx;aeurv;ybqlz;;whtf_;csoni;kg___;104332;112016;160501;1.074;143855;142436.5;1;1288157.69
zudpj;ralem;vqxyb;;khtg_;csoni;wf___;104332;112016;160501;1.074;142008.5;143231;1;1288160.64
jpdvx;eaurm;zyblq;;whtf_;csoni;kg___;104332;112016;160501;1.074;143858.5;142436.5;1;1288162.45
jpdmx;eaury;vzblq;;whtf_;csnoi;kg___;104332;112016;160501;1.074;145425.5;143033.5;1.001;1288164.17
qudpj;ralem;bxvyz;;khtw_;cnosi;gf___;104332;112016;160501;1.074;139948;142174;1.001;1288168.81
jplyz;armed;bqvux;;khtf_;consi;wg___;104332;112016;160501;1.074;139955.5;139465.5;1;1288169.8
xylpj;radem;vbzuq;;whtc_;fosni;kg___;104332;112016;160501;1.074;142956.5;137471;1.003;1288172.17
jpumq;earld;yzbvx;;khtf_;csoni;wg___;104332;112016;160501;1.074;141846.5;142939.5;1;1288174.69
qmdyj;erlap;xvbuz;;khtf_;csoni;wg___;104332;112016;160501;1.074;142178;142939.5;1;1288177.15
qmduj;larey;vzxpb;;khtc_;fsoni;wg___;104332;112016;160501;1.074;143544.5;139668;1.002;1288178.36
jpdmx;elrav;ybquz;;khtf_;csoni;wg___;104332;112016;160501;1.074;139821;142939.5;1.001;1288178.69
xmrpz;aldeu;jvybq;;kfth_;csoni;wg___;104332;112016;160501;1.074;140456.5;142345;1;1288189.51
jpuyq;relam;vbxdz;;khsg_;cnoit;wf___;104332;112016;160501;1.074;142481.5;144557.5;1;1288195.85
jpdmx;erlav;ybquz;;khtf_;csoni;wg___;104332;112016;160501;1.074;138598;142939.5;1.002;1288196.58
juapz;rledy;bvxmq;;khtg_;csoni;wf___;104332;112016;160501;1.074;143021.5;143231;1;1288198.53
xpdmz;larey;bvquj;;kgsh_;ctoni;wf___;104332;112016;160501;1.074;142530;142983.5;1;1288204.58
jpdmq;ealru;yzbvx;;whtf_;consi;kg___;104332;112016;160501;1.074;141730.5;139003;1.001;1288204.82
jmdpx;erlav;yzbuq;;khtf_;csoni;wg___;104332;112016;160501;1.074;138554.5;142939.5;1.002;1288205.32
jpdmx;ealru;bzvyq;;whtg_;csoni;kf___;104332;112016;160501;1.074;142154;142714;1;1288207.73
jmduz;rlaeb;xvqpy;;kgth_;csoni;wf___;104332;112016;160501;1.074;142517;141309.5;1;1288212.58
qudpj;realm;bxvyz;;whtc_;fnosi;kg___;104332;112016;160501;1.074;141912;141507;1;1288212.6
jpdmx;erlav;yzbuq;;khtf_;csoni;wg___;104332;112016;160501;1.074;140024.5;142939.5;1.001;1288217.63
zmdpx;larey;jbvuq;;whtc_;fnosi;kg___;104332;112016;160501;1.074;141821.5;141507;1;1288220.48
jpdlz;eaurv;xybmq;;wfth_;csoni;kg___;104332;112016;160501;1.074;143923;141515;1.001;1288221.58
zpamj;rueld;bxqyv;;kcsh_;ginot;wf___;104332;112016;160501;1.074;142372;144170;1;1288224.97
jbdux;larey;vmqpz;;khtf_;consi;wg___;104332;112016;160501;1.074;141675;139465.5;1.001;1288226.92
zdupj;ralem;vbqyx;;khtg_;cnsio;wf___;104332;112016;160501;1.074;141974;144295;1.001;1288229.28
jpuyq;raelm;vbxdz;;khtg_;cnois;wf___;104332;112016;160501;1.074;139783.5;144682.5;1.002;1288229.29
jydpz;ralem;xbquv;;whtc_;fnosi;kg___;104332;112016;160501;1.074;142786.5;141507;1;1288231.34
julpq;redam;vzxyb;;khtg_;csoni;wf___;104332;112016;160501;1.074;142921;143231;1;1288232.37
jpdmq;eaurv;zyblx;;kcsh_;wnoit;gf___;104332;112016;160501;1.074;142851;142599;1;1288247.05
qmdpj;raley;vzxub;;kcth_;gsnoi;wf___;104332;112016;160501;1.074;143520.5;138895.5;1.002;1288249.06
qpdyj;rlaem;bzvux;;whtc_;fnosi;kg___;104332;112016;160501;1.074;141948;141507;1;1288252.52
jpdmq;erlay;xvzub;;wfth_;csoni;kg___;104332;112016;160501;1.074;142702.5;141515;1;1288253.89
jbdpz;alrem;vyqux;;khtf_;cosni;wg___;104332;112016;160501;1.074;142861;140424.5;1.001;1288258.48
jpdmq;erlay;vbzux;;whtf_;csnoi;kg___;104332;112016;160501;1.074;140607;143033.5;1.001;1288262.14
jmupx;edarv;qyblz;;kfoc_;gnist;wh___;104332;112016;160501;1.074;144584;143774;1;1288263.77
xmdpz;alreu;jvqyb;;khtg_;csoni;wf___;104332;112016;160501;1.074;142246;143231;1;1288265.53
jdupz;ralem;vxqyb;;kcth_;gsoni;wf___;104332;112016;160501;1.074;144353;137992.5;1.004;1288267.37
xmapz;rueld;bqjyv;;kcsh_;fiont;wg___;104332;112016;160501;1.074;143710.5;143335.5;1;1288270.64
